path,name,probe,freq_hz,amp_V,wind,mooring,N_periods,n_samples,A_LS_mm,A_stokes2_mm,residual_rms_mm
/Users/ole/Kodevik/wave_project/wavedata/20260326-ProbePos4_31_FPV_2-tett6roof-under9Mooring-height100-lowrange/fullpanel-fullwind-amp0200-freq1500-per240-depth580-mstop30-run1.csv,fullpanel-fullwind-amp0200-freq1500-per240-depth580-mstop30-run1.csv,9373/170,1.50000,0.20000,full,below_90_loose230,5,835,14.89718,1.46121,2.20543
/Users/ole/Kodevik/wave_project/wavedata/20260326-ProbePos4_31_FPV_2-tett6roof-under9Mooring-height100-lowrange/fullpanel-fullwind-amp0200-freq1500-per240-depth580-mstop30-run1.csv,fullpanel-fullwind-amp0200-freq1500-per240-depth580-mstop30-run1.csv,9373/170,1.50000,0.20000,full,below_90_loose230,8,1336,15.04277,1.45044,2.60977
/Users/ole/Kodevik/wave_project/wavedata/20260326-ProbePos4_31_FPV_2-tett6roof-under9Mooring-height100-lowrange/fullpanel-fullwind-amp0200-freq1500-per240-depth580-mstop30-run1.csv,fullpanel-fullwind-amp0200-freq1500-per240-depth580-mstop30-run1.csv,9373/170,1.50000,0.20000,full,below_90_loose230,10,1670,15.20575,0.89669,2.76712
/Users/ole/Kodevik/wave_project/wavedata/20260326-ProbePos4_31_FPV_2-tett6roof-under9Mooring-height100-lowrange/fullpanel-fullwind-amp0200-freq1500-per240-depth580-mstop30-run1.csv,fullpanel-fullwind-amp0200-freq1500-per240-depth580-mstop30-run1.csv,9373/170,1.50000,0.20000,full,below_90_loose230,12,2004,15.33443,0.30267,2.98672
/Users/ole/Kodevik/wave_project/wavedata/20260326-ProbePos4_31_FPV_2-tett6roof-under9Mooring-height100-lowrange/fullpanel-fullwind-amp0200-freq1500-per240-depth580-mstop30-run1.csv,fullpanel-fullwind-amp0200-freq1500-per240-depth580-mstop30-run1.csv,9373/170,1.50000,0.20000,full,below_90_loose230,15,2505,15.46006,0.21561,3.02337
/Users/ole/Kodevik/wave_project/wavedata/20260326-ProbePos4_31_FPV_2-tett6roof-under9Mooring-height100-lowrange/fullpanel-fullwind-amp0200-freq1500-per240-depth580-mstop30-run1.csv,fullpanel-fullwind-amp0200-freq1500-per240-depth580-mstop30-run1.csv,9373/170,1.50000,0.20000,full,below_90_loose230,20,3340,15.74136,0.42425,3.07554
/Users/ole/Kodevik/wave_project/wavedata/20260326-ProbePos4_31_FPV_2-tett6roof-under9Mooring-height100-lowrange/fullpanel-fullwind-amp0200-freq1500-per240-depth580-mstop30-run1.csv,fullpanel-fullwind-amp0200-freq1500-per240-depth580-mstop30-run1.csv,9373/340,1.50000,0.20000,full,below_90_loose230,5,835,15.25197,2.10452,1.88158
/Users/ole/Kodevik/wave_project/wavedata/20260326-ProbePos4_31_FPV_2-tett6roof-under9Mooring-height100-lowrange/fullpanel-fullwind-amp0200-freq1500-per240-depth580-mstop30-run1.csv,fullpanel-fullwind-amp0200-freq1500-per240-depth580-mstop30-run1.csv,9373/340,1.50000,0.20000,full,below_90_loose230,8,1336,15.13261,2.04149,2.01074
/Users/ole/Kodevik/wave_project/wavedata/20260326-ProbePos4_31_FPV_2-tett6roof-under9Mooring-height100-lowrange/fullpanel-fullwind-amp0200-freq1500-per240-depth580-mstop30-run1.csv,fullpanel-fullwind-amp0200-freq1500-per240-depth580-mstop30-run1.csv,9373/340,1.50000,0.20000,full,below_90_loose230,10,1670,15.10473,1.54231,2.26820
/Users/ole/Kodevik/wave_project/wavedata/20260326-ProbePos4_31_FPV_2-tett6roof-under9Mooring-height100-lowrange/fullpanel-fullwind-amp0200-freq1500-per240-depth580-mstop30-run1.csv,fullpanel-fullwind-amp0200-freq1500-per240-depth580-mstop30-run1.csv,9373/340,1.50000,0.20000,full,below_90_loose230,12,2004,15.16625,0.91763,2.63115
/Users/ole/Kodevik/wave_project/wavedata/20260326-ProbePos4_31_FPV_2-tett6roof-under9Mooring-height100-lowrange/fullpanel-fullwind-amp0200-freq1500-per240-depth580-mstop30-run1.csv,fullpanel-fullwind-amp0200-freq1500-per240-depth580-mstop30-run1.csv,9373/340,1.50000,0.20000,full,below_90_loose230,15,2505,15.27565,0.48821,2.69585
/Users/ole/Kodevik/wave_project/wavedata/20260326-ProbePos4_31_FPV_2-tett6roof-under9Mooring-height100-lowrange/fullpanel-fullwind-amp0200-freq1500-per240-depth580-mstop30-run1.csv,fullpanel-fullwind-amp0200-freq1500-per240-depth580-mstop30-run1.csv,9373/340,1.50000,0.20000,full,below_90_loose230,20,3340,15.53050,0.69027,2.89201
/Users/ole/Kodevik/wave_project/wavedata/20260326-ProbePos4_31_FPV_2-tett6roof-under9Mooring-height100-lowrange/fullpanel-fullwind-amp0200-freq1500-per240-depth580-mstop30-run1.csv,fullpanel-fullwind-amp0200-freq1500-per240-depth580-mstop30-run1.csv,12400/250,1.50000,0.20000,full,below_90_loose230,5,835,11.74378,0.30975,0.82890
/Users/ole/Kodevik/wave_project/wavedata/20260326-ProbePos4_31_FPV_2-tett6roof-under9Mooring-height100-lowrange/fullpanel-fullwind-amp0200-freq1500-per240-depth580-mstop30-run1.csv,fullpanel-fullwind-amp0200-freq1500-per240-depth580-mstop30-run1.csv,12400/250,1.50000,0.20000,full,below_90_loose230,8,1336,11.43198,0.14537,1.18435
/Users/ole/Kodevik/wave_project/wavedata/20260326-ProbePos4_31_FPV_2-tett6roof-under9Mooring-height100-lowrange/fullpanel-fullwind-amp0200-freq1500-per240-depth580-mstop30-run1.csv,fullpanel-fullwind-amp0200-freq1500-per240-depth580-mstop30-run1.csv,12400/250,1.50000,0.20000,full,below_90_loose230,10,1670,11.44519,0.05165,1.28740
/Users/ole/Kodevik/wave_project/wavedata/20260326-ProbePos4_31_FPV_2-tett6roof-under9Mooring-height100-lowrange/fullpanel-fullwind-amp0200-freq1500-per240-depth580-mstop30-run1.csv,fullpanel-fullwind-amp0200-freq1500-per240-depth580-mstop30-run1.csv,12400/250,1.50000,0.20000,full,below_90_loose230,12,2004,11.43231,0.08049,1.29166
/Users/ole/Kodevik/wave_project/wavedata/20260326-ProbePos4_31_FPV_2-tett6roof-under9Mooring-height100-lowrange/fullpanel-fullwind-amp0200-freq1500-per240-depth580-mstop30-run1.csv,fullpanel-fullwind-amp0200-freq1500-per240-depth580-mstop30-run1.csv,12400/250,1.50000,0.20000,full,below_90_loose230,15,2505,11.47257,0.07232,1.33580
/Users/ole/Kodevik/wave_project/wavedata/20260326-ProbePos4_31_FPV_2-tett6roof-under9Mooring-height100-lowrange/fullpanel-fullwind-amp0200-freq1500-per240-depth580-mstop30-run1.csv,fullpanel-fullwind-amp0200-freq1500-per240-depth580-mstop30-run1.csv,12400/250,1.50000,0.20000,full,below_90_loose230,20,3340,11.43609,0.02819,1.45457
/Users/ole/Kodevik/wave_project/wavedata/20260326-ProbePos4_31_FPV_2-tett6roof-under9Mooring-height100-lowrange/fullpanel-fullwind-amp0200-freq1300-per240-depth580-mstop30-run1.csv,fullpanel-fullwind-amp0200-freq1300-per240-depth580-mstop30-run1.csv,9373/170,1.30000,0.20000,full,below_90_loose230,5,960,15.21558,1.48089,2.33825
/Users/ole/Kodevik/wave_project/wavedata/20260326-ProbePos4_31_FPV_2-tett6roof-under9Mooring-height100-lowrange/fullpanel-fullwind-amp0200-freq1300-per240-depth580-mstop30-run1.csv,fullpanel-fullwind-amp0200-freq1300-per240-depth580-mstop30-run1.csv,9373/170,1.30000,0.20000,full,below_90_loose230,8,1536,15.39276,1.45069,2.93978
/Users/ole/Kodevik/wave_project/wavedata/20260326-ProbePos4_31_FPV_2-tett6roof-under9Mooring-height100-lowrange/fullpanel-fullwind-amp0200-freq1300-per240-depth580-mstop30-run1.csv,fullpanel-fullwind-amp0200-freq1300-per240-depth580-mstop30-run1.csv,9373/170,1.30000,0.20000,full,below_90_loose230,10,1920,15.35914,1.61832,3.05608
/Users/ole/Kodevik/wave_project/wavedata/20260326-ProbePos4_31_FPV_2-tett6roof-under9Mooring-height100-lowrange/fullpanel-fullwind-amp0200-freq1300-per240-depth580-mstop30-run1.csv,fullpanel-fullwind-amp0200-freq1300-per240-depth580-mstop30-run1.csv,9373/170,1.30000,0.20000,full,below_90_loose230,12,2304,15.47230,1.56431,2.96473
/Users/ole/Kodevik/wave_project/wavedata/20260326-ProbePos4_31_FPV_2-tett6roof-under9Mooring-height100-lowrange/fullpanel-fullwind-amp0200-freq1300-per240-depth580-mstop30-run1.csv,fullpanel-fullwind-amp0200-freq1300-per240-depth580-mstop30-run1.csv,9373/170,1.30000,0.20000,full,below_90_loose230,15,2880,15.37905,1.72397,3.02924
/Users/ole/Kodevik/wave_project/wavedata/20260326-ProbePos4_31_FPV_2-tett6roof-under9Mooring-height100-lowrange/fullpanel-fullwind-amp0200-freq1300-per240-depth580-mstop30-run1.csv,fullpanel-fullwind-amp0200-freq1300-per240-depth580-mstop30-run1.csv,9373/170,1.30000,0.20000,full,below_90_loose230,20,3840,15.09278,1.66703,3.09557
/Users/ole/Kodevik/wave_project/wavedata/20260326-ProbePos4_31_FPV_2-tett6roof-under9Mooring-height100-lowrange/fullpanel-fullwind-amp0200-freq1300-per240-depth580-mstop30-run1.csv,fullpanel-fullwind-amp0200-freq1300-per240-depth580-mstop30-run1.csv,9373/340,1.30000,0.20000,full,below_90_loose230,5,960,14.60240,0.14816,2.60772
/Users/ole/Kodevik/wave_project/wavedata/20260326-ProbePos4_31_FPV_2-tett6roof-under9Mooring-height100-lowrange/fullpanel-fullwind-amp0200-freq1300-per240-depth580-mstop30-run1.csv,fullpanel-fullwind-amp0200-freq1300-per240-depth580-mstop30-run1.csv,9373/340,1.30000,0.20000,full,below_90_loose230,8,1536,14.64198,0.42343,2.51361
/Users/ole/Kodevik/wave_project/wavedata/20260326-ProbePos4_31_FPV_2-tett6roof-under9Mooring-height100-lowrange/fullpanel-fullwind-amp0200-freq1300-per240-depth580-mstop30-run1.csv,fullpanel-fullwind-amp0200-freq1300-per240-depth580-mstop30-run1.csv,9373/340,1.30000,0.20000,full,below_90_loose230,10,1920,14.66929,0.62268,2.59981
/Users/ole/Kodevik/wave_project/wavedata/20260326-ProbePos4_31_FPV_2-tett6roof-under9Mooring-height100-lowrange/fullpanel-fullwind-amp0200-freq1300-per240-depth580-mstop30-run1.csv,fullpanel-fullwind-amp0200-freq1300-per240-depth580-mstop30-run1.csv,9373/340,1.30000,0.20000,full,below_90_loose230,12,2304,14.61067,0.68656,2.48253
/Users/ole/Kodevik/wave_project/wavedata/20260326-ProbePos4_31_FPV_2-tett6roof-under9Mooring-height100-lowrange/fullpanel-fullwind-amp0200-freq1300-per240-depth580-mstop30-run1.csv,fullpanel-fullwind-amp0200-freq1300-per240-depth580-mstop30-run1.csv,9373/340,1.30000,0.20000,full,below_90_loose230,15,2880,14.63297,0.72509,2.63835
/Users/ole/Kodevik/wave_project/wavedata/20260326-ProbePos4_31_FPV_2-tett6roof-under9Mooring-height100-lowrange/fullpanel-fullwind-amp0200-freq1300-per240-depth580-mstop30-run1.csv,fullpanel-fullwind-amp0200-freq1300-per240-depth580-mstop30-run1.csv,9373/340,1.30000,0.20000,full,below_90_loose230,20,3840,14.87648,0.90929,2.83553
/Users/ole/Kodevik/wave_project/wavedata/20260326-ProbePos4_31_FPV_2-tett6roof-under9Mooring-height100-lowrange/fullpanel-fullwind-amp0200-freq1300-per240-depth580-mstop30-run1.csv,fullpanel-fullwind-amp0200-freq1300-per240-depth580-mstop30-run1.csv,12400/250,1.30000,0.20000,full,below_90_loose230,5,960,12.74994,0.76911,0.59174
/Users/ole/Kodevik/wave_project/wavedata/20260326-ProbePos4_31_FPV_2-tett6roof-under9Mooring-height100-lowrange/fullpanel-fullwind-amp0200-freq1300-per240-depth580-mstop30-run1.csv,fullpanel-fullwind-amp0200-freq1300-per240-depth580-mstop30-run1.csv,12400/250,1.30000,0.20000,full,below_90_loose230,8,1536,12.83659,0.78140,0.63930
/Users/ole/Kodevik/wave_project/wavedata/20260326-ProbePos4_31_FPV_2-tett6roof-under9Mooring-height100-lowrange/fullpanel-fullwind-amp0200-freq1300-per240-depth580-mstop30-run1.csv,fullpanel-fullwind-amp0200-freq1300-per240-depth580-mstop30-run1.csv,12400/250,1.30000,0.20000,full,below_90_loose230,10,1920,12.81353,0.77699,0.62860
/Users/ole/Kodevik/wave_project/wavedata/20260326-ProbePos4_31_FPV_2-tett6roof-under9Mooring-height100-lowrange/fullpanel-fullwind-amp0200-freq1300-per240-depth580-mstop30-run1.csv,fullpanel-fullwind-amp0200-freq1300-per240-depth580-mstop30-run1.csv,12400/250,1.30000,0.20000,full,below_90_loose230,12,2304,12.82396,0.75777,0.62336
/Users/ole/Kodevik/wave_project/wavedata/20260326-ProbePos4_31_FPV_2-tett6roof-under9Mooring-height100-lowrange/fullpanel-fullwind-amp0200-freq1300-per240-depth580-mstop30-run1.csv,fullpanel-fullwind-amp0200-freq1300-per240-depth580-mstop30-run1.csv,12400/250,1.30000,0.20000,full,below_90_loose230,15,2880,12.84695,0.78576,0.65329
/Users/ole/Kodevik/wave_project/wavedata/20260326-ProbePos4_31_FPV_2-tett6roof-under9Mooring-height100-lowrange/fullpanel-fullwind-amp0200-freq1300-per240-depth580-mstop30-run1.csv,fullpanel-fullwind-amp0200-freq1300-per240-depth580-mstop30-run1.csv,12400/250,1.30000,0.20000,full,below_90_loose230,20,3840,12.81000,0.75050,0.75228
/Users/ole/Kodevik/wave_project/wavedata/20260326-ProbePos4_31_FPV_2-tett6roof-under9Mooring-height100-lowrange/fullpanel-fullwind-amp0100-freq1400-per240-depth580-mstop30-run1.csv,fullpanel-fullwind-amp0100-freq1400-per240-depth580-mstop30-run1.csv,9373/170,1.40000,0.10000,full,below_90_loose230,5,895,7.38125,0.61712,2.47211
/Users/ole/Kodevik/wave_project/wavedata/20260326-ProbePos4_31_FPV_2-tett6roof-under9Mooring-height100-lowrange/fullpanel-fullwind-amp0100-freq1400-per240-depth580-mstop30-run1.csv,fullpanel-fullwind-amp0100-freq1400-per240-depth580-mstop30-run1.csv,9373/170,1.40000,0.10000,full,below_90_loose230,8,1432,7.33522,0.50527,2.78577
/Users/ole/Kodevik/wave_project/wavedata/20260326-ProbePos4_31_FPV_2-tett6roof-under9Mooring-height100-lowrange/fullpanel-fullwind-amp0100-freq1400-per240-depth580-mstop30-run1.csv,fullpanel-fullwind-amp0100-freq1400-per240-depth580-mstop30-run1.csv,9373/170,1.40000,0.10000,full,below_90_loose230,10,1790,7.38402,0.70044,3.06619
/Users/ole/Kodevik/wave_project/wavedata/20260326-ProbePos4_31_FPV_2-tett6roof-under9Mooring-height100-lowrange/fullpanel-fullwind-amp0100-freq1400-per240-depth580-mstop30-run1.csv,fullpanel-fullwind-amp0100-freq1400-per240-depth580-mstop30-run1.csv,9373/170,1.40000,0.10000,full,below_90_loose230,12,2148,7.30992,0.42972,2.93088
/Users/ole/Kodevik/wave_project/wavedata/20260326-ProbePos4_31_FPV_2-tett6roof-under9Mooring-height100-lowrange/fullpanel-fullwind-amp0100-freq1400-per240-depth580-mstop30-run1.csv,fullpanel-fullwind-amp0100-freq1400-per240-depth580-mstop30-run1.csv,9373/170,1.40000,0.10000,full,below_90_loose230,15,2685,7.40859,0.52396,3.10144
/Users/ole/Kodevik/wave_project/wavedata/20260326-ProbePos4_31_FPV_2-tett6roof-under9Mooring-height100-lowrange/fullpanel-fullwind-amp0100-freq1400-per240-depth580-mstop30-run1.csv,fullpanel-fullwind-amp0100-freq1400-per240-depth580-mstop30-run1.csv,9373/170,1.40000,0.10000,full,below_90_loose230,20,3580,7.46577,0.49667,3.28483
/Users/ole/Kodevik/wave_project/wavedata/20260326-ProbePos4_31_FPV_2-tett6roof-under9Mooring-height100-lowrange/fullpanel-fullwind-amp0100-freq1400-per240-depth580-mstop30-run1.csv,fullpanel-fullwind-amp0100-freq1400-per240-depth580-mstop30-run1.csv,9373/340,1.40000,0.10000,full,below_90_loose230,5,895,6.66909,0.38163,3.47662
/Users/ole/Kodevik/wave_project/wavedata/20260326-ProbePos4_31_FPV_2-tett6roof-under9Mooring-height100-lowrange/fullpanel-fullwind-amp0100-freq1400-per240-depth580-mstop30-run1.csv,fullpanel-fullwind-amp0100-freq1400-per240-depth580-mstop30-run1.csv,9373/340,1.40000,0.10000,full,below_90_loose230,8,1432,6.61129,0.33790,2.96020
/Users/ole/Kodevik/wave_project/wavedata/20260326-ProbePos4_31_FPV_2-tett6roof-under9Mooring-height100-lowrange/fullpanel-fullwind-amp0100-freq1400-per240-depth580-mstop30-run1.csv,fullpanel-fullwind-amp0100-freq1400-per240-depth580-mstop30-run1.csv,9373/340,1.40000,0.10000,full,below_90_loose230,10,1790,6.69044,0.27878,2.85680
/Users/ole/Kodevik/wave_project/wavedata/20260326-ProbePos4_31_FPV_2-tett6roof-under9Mooring-height100-lowrange/fullpanel-fullwind-amp0100-freq1400-per240-depth580-mstop30-run1.csv,fullpanel-fullwind-amp0100-freq1400-per240-depth580-mstop30-run1.csv,9373/340,1.40000,0.10000,full,below_90_loose230,12,2148,6.72095,0.13597,2.71990
/Users/ole/Kodevik/wave_project/wavedata/20260326-ProbePos4_31_FPV_2-tett6roof-under9Mooring-height100-lowrange/fullpanel-fullwind-amp0100-freq1400-per240-depth580-mstop30-run1.csv,fullpanel-fullwind-amp0100-freq1400-per240-depth580-mstop30-run1.csv,9373/340,1.40000,0.10000,full,below_90_loose230,15,2685,6.75041,0.06311,2.81907
/Users/ole/Kodevik/wave_project/wavedata/20260326-ProbePos4_31_FPV_2-tett6roof-under9Mooring-height100-lowrange/fullpanel-fullwind-amp0100-freq1400-per240-depth580-mstop30-run1.csv,fullpanel-fullwind-amp0100-freq1400-per240-depth580-mstop30-run1.csv,9373/340,1.40000,0.10000,full,below_90_loose230,20,3580,6.72439,0.08371,3.05287
/Users/ole/Kodevik/wave_project/wavedata/20260326-ProbePos4_31_FPV_2-tett6roof-under9Mooring-height100-lowrange/fullpanel-fullwind-amp0100-freq1400-per240-depth580-mstop30-run1.csv,fullpanel-fullwind-amp0100-freq1400-per240-depth580-mstop30-run1.csv,12400/250,1.40000,0.10000,full,below_90_loose230,5,895,6.09016,0.23517,0.42839
/Users/ole/Kodevik/wave_project/wavedata/20260326-ProbePos4_31_FPV_2-tett6roof-under9Mooring-height100-lowrange/fullpanel-fullwind-amp0100-freq1400-per240-depth580-mstop30-run1.csv,fullpanel-fullwind-amp0100-freq1400-per240-depth580-mstop30-run1.csv,12400/250,1.40000,0.10000,full,below_90_loose230,8,1432,6.05527,0.23511,0.42622
/Users/ole/Kodevik/wave_project/wavedata/20260326-ProbePos4_31_FPV_2-tett6roof-under9Mooring-height100-lowrange/fullpanel-fullwind-amp0100-freq1400-per240-depth580-mstop30-run1.csv,fullpanel-fullwind-amp0100-freq1400-per240-depth580-mstop30-run1.csv,12400/250,1.40000,0.10000,full,below_90_loose230,10,1790,6.08315,0.23722,0.43630
/Users/ole/Kodevik/wave_project/wavedata/20260326-ProbePos4_31_FPV_2-tett6roof-under9Mooring-height100-lowrange/fullpanel-fullwind-amp0100-freq1400-per240-depth580-mstop30-run1.csv,fullpanel-fullwind-amp0100-freq1400-per240-depth580-mstop30-run1.csv,12400/250,1.40000,0.10000,full,below_90_loose230,12,2148,6.07501,0.25179,0.43917
/Users/ole/Kodevik/wave_project/wavedata/20260326-ProbePos4_31_FPV_2-tett6roof-under9Mooring-height100-lowrange/fullpanel-fullwind-amp0100-freq1400-per240-depth580-mstop30-run1.csv,fullpanel-fullwind-amp0100-freq1400-per240-depth580-mstop30-run1.csv,12400/250,1.40000,0.10000,full,below_90_loose230,15,2685,6.05726,0.24050,0.43415
/Users/ole/Kodevik/wave_project/wavedata/20260326-ProbePos4_31_FPV_2-tett6roof-under9Mooring-height100-lowrange/fullpanel-fullwind-amp0100-freq1400-per240-depth580-mstop30-run1.csv,fullpanel-fullwind-amp0100-freq1400-per240-depth580-mstop30-run1.csv,12400/250,1.40000,0.10000,full,below_90_loose230,20,3580,6.05893,0.25293,0.46388
/Users/ole/Kodevik/wave_project/wavedata/20260326-ProbePos4_31_FPV_2-tett6roof-under9Mooring-height100-lowrange/fullpanel-fullwind-amp0100-freq1300-per240-depth580-mstop30-run1.csv,fullpanel-fullwind-amp0100-freq1300-per240-depth580-mstop30-run1.csv,9373/170,1.30000,0.10000,full,below_90_loose230,5,960,7.73424,0.27896,2.95321
/Users/ole/Kodevik/wave_project/wavedata/20260326-ProbePos4_31_FPV_2-tett6roof-under9Mooring-height100-lowrange/fullpanel-fullwind-amp0100-freq1300-per240-depth580-mstop30-run1.csv,fullpanel-fullwind-amp0100-freq1300-per240-depth580-mstop30-run1.csv,9373/170,1.30000,0.10000,full,below_90_loose230,8,1536,7.77755,0.42425,3.27696
/Users/ole/Kodevik/wave_project/wavedata/20260326-ProbePos4_31_FPV_2-tett6roof-under9Mooring-height100-lowrange/fullpanel-fullwind-amp0100-freq1300-per240-depth580-mstop30-run1.csv,fullpanel-fullwind-amp0100-freq1300-per240-depth580-mstop30-run1.csv,9373/170,1.30000,0.10000,full,below_90_loose230,10,1920,7.76960,0.27338,3.19750
/Users/ole/Kodevik/wave_project/wavedata/20260326-ProbePos4_31_FPV_2-tett6roof-under9Mooring-height100-lowrange/fullpanel-fullwind-amp0100-freq1300-per240-depth580-mstop30-run1.csv,fullpanel-fullwind-amp0100-freq1300-per240-depth580-mstop30-run1.csv,9373/170,1.30000,0.10000,full,below_90_loose230,12,2304,7.67635,0.43666,3.11876
/Users/ole/Kodevik/wave_project/wavedata/20260326-ProbePos4_31_FPV_2-tett6roof-under9Mooring-height100-lowrange/fullpanel-fullwind-amp0100-freq1300-per240-depth580-mstop30-run1.csv,fullpanel-fullwind-amp0100-freq1300-per240-depth580-mstop30-run1.csv,9373/170,1.30000,0.10000,full,below_90_loose230,15,2880,7.67273,0.46421,3.19263
/Users/ole/Kodevik/wave_project/wavedata/20260326-ProbePos4_31_FPV_2-tett6roof-under9Mooring-height100-lowrange/fullpanel-fullwind-amp0100-freq1300-per240-depth580-mstop30-run1.csv,fullpanel-fullwind-amp0100-freq1300-per240-depth580-mstop30-run1.csv,9373/170,1.30000,0.10000,full,below_90_loose230,20,3840,7.59945,0.46718,3.40919
/Users/ole/Kodevik/wave_project/wavedata/20260326-ProbePos4_31_FPV_2-tett6roof-under9Mooring-height100-lowrange/fullpanel-fullwind-amp0100-freq1300-per240-depth580-mstop30-run1.csv,fullpanel-fullwind-amp0100-freq1300-per240-depth580-mstop30-run1.csv,9373/340,1.30000,0.10000,full,below_90_loose230,5,960,7.13194,0.52930,3.52072
/Users/ole/Kodevik/wave_project/wavedata/20260326-ProbePos4_31_FPV_2-tett6roof-under9Mooring-height100-lowrange/fullpanel-fullwind-amp0100-freq1300-per240-depth580-mstop30-run1.csv,fullpanel-fullwind-amp0100-freq1300-per240-depth580-mstop30-run1.csv,9373/340,1.30000,0.10000,full,below_90_loose230,8,1536,7.32117,0.32445,3.32054
/Users/ole/Kodevik/wave_project/wavedata/20260326-ProbePos4_31_FPV_2-tett6roof-under9Mooring-height100-lowrange/fullpanel-fullwind-amp0100-freq1300-per240-depth580-mstop30-run1.csv,fullpanel-fullwind-amp0100-freq1300-per240-depth580-mstop30-run1.csv,9373/340,1.30000,0.10000,full,below_90_loose230,10,1920,7.38979,0.29468,3.32263
/Users/ole/Kodevik/wave_project/wavedata/20260326-ProbePos4_31_FPV_2-tett6roof-under9Mooring-height100-lowrange/fullpanel-fullwind-amp0100-freq1300-per240-depth580-mstop30-run1.csv,fullpanel-fullwind-amp0100-freq1300-per240-depth580-mstop30-run1.csv,9373/340,1.30000,0.10000,full,below_90_loose230,12,2304,7.36453,0.31157,3.34911
/Users/ole/Kodevik/wave_project/wavedata/20260326-ProbePos4_31_FPV_2-tett6roof-under9Mooring-height100-lowrange/fullpanel-fullwind-amp0100-freq1300-per240-depth580-mstop30-run1.csv,fullpanel-fullwind-amp0100-freq1300-per240-depth580-mstop30-run1.csv,9373/340,1.30000,0.10000,full,below_90_loose230,15,2880,7.33515,0.37891,3.37888
/Users/ole/Kodevik/wave_project/wavedata/20260326-ProbePos4_31_FPV_2-tett6roof-under9Mooring-height100-lowrange/fullpanel-fullwind-amp0100-freq1300-per240-depth580-mstop30-run1.csv,fullpanel-fullwind-amp0100-freq1300-per240-depth580-mstop30-run1.csv,9373/340,1.30000,0.10000,full,below_90_loose230,20,3840,7.28929,0.49557,3.32185
/Users/ole/Kodevik/wave_project/wavedata/20260326-ProbePos4_31_FPV_2-tett6roof-under9Mooring-height100-lowrange/fullpanel-fullwind-amp0100-freq1300-per240-depth580-mstop30-run1.csv,fullpanel-fullwind-amp0100-freq1300-per240-depth580-mstop30-run1.csv,12400/250,1.30000,0.10000,full,below_90_loose230,5,960,6.22007,0.28940,0.50523
/Users/ole/Kodevik/wave_project/wavedata/20260326-ProbePos4_31_FPV_2-tett6roof-under9Mooring-height100-lowrange/fullpanel-fullwind-amp0100-freq1300-per240-depth580-mstop30-run1.csv,fullpanel-fullwind-amp0100-freq1300-per240-depth580-mstop30-run1.csv,12400/250,1.30000,0.10000,full,below_90_loose230,8,1536,6.24297,0.29771,0.48453
/Users/ole/Kodevik/wave_project/wavedata/20260326-ProbePos4_31_FPV_2-tett6roof-under9Mooring-height100-lowrange/fullpanel-fullwind-amp0100-freq1300-per240-depth580-mstop30-run1.csv,fullpanel-fullwind-amp0100-freq1300-per240-depth580-mstop30-run1.csv,12400/250,1.30000,0.10000,full,below_90_loose230,10,1920,6.20191,0.29644,0.46879
/Users/ole/Kodevik/wave_project/wavedata/20260326-ProbePos4_31_FPV_2-tett6roof-under9Mooring-height100-lowrange/fullpanel-fullwind-amp0100-freq1300-per240-depth580-mstop30-run1.csv,fullpanel-fullwind-amp0100-freq1300-per240-depth580-mstop30-run1.csv,12400/250,1.30000,0.10000,full,below_90_loose230,12,2304,6.16376,0.30241,0.48817
/Users/ole/Kodevik/wave_project/wavedata/20260326-ProbePos4_31_FPV_2-tett6roof-under9Mooring-height100-lowrange/fullpanel-fullwind-amp0100-freq1300-per240-depth580-mstop30-run1.csv,fullpanel-fullwind-amp0100-freq1300-per240-depth580-mstop30-run1.csv,12400/250,1.30000,0.10000,full,below_90_loose230,15,2880,6.14887,0.31358,0.52655
/Users/ole/Kodevik/wave_project/wavedata/20260326-ProbePos4_31_FPV_2-tett6roof-under9Mooring-height100-lowrange/fullpanel-fullwind-amp0100-freq1300-per240-depth580-mstop30-run1.csv,fullpanel-fullwind-amp0100-freq1300-per240-depth580-mstop30-run1.csv,12400/250,1.30000,0.10000,full,below_90_loose230,20,3840,6.13773,0.28124,0.53608
/Users/ole/Kodevik/wave_project/wavedata/20260326-ProbePos4_31_FPV_2-tett6roof-under9Mooring-height100-lowrange/fullpanel-fullwind-amp0200-freq1400-per240-depth580-mstop30-run1.csv,fullpanel-fullwind-amp0200-freq1400-per240-depth580-mstop30-run1.csv,9373/170,1.40000,0.20000,full,below_90_loose230,5,895,14.71066,1.26692,3.27781
/Users/ole/Kodevik/wave_project/wavedata/20260326-ProbePos4_31_FPV_2-tett6roof-under9Mooring-height100-lowrange/fullpanel-fullwind-amp0200-freq1400-per240-depth580-mstop30-run1.csv,fullpanel-fullwind-amp0200-freq1400-per240-depth580-mstop30-run1.csv,9373/170,1.40000,0.20000,full,below_90_loose230,8,1432,14.92042,0.94792,2.96988
/Users/ole/Kodevik/wave_project/wavedata/20260326-ProbePos4_31_FPV_2-tett6roof-under9Mooring-height100-lowrange/fullpanel-fullwind-amp0200-freq1400-per240-depth580-mstop30-run1.csv,fullpanel-fullwind-amp0200-freq1400-per240-depth580-mstop30-run1.csv,9373/170,1.40000,0.20000,full,below_90_loose230,10,1790,15.05765,0.87592,2.89334
/Users/ole/Kodevik/wave_project/wavedata/20260326-ProbePos4_31_FPV_2-tett6roof-under9Mooring-height100-lowrange/fullpanel-fullwind-amp0200-freq1400-per240-depth580-mstop30-run1.csv,fullpanel-fullwind-amp0200-freq1400-per240-depth580-mstop30-run1.csv,9373/170,1.40000,0.20000,full,below_90_loose230,12,2148,15.13374,0.50054,3.02114
/Users/ole/Kodevik/wave_project/wavedata/20260326-ProbePos4_31_FPV_2-tett6roof-under9Mooring-height100-lowrange/fullpanel-fullwind-amp0200-freq1400-per240-depth580-mstop30-run1.csv,fullpanel-fullwind-amp0200-freq1400-per240-depth580-mstop30-run1.csv,9373/170,1.40000,0.20000,full,below_90_loose230,15,2685,15.31104,0.51455,2.91380
/Users/ole/Kodevik/wave_project/wavedata/20260326-ProbePos4_31_FPV_2-tett6roof-under9Mooring-height100-lowrange/fullpanel-fullwind-amp0200-freq1400-per240-depth580-mstop30-run1.csv,fullpanel-fullwind-amp0200-freq1400-per240-depth580-mstop30-run1.csv,9373/170,1.40000,0.20000,full,below_90_loose230,20,3580,15.28599,0.44174,2.74113
/Users/ole/Kodevik/wave_project/wavedata/20260326-ProbePos4_31_FPV_2-tett6roof-under9Mooring-height100-lowrange/fullpanel-fullwind-amp0200-freq1400-per240-depth580-mstop30-run1.csv,fullpanel-fullwind-amp0200-freq1400-per240-depth580-mstop30-run1.csv,9373/340,1.40000,0.20000,full,below_90_loose230,5,895,15.35960,3.77290,2.05634
/Users/ole/Kodevik/wave_project/wavedata/20260326-ProbePos4_31_FPV_2-tett6roof-under9Mooring-height100-lowrange/fullpanel-fullwind-amp0200-freq1400-per240-depth580-mstop30-run1.csv,fullpanel-fullwind-amp0200-freq1400-per240-depth580-mstop30-run1.csv,9373/340,1.40000,0.20000,full,below_90_loose230,8,1432,15.66909,2.84947,2.49848
/Users/ole/Kodevik/wave_project/wavedata/20260326-ProbePos4_31_FPV_2-tett6roof-under9Mooring-height100-lowrange/fullpanel-fullwind-amp0200-freq1400-per240-depth580-mstop30-run1.csv,fullpanel-fullwind-amp0200-freq1400-per240-depth580-mstop30-run1.csv,9373/340,1.40000,0.20000,full,below_90_loose230,10,1790,15.68642,3.01803,2.50296
/Users/ole/Kodevik/wave_project/wavedata/20260326-ProbePos4_31_FPV_2-tett6roof-under9Mooring-height100-lowrange/fullpanel-fullwind-amp0200-freq1400-per240-depth580-mstop30-run1.csv,fullpanel-fullwind-amp0200-freq1400-per240-depth580-mstop30-run1.csv,9373/340,1.40000,0.20000,full,below_90_loose230,12,2148,15.58983,2.86035,2.53425
/Users/ole/Kodevik/wave_project/wavedata/20260326-ProbePos4_31_FPV_2-tett6roof-under9Mooring-height100-lowrange/fullpanel-fullwind-amp0200-freq1400-per240-depth580-mstop30-run1.csv,fullpanel-fullwind-amp0200-freq1400-per240-depth580-mstop30-run1.csv,9373/340,1.40000,0.20000,full,below_90_loose230,15,2685,15.53249,2.70163,2.61092
/Users/ole/Kodevik/wave_project/wavedata/20260326-ProbePos4_31_FPV_2-tett6roof-under9Mooring-height100-lowrange/fullpanel-fullwind-amp0200-freq1400-per240-depth580-mstop30-run1.csv,fullpanel-fullwind-amp0200-freq1400-per240-depth580-mstop30-run1.csv,9373/340,1.40000,0.20000,full,below_90_loose230,20,3580,15.49528,2.62761,2.67212
/Users/ole/Kodevik/wave_project/wavedata/20260326-ProbePos4_31_FPV_2-tett6roof-under9Mooring-height100-lowrange/fullpanel-fullwind-amp0200-freq1400-per240-depth580-mstop30-run1.csv,fullpanel-fullwind-amp0200-freq1400-per240-depth580-mstop30-run1.csv,12400/250,1.40000,0.20000,full,below_90_loose230,5,895,12.51222,0.91096,0.63885
/Users/ole/Kodevik/wave_project/wavedata/20260326-ProbePos4_31_FPV_2-tett6roof-under9Mooring-height100-lowrange/fullpanel-fullwind-amp0200-freq1400-per240-depth580-mstop30-run1.csv,fullpanel-fullwind-amp0200-freq1400-per240-depth580-mstop30-run1.csv,12400/250,1.40000,0.20000,full,below_90_loose230,8,1432,12.50955,0.82661,0.71534
/Users/ole/Kodevik/wave_project/wavedata/20260326-ProbePos4_31_FPV_2-tett6roof-under9Mooring-height100-lowrange/fullpanel-fullwind-amp0200-freq1400-per240-depth580-mstop30-run1.csv,fullpanel-fullwind-amp0200-freq1400-per240-depth580-mstop30-run1.csv,12400/250,1.40000,0.20000,full,below_90_loose230,10,1790,12.57884,0.83482,0.72661
/Users/ole/Kodevik/wave_project/wavedata/20260326-ProbePos4_31_FPV_2-tett6roof-under9Mooring-height100-lowrange/fullpanel-fullwind-amp0200-freq1400-per240-depth580-mstop30-run1.csv,fullpanel-fullwind-amp0200-freq1400-per240-depth580-mstop30-run1.csv,12400/250,1.40000,0.20000,full,below_90_loose230,12,2148,12.61873,0.83702,0.72833
/Users/ole/Kodevik/wave_project/wavedata/20260326-ProbePos4_31_FPV_2-tett6roof-under9Mooring-height100-lowrange/fullpanel-fullwind-amp0200-freq1400-per240-depth580-mstop30-run1.csv,fullpanel-fullwind-amp0200-freq1400-per240-depth580-mstop30-run1.csv,12400/250,1.40000,0.20000,full,below_90_loose230,15,2685,12.56235,0.83374,0.78778
/Users/ole/Kodevik/wave_project/wavedata/20260326-ProbePos4_31_FPV_2-tett6roof-under9Mooring-height100-lowrange/fullpanel-fullwind-amp0200-freq1400-per240-depth580-mstop30-run1.csv,fullpanel-fullwind-amp0200-freq1400-per240-depth580-mstop30-run1.csv,12400/250,1.40000,0.20000,full,below_90_loose230,20,3580,12.49900,0.80624,0.98571
/Users/ole/Kodevik/wave_project/wavedata/20260326-ProbePos4_31_FPV_2-tett6roof-under9Mooring-height100-lowrange/fullpanel-fullwind-amp0300-freq1600-per240-depth580-mstop30-run1.csv,fullpanel-fullwind-amp0300-freq1600-per240-depth580-mstop30-run1.csv,9373/170,1.60000,0.30000,full,below_90_loose230,5,780,23.36525,1.71075,2.55024
/Users/ole/Kodevik/wave_project/wavedata/20260326-ProbePos4_31_FPV_2-tett6roof-under9Mooring-height100-lowrange/fullpanel-fullwind-amp0300-freq1600-per240-depth580-mstop30-run1.csv,fullpanel-fullwind-amp0300-freq1600-per240-depth580-mstop30-run1.csv,9373/170,1.60000,0.30000,full,below_90_loose230,8,1248,23.24452,2.25699,2.93810
/Users/ole/Kodevik/wave_project/wavedata/20260326-ProbePos4_31_FPV_2-tett6roof-under9Mooring-height100-lowrange/fullpanel-fullwind-amp0300-freq1600-per240-depth580-mstop30-run1.csv,fullpanel-fullwind-amp0300-freq1600-per240-depth580-mstop30-run1.csv,9373/170,1.60000,0.30000,full,below_90_loose230,10,1560,23.10558,2.32923,3.24692
/Users/ole/Kodevik/wave_project/wavedata/20260326-ProbePos4_31_FPV_2-tett6roof-under9Mooring-height100-lowrange/fullpanel-fullwind-amp0300-freq1600-per240-depth580-mstop30-run1.csv,fullpanel-fullwind-amp0300-freq1600-per240-depth580-mstop30-run1.csv,9373/170,1.60000,0.30000,full,below_90_loose230,12,1872,23.06811,2.16492,3.55363
/Users/ole/Kodevik/wave_project/wavedata/20260326-ProbePos4_31_FPV_2-tett6roof-under9Mooring-height100-lowrange/fullpanel-fullwind-amp0300-freq1600-per240-depth580-mstop30-run1.csv,fullpanel-fullwind-amp0300-freq1600-per240-depth580-mstop30-run1.csv,9373/170,1.60000,0.30000,full,below_90_loose230,15,2340,23.02966,1.70616,3.99426
/Users/ole/Kodevik/wave_project/wavedata/20260326-ProbePos4_31_FPV_2-tett6roof-under9Mooring-height100-lowrange/fullpanel-fullwind-amp0300-freq1600-per240-depth580-mstop30-run1.csv,fullpanel-fullwind-amp0300-freq1600-per240-depth580-mstop30-run1.csv,9373/170,1.60000,0.30000,full,below_90_loose230,20,3120,23.09277,1.23334,4.20150
/Users/ole/Kodevik/wave_project/wavedata/20260326-ProbePos4_31_FPV_2-tett6roof-under9Mooring-height100-lowrange/fullpanel-fullwind-amp0300-freq1600-per240-depth580-mstop30-run1.csv,fullpanel-fullwind-amp0300-freq1600-per240-depth580-mstop30-run1.csv,9373/340,1.60000,0.30000,full,below_90_loose230,5,780,23.94104,0.88813,2.89599
/Users/ole/Kodevik/wave_project/wavedata/20260326-ProbePos4_31_FPV_2-tett6roof-under9Mooring-height100-lowrange/fullpanel-fullwind-amp0300-freq1600-per240-depth580-mstop30-run1.csv,fullpanel-fullwind-amp0300-freq1600-per240-depth580-mstop30-run1.csv,9373/340,1.60000,0.30000,full,below_90_loose230,8,1248,23.58617,0.80564,3.02287
/Users/ole/Kodevik/wave_project/wavedata/20260326-ProbePos4_31_FPV_2-tett6roof-under9Mooring-height100-lowrange/fullpanel-fullwind-amp0300-freq1600-per240-depth580-mstop30-run1.csv,fullpanel-fullwind-amp0300-freq1600-per240-depth580-mstop30-run1.csv,9373/340,1.60000,0.30000,full,below_90_loose230,10,1560,23.14794,1.27890,3.27624
/Users/ole/Kodevik/wave_project/wavedata/20260326-ProbePos4_31_FPV_2-tett6roof-under9Mooring-height100-lowrange/fullpanel-fullwind-amp0300-freq1600-per240-depth580-mstop30-run1.csv,fullpanel-fullwind-amp0300-freq1600-per240-depth580-mstop30-run1.csv,9373/340,1.60000,0.30000,full,below_90_loose230,12,1872,22.99885,1.37160,3.57643
/Users/ole/Kodevik/wave_project/wavedata/20260326-ProbePos4_31_FPV_2-tett6roof-under9Mooring-height100-lowrange/fullpanel-fullwind-amp0300-freq1600-per240-depth580-mstop30-run1.csv,fullpanel-fullwind-amp0300-freq1600-per240-depth580-mstop30-run1.csv,9373/340,1.60000,0.30000,full,below_90_loose230,15,2340,22.82991,1.11533,4.09608
/Users/ole/Kodevik/wave_project/wavedata/20260326-ProbePos4_31_FPV_2-tett6roof-under9Mooring-height100-lowrange/fullpanel-fullwind-amp0300-freq1600-per240-depth580-mstop30-run1.csv,fullpanel-fullwind-amp0300-freq1600-per240-depth580-mstop30-run1.csv,9373/340,1.60000,0.30000,full,below_90_loose230,20,3120,22.86003,0.55370,4.51443
/Users/ole/Kodevik/wave_project/wavedata/20260326-ProbePos4_31_FPV_2-tett6roof-under9Mooring-height100-lowrange/fullpanel-fullwind-amp0300-freq1600-per240-depth580-mstop30-run1.csv,fullpanel-fullwind-amp0300-freq1600-per240-depth580-mstop30-run1.csv,12400/250,1.60000,0.30000,full,below_90_loose230,5,780,16.25454,1.38079,1.32277
/Users/ole/Kodevik/wave_project/wavedata/20260326-ProbePos4_31_FPV_2-tett6roof-under9Mooring-height100-lowrange/fullpanel-fullwind-amp0300-freq1600-per240-depth580-mstop30-run1.csv,fullpanel-fullwind-amp0300-freq1600-per240-depth580-mstop30-run1.csv,12400/250,1.60000,0.30000,full,below_90_loose230,8,1248,16.33908,1.31595,1.80832
/Users/ole/Kodevik/wave_project/wavedata/20260326-ProbePos4_31_FPV_2-tett6roof-under9Mooring-height100-lowrange/fullpanel-fullwind-amp0300-freq1600-per240-depth580-mstop30-run1.csv,fullpanel-fullwind-amp0300-freq1600-per240-depth580-mstop30-run1.csv,12400/250,1.60000,0.30000,full,below_90_loose230,10,1560,16.17115,1.13027,2.41269
/Users/ole/Kodevik/wave_project/wavedata/20260326-ProbePos4_31_FPV_2-tett6roof-under9Mooring-height100-lowrange/fullpanel-fullwind-amp0300-freq1600-per240-depth580-mstop30-run1.csv,fullpanel-fullwind-amp0300-freq1600-per240-depth580-mstop30-run1.csv,12400/250,1.60000,0.30000,full,below_90_loose230,12,1872,16.13858,1.18263,2.57488
/Users/ole/Kodevik/wave_project/wavedata/20260326-ProbePos4_31_FPV_2-tett6roof-under9Mooring-height100-lowrange/fullpanel-fullwind-amp0300-freq1600-per240-depth580-mstop30-run1.csv,fullpanel-fullwind-amp0300-freq1600-per240-depth580-mstop30-run1.csv,12400/250,1.60000,0.30000,full,below_90_loose230,15,2340,16.24298,1.11572,2.66938
/Users/ole/Kodevik/wave_project/wavedata/20260326-ProbePos4_31_FPV_2-tett6roof-under9Mooring-height100-lowrange/fullpanel-fullwind-amp0300-freq1600-per240-depth580-mstop30-run1.csv,fullpanel-fullwind-amp0300-freq1600-per240-depth580-mstop30-run1.csv,12400/250,1.60000,0.30000,full,below_90_loose230,20,3120,16.19602,1.12724,2.94724
/Users/ole/Kodevik/wave_project/wavedata/20260326-ProbePos4_31_FPV_2-tett6roof-under9Mooring-height100-lowrange/fullpanel-fullwind-amp0200-freq1200-per240-depth580-mstop30-run1.csv,fullpanel-fullwind-amp0200-freq1200-per240-depth580-mstop30-run1.csv,9373/170,1.20000,0.20000,full,below_90_loose230,5,1040,15.51665,0.77796,2.84426
/Users/ole/Kodevik/wave_project/wavedata/20260326-ProbePos4_31_FPV_2-tett6roof-under9Mooring-height100-lowrange/fullpanel-fullwind-amp0200-freq1200-per240-depth580-mstop30-run1.csv,fullpanel-fullwind-amp0200-freq1200-per240-depth580-mstop30-run1.csv,9373/170,1.20000,0.20000,full,below_90_loose230,8,1664,15.76864,1.16504,3.52620
/Users/ole/Kodevik/wave_project/wavedata/20260326-ProbePos4_31_FPV_2-tett6roof-under9Mooring-height100-lowrange/fullpanel-fullwind-amp0200-freq1200-per240-depth580-mstop30-run1.csv,fullpanel-fullwind-amp0200-freq1200-per240-depth580-mstop30-run1.csv,9373/170,1.20000,0.20000,full,below_90_loose230,10,2080,15.91171,1.23006,3.48831
/Users/ole/Kodevik/wave_project/wavedata/20260326-ProbePos4_31_FPV_2-tett6roof-under9Mooring-height100-lowrange/fullpanel-fullwind-amp0200-freq1200-per240-depth580-mstop30-run1.csv,fullpanel-fullwind-amp0200-freq1200-per240-depth580-mstop30-run1.csv,9373/170,1.20000,0.20000,full,below_90_loose230,12,2496,16.00851,1.26471,3.44228
/Users/ole/Kodevik/wave_project/wavedata/20260326-ProbePos4_31_FPV_2-tett6roof-under9Mooring-height100-lowrange/fullpanel-fullwind-amp0200-freq1200-per240-depth580-mstop30-run1.csv,fullpanel-fullwind-amp0200-freq1200-per240-depth580-mstop30-run1.csv,9373/170,1.20000,0.20000,full,below_90_loose230,15,3120,16.01408,1.18983,3.24530
/Users/ole/Kodevik/wave_project/wavedata/20260326-ProbePos4_31_FPV_2-tett6roof-under9Mooring-height100-lowrange/fullpanel-fullwind-amp0200-freq1200-per240-depth580-mstop30-run1.csv,fullpanel-fullwind-amp0200-freq1200-per240-depth580-mstop30-run1.csv,9373/170,1.20000,0.20000,full,below_90_loose230,20,4160,16.11692,1.21688,3.10086
/Users/ole/Kodevik/wave_project/wavedata/20260326-ProbePos4_31_FPV_2-tett6roof-under9Mooring-height100-lowrange/fullpanel-fullwind-amp0200-freq1200-per240-depth580-mstop30-run1.csv,fullpanel-fullwind-amp0200-freq1200-per240-depth580-mstop30-run1.csv,9373/340,1.20000,0.20000,full,below_90_loose230,5,1040,15.39450,2.49523,3.68209
/Users/ole/Kodevik/wave_project/wavedata/20260326-ProbePos4_31_FPV_2-tett6roof-under9Mooring-height100-lowrange/fullpanel-fullwind-amp0200-freq1200-per240-depth580-mstop30-run1.csv,fullpanel-fullwind-amp0200-freq1200-per240-depth580-mstop30-run1.csv,9373/340,1.20000,0.20000,full,below_90_loose230,8,1664,15.67549,2.55266,3.80896
/Users/ole/Kodevik/wave_project/wavedata/20260326-ProbePos4_31_FPV_2-tett6roof-under9Mooring-height100-lowrange/fullpanel-fullwind-amp0200-freq1200-per240-depth580-mstop30-run1.csv,fullpanel-fullwind-amp0200-freq1200-per240-depth580-mstop30-run1.csv,9373/340,1.20000,0.20000,full,below_90_loose230,10,2080,15.76537,2.27791,3.78303
/Users/ole/Kodevik/wave_project/wavedata/20260326-ProbePos4_31_FPV_2-tett6roof-under9Mooring-height100-lowrange/fullpanel-fullwind-amp0200-freq1200-per240-depth580-mstop30-run1.csv,fullpanel-fullwind-amp0200-freq1200-per240-depth580-mstop30-run1.csv,9373/340,1.20000,0.20000,full,below_90_loose230,12,2496,15.80512,2.09617,3.74185
/Users/ole/Kodevik/wave_project/wavedata/20260326-ProbePos4_31_FPV_2-tett6roof-under9Mooring-height100-lowrange/fullpanel-fullwind-amp0200-freq1200-per240-depth580-mstop30-run1.csv,fullpanel-fullwind-amp0200-freq1200-per240-depth580-mstop30-run1.csv,9373/340,1.20000,0.20000,full,below_90_loose230,15,3120,15.84193,1.81506,3.58225
/Users/ole/Kodevik/wave_project/wavedata/20260326-ProbePos4_31_FPV_2-tett6roof-under9Mooring-height100-lowrange/fullpanel-fullwind-amp0200-freq1200-per240-depth580-mstop30-run1.csv,fullpanel-fullwind-amp0200-freq1200-per240-depth580-mstop30-run1.csv,9373/340,1.20000,0.20000,full,below_90_loose230,20,4160,15.86694,1.69702,3.60036
/Users/ole/Kodevik/wave_project/wavedata/20260326-ProbePos4_31_FPV_2-tett6roof-under9Mooring-height100-lowrange/fullpanel-fullwind-amp0200-freq1200-per240-depth580-mstop30-run1.csv,fullpanel-fullwind-amp0200-freq1200-per240-depth580-mstop30-run1.csv,12400/250,1.20000,0.20000,full,below_90_loose230,5,1040,12.65912,0.66678,0.57892
/Users/ole/Kodevik/wave_project/wavedata/20260326-ProbePos4_31_FPV_2-tett6roof-under9Mooring-height100-lowrange/fullpanel-fullwind-amp0200-freq1200-per240-depth580-mstop30-run1.csv,fullpanel-fullwind-amp0200-freq1200-per240-depth580-mstop30-run1.csv,12400/250,1.20000,0.20000,full,below_90_loose230,8,1664,12.78418,0.62924,0.59470
/Users/ole/Kodevik/wave_project/wavedata/20260326-ProbePos4_31_FPV_2-tett6roof-under9Mooring-height100-lowrange/fullpanel-fullwind-amp0200-freq1200-per240-depth580-mstop30-run1.csv,fullpanel-fullwind-amp0200-freq1200-per240-depth580-mstop30-run1.csv,12400/250,1.20000,0.20000,full,below_90_loose230,10,2080,12.84966,0.63454,0.60486
/Users/ole/Kodevik/wave_project/wavedata/20260326-ProbePos4_31_FPV_2-tett6roof-under9Mooring-height100-lowrange/fullpanel-fullwind-amp0200-freq1200-per240-depth580-mstop30-run1.csv,fullpanel-fullwind-amp0200-freq1200-per240-depth580-mstop30-run1.csv,12400/250,1.20000,0.20000,full,below_90_loose230,12,2496,12.90035,0.62816,0.68002
/Users/ole/Kodevik/wave_project/wavedata/20260326-ProbePos4_31_FPV_2-tett6roof-under9Mooring-height100-lowrange/fullpanel-fullwind-amp0200-freq1200-per240-depth580-mstop30-run1.csv,fullpanel-fullwind-amp0200-freq1200-per240-depth580-mstop30-run1.csv,12400/250,1.20000,0.20000,full,below_90_loose230,15,3120,12.89643,0.60326,0.71830
/Users/ole/Kodevik/wave_project/wavedata/20260326-ProbePos4_31_FPV_2-tett6roof-under9Mooring-height100-lowrange/fullpanel-fullwind-amp0200-freq1200-per240-depth580-mstop30-run1.csv,fullpanel-fullwind-amp0200-freq1200-per240-depth580-mstop30-run1.csv,12400/250,1.20000,0.20000,full,below_90_loose230,20,4160,12.89401,0.63128,0.80320
/Users/ole/Kodevik/wave_project/wavedata/20260326-ProbePos4_31_FPV_2-tett6roof-under9Mooring-height100-lowrange/fullpanel-nowind-amp0100-freq1300-per240-depth580-mstop30-run1.csv,fullpanel-nowind-amp0100-freq1300-per240-depth580-mstop30-run1.csv,9373/170,1.30000,0.10000,no,below_90_loose230,5,960,7.33453,0.28789,0.22810
/Users/ole/Kodevik/wave_project/wavedata/20260326-ProbePos4_31_FPV_2-tett6roof-under9Mooring-height100-lowrange/fullpanel-nowind-amp0100-freq1300-per240-depth580-mstop30-run1.csv,fullpanel-nowind-amp0100-freq1300-per240-depth580-mstop30-run1.csv,9373/170,1.30000,0.10000,no,below_90_loose230,8,1536,7.31591,0.28174,0.24390
/Users/ole/Kodevik/wave_project/wavedata/20260326-ProbePos4_31_FPV_2-tett6roof-under9Mooring-height100-lowrange/fullpanel-nowind-amp0100-freq1300-per240-depth580-mstop30-run1.csv,fullpanel-nowind-amp0100-freq1300-per240-depth580-mstop30-run1.csv,9373/170,1.30000,0.10000,no,below_90_loose230,10,1920,7.32955,0.28845,0.25119
/Users/ole/Kodevik/wave_project/wavedata/20260326-ProbePos4_31_FPV_2-tett6roof-under9Mooring-height100-lowrange/fullpanel-nowind-amp0100-freq1300-per240-depth580-mstop30-run1.csv,fullpanel-nowind-amp0100-freq1300-per240-depth580-mstop30-run1.csv,9373/170,1.30000,0.10000,no,below_90_loose230,12,2304,7.34131,0.27213,0.25077
/Users/ole/Kodevik/wave_project/wavedata/20260326-ProbePos4_31_FPV_2-tett6roof-under9Mooring-height100-lowrange/fullpanel-nowind-amp0100-freq1300-per240-depth580-mstop30-run1.csv,fullpanel-nowind-amp0100-freq1300-per240-depth580-mstop30-run1.csv,9373/170,1.30000,0.10000,no,below_90_loose230,15,2880,7.31735,0.23889,0.25108
/Users/ole/Kodevik/wave_project/wavedata/20260326-ProbePos4_31_FPV_2-tett6roof-under9Mooring-height100-lowrange/fullpanel-nowind-amp0100-freq1300-per240-depth580-mstop30-run1.csv,fullpanel-nowind-amp0100-freq1300-per240-depth580-mstop30-run1.csv,9373/170,1.30000,0.10000,no,below_90_loose230,20,3840,7.29763,0.23253,0.25196
/Users/ole/Kodevik/wave_project/wavedata/20260326-ProbePos4_31_FPV_2-tett6roof-under9Mooring-height100-lowrange/fullpanel-nowind-amp0100-freq1300-per240-depth580-mstop30-run1.csv,fullpanel-nowind-amp0100-freq1300-per240-depth580-mstop30-run1.csv,9373/340,1.30000,0.10000,no,below_90_loose230,5,960,7.26322,0.52495,0.24495
/Users/ole/Kodevik/wave_project/wavedata/20260326-ProbePos4_31_FPV_2-tett6roof-under9Mooring-height100-lowrange/fullpanel-nowind-amp0100-freq1300-per240-depth580-mstop30-run1.csv,fullpanel-nowind-amp0100-freq1300-per240-depth580-mstop30-run1.csv,9373/340,1.30000,0.10000,no,below_90_loose230,8,1536,7.26255,0.47914,0.28710
/Users/ole/Kodevik/wave_project/wavedata/20260326-ProbePos4_31_FPV_2-tett6roof-under9Mooring-height100-lowrange/fullpanel-nowind-amp0100-freq1300-per240-depth580-mstop30-run1.csv,fullpanel-nowind-amp0100-freq1300-per240-depth580-mstop30-run1.csv,9373/340,1.30000,0.10000,no,below_90_loose230,10,1920,7.29113,0.46950,0.29803
/Users/ole/Kodevik/wave_project/wavedata/20260326-ProbePos4_31_FPV_2-tett6roof-under9Mooring-height100-lowrange/fullpanel-nowind-amp0100-freq1300-per240-depth580-mstop30-run1.csv,fullpanel-nowind-amp0100-freq1300-per240-depth580-mstop30-run1.csv,9373/340,1.30000,0.10000,no,below_90_loose230,12,2304,7.32108,0.42339,0.30085
/Users/ole/Kodevik/wave_project/wavedata/20260326-ProbePos4_31_FPV_2-tett6roof-under9Mooring-height100-lowrange/fullpanel-nowind-amp0100-freq1300-per240-depth580-mstop30-run1.csv,fullpanel-nowind-amp0100-freq1300-per240-depth580-mstop30-run1.csv,9373/340,1.30000,0.10000,no,below_90_loose230,15,2880,7.30470,0.38498,0.29538
/Users/ole/Kodevik/wave_project/wavedata/20260326-ProbePos4_31_FPV_2-tett6roof-under9Mooring-height100-lowrange/fullpanel-nowind-amp0100-freq1300-per240-depth580-mstop30-run1.csv,fullpanel-nowind-amp0100-freq1300-per240-depth580-mstop30-run1.csv,9373/340,1.30000,0.10000,no,below_90_loose230,20,3840,7.30782,0.35758,0.29840
/Users/ole/Kodevik/wave_project/wavedata/20260326-ProbePos4_31_FPV_2-tett6roof-under9Mooring-height100-lowrange/fullpanel-nowind-amp0100-freq1300-per240-depth580-mstop30-run1.csv,fullpanel-nowind-amp0100-freq1300-per240-depth580-mstop30-run1.csv,12400/250,1.30000,0.10000,no,below_90_loose230,5,960,5.56036,0.19981,0.18255
/Users/ole/Kodevik/wave_project/wavedata/20260326-ProbePos4_31_FPV_2-tett6roof-under9Mooring-height100-lowrange/fullpanel-nowind-amp0100-freq1300-per240-depth580-mstop30-run1.csv,fullpanel-nowind-amp0100-freq1300-per240-depth580-mstop30-run1.csv,12400/250,1.30000,0.10000,no,below_90_loose230,8,1536,5.47250,0.20181,0.23821
/Users/ole/Kodevik/wave_project/wavedata/20260326-ProbePos4_31_FPV_2-tett6roof-under9Mooring-height100-lowrange/fullpanel-nowind-amp0100-freq1300-per240-depth580-mstop30-run1.csv,fullpanel-nowind-amp0100-freq1300-per240-depth580-mstop30-run1.csv,12400/250,1.30000,0.10000,no,below_90_loose230,10,1920,5.47004,0.20076,0.22868
/Users/ole/Kodevik/wave_project/wavedata/20260326-ProbePos4_31_FPV_2-tett6roof-under9Mooring-height100-lowrange/fullpanel-nowind-amp0100-freq1300-per240-depth580-mstop30-run1.csv,fullpanel-nowind-amp0100-freq1300-per240-depth580-mstop30-run1.csv,12400/250,1.30000,0.10000,no,below_90_loose230,12,2304,5.45211,0.19488,0.22725
/Users/ole/Kodevik/wave_project/wavedata/20260326-ProbePos4_31_FPV_2-tett6roof-under9Mooring-height100-lowrange/fullpanel-nowind-amp0100-freq1300-per240-depth580-mstop30-run1.csv,fullpanel-nowind-amp0100-freq1300-per240-depth580-mstop30-run1.csv,12400/250,1.30000,0.10000,no,below_90_loose230,15,2880,5.41508,0.17487,0.22798
/Users/ole/Kodevik/wave_project/wavedata/20260326-ProbePos4_31_FPV_2-tett6roof-under9Mooring-height100-lowrange/fullpanel-nowind-amp0100-freq1300-per240-depth580-mstop30-run1.csv,fullpanel-nowind-amp0100-freq1300-per240-depth580-mstop30-run1.csv,12400/250,1.30000,0.10000,no,below_90_loose230,20,3840,5.38516,0.17430,0.24361
/Users/ole/Kodevik/wave_project/wavedata/20260326-ProbePos4_31_FPV_2-tett6roof-under9Mooring-height100-lowrange/fullpanel-fullwind-amp0100-freq1500-per240-depth580-mstop30-run1.csv,fullpanel-fullwind-amp0100-freq1500-per240-depth580-mstop30-run1.csv,9373/170,1.50000,0.10000,full,below_90_loose230,5,835,7.11870,0.55601,2.15533
/Users/ole/Kodevik/wave_project/wavedata/20260326-ProbePos4_31_FPV_2-tett6roof-under9Mooring-height100-lowrange/fullpanel-fullwind-amp0100-freq1500-per240-depth580-mstop30-run1.csv,fullpanel-fullwind-amp0100-freq1500-per240-depth580-mstop30-run1.csv,9373/170,1.50000,0.10000,full,below_90_loose230,8,1336,7.04724,0.62948,2.30840
/Users/ole/Kodevik/wave_project/wavedata/20260326-ProbePos4_31_FPV_2-tett6roof-under9Mooring-height100-lowrange/fullpanel-fullwind-amp0100-freq1500-per240-depth580-mstop30-run1.csv,fullpanel-fullwind-amp0100-freq1500-per240-depth580-mstop30-run1.csv,9373/170,1.50000,0.10000,full,below_90_loose230,10,1670,7.13901,0.75272,2.30547
/Users/ole/Kodevik/wave_project/wavedata/20260326-ProbePos4_31_FPV_2-tett6roof-under9Mooring-height100-lowrange/fullpanel-fullwind-amp0100-freq1500-per240-depth580-mstop30-run1.csv,fullpanel-fullwind-amp0100-freq1500-per240-depth580-mstop30-run1.csv,9373/170,1.50000,0.10000,full,below_90_loose230,12,2004,7.31470,0.82884,2.28837
/Users/ole/Kodevik/wave_project/wavedata/20260326-ProbePos4_31_FPV_2-tett6roof-under9Mooring-height100-lowrange/fullpanel-fullwind-amp0100-freq1500-per240-depth580-mstop30-run1.csv,fullpanel-fullwind-amp0100-freq1500-per240-depth580-mstop30-run1.csv,9373/170,1.50000,0.10000,full,below_90_loose230,15,2505,7.30301,0.71749,2.30339
/Users/ole/Kodevik/wave_project/wavedata/20260326-ProbePos4_31_FPV_2-tett6roof-under9Mooring-height100-lowrange/fullpanel-fullwind-amp0100-freq1500-per240-depth580-mstop30-run1.csv,fullpanel-fullwind-amp0100-freq1500-per240-depth580-mstop30-run1.csv,9373/170,1.50000,0.10000,full,below_90_loose230,20,3340,7.49366,0.77344,2.43630
/Users/ole/Kodevik/wave_project/wavedata/20260326-ProbePos4_31_FPV_2-tett6roof-under9Mooring-height100-lowrange/fullpanel-fullwind-amp0100-freq1500-per240-depth580-mstop30-run1.csv,fullpanel-fullwind-amp0100-freq1500-per240-depth580-mstop30-run1.csv,9373/340,1.50000,0.10000,full,below_90_loose230,5,835,8.40095,0.11861,2.46264
/Users/ole/Kodevik/wave_project/wavedata/20260326-ProbePos4_31_FPV_2-tett6roof-under9Mooring-height100-lowrange/fullpanel-fullwind-amp0100-freq1500-per240-depth580-mstop30-run1.csv,fullpanel-fullwind-amp0100-freq1500-per240-depth580-mstop30-run1.csv,9373/340,1.50000,0.10000,full,below_90_loose230,8,1336,8.35623,0.40275,2.50820
/Users/ole/Kodevik/wave_project/wavedata/20260326-ProbePos4_31_FPV_2-tett6roof-under9Mooring-height100-lowrange/fullpanel-fullwind-amp0100-freq1500-per240-depth580-mstop30-run1.csv,fullpanel-fullwind-amp0100-freq1500-per240-depth580-mstop30-run1.csv,9373/340,1.50000,0.10000,full,below_90_loose230,10,1670,8.44186,0.48371,2.47162
/Users/ole/Kodevik/wave_project/wavedata/20260326-ProbePos4_31_FPV_2-tett6roof-under9Mooring-height100-lowrange/fullpanel-fullwind-amp0100-freq1500-per240-depth580-mstop30-run1.csv,fullpanel-fullwind-amp0100-freq1500-per240-depth580-mstop30-run1.csv,9373/340,1.50000,0.10000,full,below_90_loose230,12,2004,8.51605,0.86806,2.53021
/Users/ole/Kodevik/wave_project/wavedata/20260326-ProbePos4_31_FPV_2-tett6roof-under9Mooring-height100-lowrange/fullpanel-fullwind-amp0100-freq1500-per240-depth580-mstop30-run1.csv,fullpanel-fullwind-amp0100-freq1500-per240-depth580-mstop30-run1.csv,9373/340,1.50000,0.10000,full,below_90_loose230,15,2505,8.35431,0.52290,2.81206
/Users/ole/Kodevik/wave_project/wavedata/20260326-ProbePos4_31_FPV_2-tett6roof-under9Mooring-height100-lowrange/fullpanel-fullwind-amp0100-freq1500-per240-depth580-mstop30-run1.csv,fullpanel-fullwind-amp0100-freq1500-per240-depth580-mstop30-run1.csv,9373/340,1.50000,0.10000,full,below_90_loose230,20,3340,8.18855,0.50797,2.72034
/Users/ole/Kodevik/wave_project/wavedata/20260326-ProbePos4_31_FPV_2-tett6roof-under9Mooring-height100-lowrange/fullpanel-fullwind-amp0100-freq1500-per240-depth580-mstop30-run1.csv,fullpanel-fullwind-amp0100-freq1500-per240-depth580-mstop30-run1.csv,12400/250,1.50000,0.10000,full,below_90_loose230,5,835,5.51987,0.19377,0.48891
/Users/ole/Kodevik/wave_project/wavedata/20260326-ProbePos4_31_FPV_2-tett6roof-under9Mooring-height100-lowrange/fullpanel-fullwind-amp0100-freq1500-per240-depth580-mstop30-run1.csv,fullpanel-fullwind-amp0100-freq1500-per240-depth580-mstop30-run1.csv,12400/250,1.50000,0.10000,full,below_90_loose230,8,1336,5.47416,0.19894,0.57256
/Users/ole/Kodevik/wave_project/wavedata/20260326-ProbePos4_31_FPV_2-tett6roof-under9Mooring-height100-lowrange/fullpanel-fullwind-amp0100-freq1500-per240-depth580-mstop30-run1.csv,fullpanel-fullwind-amp0100-freq1500-per240-depth580-mstop30-run1.csv,12400/250,1.50000,0.10000,full,below_90_loose230,10,1670,5.48385,0.18758,0.61239
/Users/ole/Kodevik/wave_project/wavedata/20260326-ProbePos4_31_FPV_2-tett6roof-under9Mooring-height100-lowrange/fullpanel-fullwind-amp0100-freq1500-per240-depth580-mstop30-run1.csv,fullpanel-fullwind-amp0100-freq1500-per240-depth580-mstop30-run1.csv,12400/250,1.50000,0.10000,full,below_90_loose230,12,2004,5.50479,0.18627,0.59267
/Users/ole/Kodevik/wave_project/wavedata/20260326-ProbePos4_31_FPV_2-tett6roof-under9Mooring-height100-lowrange/fullpanel-fullwind-amp0100-freq1500-per240-depth580-mstop30-run1.csv,fullpanel-fullwind-amp0100-freq1500-per240-depth580-mstop30-run1.csv,12400/250,1.50000,0.10000,full,below_90_loose230,15,2505,5.52217,0.18557,0.58384
/Users/ole/Kodevik/wave_project/wavedata/20260326-ProbePos4_31_FPV_2-tett6roof-under9Mooring-height100-lowrange/fullpanel-fullwind-amp0100-freq1500-per240-depth580-mstop30-run1.csv,fullpanel-fullwind-amp0100-freq1500-per240-depth580-mstop30-run1.csv,12400/250,1.50000,0.10000,full,below_90_loose230,20,3340,5.50143,0.18237,0.59362
/Users/ole/Kodevik/wave_project/wavedata/20260326-ProbePos4_31_FPV_2-tett6roof-under9Mooring-height100-lowrange/fullpanel-nowind-amp0100-freq1300-per240-depth580-mstop30-run2.csv,fullpanel-nowind-amp0100-freq1300-per240-depth580-mstop30-run2.csv,9373/170,1.30000,0.10000,no,below_90_loose230,5,960,7.32171,0.20529,0.25977
/Users/ole/Kodevik/wave_project/wavedata/20260326-ProbePos4_31_FPV_2-tett6roof-under9Mooring-height100-lowrange/fullpanel-nowind-amp0100-freq1300-per240-depth580-mstop30-run2.csv,fullpanel-nowind-amp0100-freq1300-per240-depth580-mstop30-run2.csv,9373/170,1.30000,0.10000,no,below_90_loose230,8,1536,7.30709,0.23794,0.31202
/Users/ole/Kodevik/wave_project/wavedata/20260326-ProbePos4_31_FPV_2-tett6roof-under9Mooring-height100-lowrange/fullpanel-nowind-amp0100-freq1300-per240-depth580-mstop30-run2.csv,fullpanel-nowind-amp0100-freq1300-per240-depth580-mstop30-run2.csv,9373/170,1.30000,0.10000,no,below_90_loose230,10,1920,7.25767,0.25104,0.37971
/Users/ole/Kodevik/wave_project/wavedata/20260326-ProbePos4_31_FPV_2-tett6roof-under9Mooring-height100-lowrange/fullpanel-nowind-amp0100-freq1300-per240-depth580-mstop30-run2.csv,fullpanel-nowind-amp0100-freq1300-per240-depth580-mstop30-run2.csv,9373/170,1.30000,0.10000,no,below_90_loose230,12,2304,7.31389,0.23760,0.44944
/Users/ole/Kodevik/wave_project/wavedata/20260326-ProbePos4_31_FPV_2-tett6roof-under9Mooring-height100-lowrange/fullpanel-nowind-amp0100-freq1300-per240-depth580-mstop30-run2.csv,fullpanel-nowind-amp0100-freq1300-per240-depth580-mstop30-run2.csv,9373/170,1.30000,0.10000,no,below_90_loose230,15,2880,7.20604,0.24097,0.75733
/Users/ole/Kodevik/wave_project/wavedata/20260326-ProbePos4_31_FPV_2-tett6roof-under9Mooring-height100-lowrange/fullpanel-nowind-amp0100-freq1300-per240-depth580-mstop30-run2.csv,fullpanel-nowind-amp0100-freq1300-per240-depth580-mstop30-run2.csv,9373/170,1.30000,0.10000,no,below_90_loose230,20,3840,5.80066,0.28656,1.97705
/Users/ole/Kodevik/wave_project/wavedata/20260326-ProbePos4_31_FPV_2-tett6roof-under9Mooring-height100-lowrange/fullpanel-nowind-amp0100-freq1300-per240-depth580-mstop30-run2.csv,fullpanel-nowind-amp0100-freq1300-per240-depth580-mstop30-run2.csv,9373/340,1.30000,0.10000,no,below_90_loose230,5,960,7.37442,0.32672,0.33099
/Users/ole/Kodevik/wave_project/wavedata/20260326-ProbePos4_31_FPV_2-tett6roof-under9Mooring-height100-lowrange/fullpanel-nowind-amp0100-freq1300-per240-depth580-mstop30-run2.csv,fullpanel-nowind-amp0100-freq1300-per240-depth580-mstop30-run2.csv,9373/340,1.30000,0.10000,no,below_90_loose230,8,1536,7.33649,0.31943,0.39233
/Users/ole/Kodevik/wave_project/wavedata/20260326-ProbePos4_31_FPV_2-tett6roof-under9Mooring-height100-lowrange/fullpanel-nowind-amp0100-freq1300-per240-depth580-mstop30-run2.csv,fullpanel-nowind-amp0100-freq1300-per240-depth580-mstop30-run2.csv,9373/340,1.30000,0.10000,no,below_90_loose230,10,1920,7.28370,0.30791,0.44713
/Users/ole/Kodevik/wave_project/wavedata/20260326-ProbePos4_31_FPV_2-tett6roof-under9Mooring-height100-lowrange/fullpanel-nowind-amp0100-freq1300-per240-depth580-mstop30-run2.csv,fullpanel-nowind-amp0100-freq1300-per240-depth580-mstop30-run2.csv,9373/340,1.30000,0.10000,no,below_90_loose230,12,2304,7.34070,0.28597,0.50429
/Users/ole/Kodevik/wave_project/wavedata/20260326-ProbePos4_31_FPV_2-tett6roof-under9Mooring-height100-lowrange/fullpanel-nowind-amp0100-freq1300-per240-depth580-mstop30-run2.csv,fullpanel-nowind-amp0100-freq1300-per240-depth580-mstop30-run2.csv,9373/340,1.30000,0.10000,no,below_90_loose230,15,2880,7.25772,0.22739,0.77960
/Users/ole/Kodevik/wave_project/wavedata/20260326-ProbePos4_31_FPV_2-tett6roof-under9Mooring-height100-lowrange/fullpanel-nowind-amp0100-freq1300-per240-depth580-mstop30-run2.csv,fullpanel-nowind-amp0100-freq1300-per240-depth580-mstop30-run2.csv,9373/340,1.30000,0.10000,no,below_90_loose230,20,3840,5.86914,0.26307,1.96341
/Users/ole/Kodevik/wave_project/wavedata/20260326-ProbePos4_31_FPV_2-tett6roof-under9Mooring-height100-lowrange/fullpanel-nowind-amp0100-freq1300-per240-depth580-mstop30-run2.csv,fullpanel-nowind-amp0100-freq1300-per240-depth580-mstop30-run2.csv,12400/250,1.30000,0.10000,no,below_90_loose230,5,960,5.36540,0.17052,0.28530
/Users/ole/Kodevik/wave_project/wavedata/20260326-ProbePos4_31_FPV_2-tett6roof-under9Mooring-height100-lowrange/fullpanel-nowind-amp0100-freq1300-per240-depth580-mstop30-run2.csv,fullpanel-nowind-amp0100-freq1300-per240-depth580-mstop30-run2.csv,12400/250,1.30000,0.10000,no,below_90_loose230,8,1536,5.35311,0.15776,0.35157
/Users/ole/Kodevik/wave_project/wavedata/20260326-ProbePos4_31_FPV_2-tett6roof-under9Mooring-height100-lowrange/fullpanel-nowind-amp0100-freq1300-per240-depth580-mstop30-run2.csv,fullpanel-nowind-amp0100-freq1300-per240-depth580-mstop30-run2.csv,12400/250,1.30000,0.10000,no,below_90_loose230,10,1920,5.23461,0.13669,0.40650
/Users/ole/Kodevik/wave_project/wavedata/20260326-ProbePos4_31_FPV_2-tett6roof-under9Mooring-height100-lowrange/fullpanel-nowind-amp0100-freq1300-per240-depth580-mstop30-run2.csv,fullpanel-nowind-amp0100-freq1300-per240-depth580-mstop30-run2.csv,12400/250,1.30000,0.10000,no,below_90_loose230,12,2304,5.35760,0.13016,0.47481
/Users/ole/Kodevik/wave_project/wavedata/20260326-ProbePos4_31_FPV_2-tett6roof-under9Mooring-height100-lowrange/fullpanel-nowind-amp0100-freq1300-per240-depth580-mstop30-run2.csv,fullpanel-nowind-amp0100-freq1300-per240-depth580-mstop30-run2.csv,12400/250,1.30000,0.10000,no,below_90_loose230,15,2880,5.33172,0.16448,0.69729
/Users/ole/Kodevik/wave_project/wavedata/20260326-ProbePos4_31_FPV_2-tett6roof-under9Mooring-height100-lowrange/fullpanel-nowind-amp0100-freq1300-per240-depth580-mstop30-run2.csv,fullpanel-nowind-amp0100-freq1300-per240-depth580-mstop30-run2.csv,12400/250,1.30000,0.10000,no,below_90_loose230,20,3840,4.46639,0.16204,1.28843
/Users/ole/Kodevik/wave_project/wavedata/20260326-ProbePos4_31_FPV_2-tett6roof-under9Mooring-height100-lowrange/fullpanel-fullwind-amp0200-freq1700-per240-depth580-mstop30-run1.csv,fullpanel-fullwind-amp0200-freq1700-per240-depth580-mstop30-run1.csv,9373/170,1.70000,0.20000,full,below_90_loose230,5,735,14.29863,2.29295,2.20724
/Users/ole/Kodevik/wave_project/wavedata/20260326-ProbePos4_31_FPV_2-tett6roof-under9Mooring-height100-lowrange/fullpanel-fullwind-amp0200-freq1700-per240-depth580-mstop30-run1.csv,fullpanel-fullwind-amp0200-freq1700-per240-depth580-mstop30-run1.csv,9373/170,1.70000,0.20000,full,below_90_loose230,8,1176,13.88173,2.13718,2.27375
/Users/ole/Kodevik/wave_project/wavedata/20260326-ProbePos4_31_FPV_2-tett6roof-under9Mooring-height100-lowrange/fullpanel-fullwind-amp0200-freq1700-per240-depth580-mstop30-run1.csv,fullpanel-fullwind-amp0200-freq1700-per240-depth580-mstop30-run1.csv,9373/170,1.70000,0.20000,full,below_90_loose230,10,1470,13.62033,2.07742,2.51661
/Users/ole/Kodevik/wave_project/wavedata/20260326-ProbePos4_31_FPV_2-tett6roof-under9Mooring-height100-lowrange/fullpanel-fullwind-amp0200-freq1700-per240-depth580-mstop30-run1.csv,fullpanel-fullwind-amp0200-freq1700-per240-depth580-mstop30-run1.csv,9373/170,1.70000,0.20000,full,below_90_loose230,12,1764,13.59917,1.79002,2.60059
/Users/ole/Kodevik/wave_project/wavedata/20260326-ProbePos4_31_FPV_2-tett6roof-under9Mooring-height100-lowrange/fullpanel-fullwind-amp0200-freq1700-per240-depth580-mstop30-run1.csv,fullpanel-fullwind-amp0200-freq1700-per240-depth580-mstop30-run1.csv,9373/170,1.70000,0.20000,full,below_90_loose230,15,2205,13.51474,1.40135,2.86748
/Users/ole/Kodevik/wave_project/wavedata/20260326-ProbePos4_31_FPV_2-tett6roof-under9Mooring-height100-lowrange/fullpanel-fullwind-amp0200-freq1700-per240-depth580-mstop30-run1.csv,fullpanel-fullwind-amp0200-freq1700-per240-depth580-mstop30-run1.csv,9373/170,1.70000,0.20000,full,below_90_loose230,20,2940,13.70906,0.88911,3.26767
/Users/ole/Kodevik/wave_project/wavedata/20260326-ProbePos4_31_FPV_2-tett6roof-under9Mooring-height100-lowrange/fullpanel-fullwind-amp0200-freq1700-per240-depth580-mstop30-run1.csv,fullpanel-fullwind-amp0200-freq1700-per240-depth580-mstop30-run1.csv,9373/340,1.70000,0.20000,full,below_90_loose230,5,735,16.64962,2.28956,2.88196
/Users/ole/Kodevik/wave_project/wavedata/20260326-ProbePos4_31_FPV_2-tett6roof-under9Mooring-height100-lowrange/fullpanel-fullwind-amp0200-freq1700-per240-depth580-mstop30-run1.csv,fullpanel-fullwind-amp0200-freq1700-per240-depth580-mstop30-run1.csv,9373/340,1.70000,0.20000,full,below_90_loose230,8,1176,16.69356,0.93469,3.04538
/Users/ole/Kodevik/wave_project/wavedata/20260326-ProbePos4_31_FPV_2-tett6roof-under9Mooring-height100-lowrange/fullpanel-fullwind-amp0200-freq1700-per240-depth580-mstop30-run1.csv,fullpanel-fullwind-amp0200-freq1700-per240-depth580-mstop30-run1.csv,9373/340,1.70000,0.20000,full,below_90_loose230,10,1470,16.42865,1.02256,3.32904
/Users/ole/Kodevik/wave_project/wavedata/20260326-ProbePos4_31_FPV_2-tett6roof-under9Mooring-height100-lowrange/fullpanel-fullwind-amp0200-freq1700-per240-depth580-mstop30-run1.csv,fullpanel-fullwind-amp0200-freq1700-per240-depth580-mstop30-run1.csv,9373/340,1.70000,0.20000,full,below_90_loose230,12,1764,16.35483,0.48544,3.56266
/Users/ole/Kodevik/wave_project/wavedata/20260326-ProbePos4_31_FPV_2-tett6roof-under9Mooring-height100-lowrange/fullpanel-fullwind-amp0200-freq1700-per240-depth580-mstop30-run1.csv,fullpanel-fullwind-amp0200-freq1700-per240-depth580-mstop30-run1.csv,9373/340,1.70000,0.20000,full,below_90_loose230,15,2205,16.31836,0.60835,3.81115
/Users/ole/Kodevik/wave_project/wavedata/20260326-ProbePos4_31_FPV_2-tett6roof-under9Mooring-height100-lowrange/fullpanel-fullwind-amp0200-freq1700-per240-depth580-mstop30-run1.csv,fullpanel-fullwind-amp0200-freq1700-per240-depth580-mstop30-run1.csv,9373/340,1.70000,0.20000,full,below_90_loose230,20,2940,16.42755,1.14408,4.06198
/Users/ole/Kodevik/wave_project/wavedata/20260326-ProbePos4_31_FPV_2-tett6roof-under9Mooring-height100-lowrange/fullpanel-fullwind-amp0200-freq1700-per240-depth580-mstop30-run1.csv,fullpanel-fullwind-amp0200-freq1700-per240-depth580-mstop30-run1.csv,12400/250,1.70000,0.20000,full,below_90_loose230,5,735,10.23950,0.67180,1.11809
/Users/ole/Kodevik/wave_project/wavedata/20260326-ProbePos4_31_FPV_2-tett6roof-under9Mooring-height100-lowrange/fullpanel-fullwind-amp0200-freq1700-per240-depth580-mstop30-run1.csv,fullpanel-fullwind-amp0200-freq1700-per240-depth580-mstop30-run1.csv,12400/250,1.70000,0.20000,full,below_90_loose230,8,1176,10.19092,0.64415,1.40224
/Users/ole/Kodevik/wave_project/wavedata/20260326-ProbePos4_31_FPV_2-tett6roof-under9Mooring-height100-lowrange/fullpanel-fullwind-amp0200-freq1700-per240-depth580-mstop30-run1.csv,fullpanel-fullwind-amp0200-freq1700-per240-depth580-mstop30-run1.csv,12400/250,1.70000,0.20000,full,below_90_loose230,10,1470,9.98569,0.68758,1.62262
/Users/ole/Kodevik/wave_project/wavedata/20260326-ProbePos4_31_FPV_2-tett6roof-under9Mooring-height100-lowrange/fullpanel-fullwind-amp0200-freq1700-per240-depth580-mstop30-run1.csv,fullpanel-fullwind-amp0200-freq1700-per240-depth580-mstop30-run1.csv,12400/250,1.70000,0.20000,full,below_90_loose230,12,1764,9.98740,0.73242,1.69132
/Users/ole/Kodevik/wave_project/wavedata/20260326-ProbePos4_31_FPV_2-tett6roof-under9Mooring-height100-lowrange/fullpanel-fullwind-amp0200-freq1700-per240-depth580-mstop30-run1.csv,fullpanel-fullwind-amp0200-freq1700-per240-depth580-mstop30-run1.csv,12400/250,1.70000,0.20000,full,below_90_loose230,15,2205,9.92118,0.66963,1.87033
/Users/ole/Kodevik/wave_project/wavedata/20260326-ProbePos4_31_FPV_2-tett6roof-under9Mooring-height100-lowrange/fullpanel-fullwind-amp0200-freq1700-per240-depth580-mstop30-run1.csv,fullpanel-fullwind-amp0200-freq1700-per240-depth580-mstop30-run1.csv,12400/250,1.70000,0.20000,full,below_90_loose230,20,2940,9.97809,0.65819,2.04089
/Users/ole/Kodevik/wave_project/wavedata/20260326-ProbePos4_31_FPV_2-tett6roof-under9Mooring-height100-lowrange/fullpanel-fullwind-amp0300-freq1600-per240-depth580-mstop330-run1.csv,fullpanel-fullwind-amp0300-freq1600-per240-depth580-mstop330-run1.csv,9373/170,1.60000,0.30000,full,below_90_loose230,5,780,24.43499,1.72642,2.12739
/Users/ole/Kodevik/wave_project/wavedata/20260326-ProbePos4_31_FPV_2-tett6roof-under9Mooring-height100-lowrange/fullpanel-fullwind-amp0300-freq1600-per240-depth580-mstop330-run1.csv,fullpanel-fullwind-amp0300-freq1600-per240-depth580-mstop330-run1.csv,9373/170,1.60000,0.30000,full,below_90_loose230,8,1248,24.47912,2.16009,2.47496
/Users/ole/Kodevik/wave_project/wavedata/20260326-ProbePos4_31_FPV_2-tett6roof-under9Mooring-height100-lowrange/fullpanel-fullwind-amp0300-freq1600-per240-depth580-mstop330-run1.csv,fullpanel-fullwind-amp0300-freq1600-per240-depth580-mstop330-run1.csv,9373/170,1.60000,0.30000,full,below_90_loose230,10,1560,24.24468,1.84726,2.59473
/Users/ole/Kodevik/wave_project/wavedata/20260326-ProbePos4_31_FPV_2-tett6roof-under9Mooring-height100-lowrange/fullpanel-fullwind-amp0300-freq1600-per240-depth580-mstop330-run1.csv,fullpanel-fullwind-amp0300-freq1600-per240-depth580-mstop330-run1.csv,9373/170,1.60000,0.30000,full,below_90_loose230,12,1872,24.13461,1.61009,2.56245
/Users/ole/Kodevik/wave_project/wavedata/20260326-ProbePos4_31_FPV_2-tett6roof-under9Mooring-height100-lowrange/fullpanel-fullwind-amp0300-freq1600-per240-depth580-mstop330-run1.csv,fullpanel-fullwind-amp0300-freq1600-per240-depth580-mstop330-run1.csv,9373/170,1.60000,0.30000,full,below_90_loose230,15,2340,23.99750,1.42641,2.56506
/Users/ole/Kodevik/wave_project/wavedata/20260326-ProbePos4_31_FPV_2-tett6roof-under9Mooring-height100-lowrange/fullpanel-fullwind-amp0300-freq1600-per240-depth580-mstop330-run1.csv,fullpanel-fullwind-amp0300-freq1600-per240-depth580-mstop330-run1.csv,9373/170,1.60000,0.30000,full,below_90_loose230,20,3120,24.18282,1.33688,2.75270
/Users/ole/Kodevik/wave_project/wavedata/20260326-ProbePos4_31_FPV_2-tett6roof-under9Mooring-height100-lowrange/fullpanel-fullwind-amp0300-freq1600-per240-depth580-mstop330-run1.csv,fullpanel-fullwind-amp0300-freq1600-per240-depth580-mstop330-run1.csv,9373/340,1.60000,0.30000,full,below_90_loose230,5,780,23.47622,0.34682,1.94332
/Users/ole/Kodevik/wave_project/wavedata/20260326-ProbePos4_31_FPV_2-tett6roof-under9Mooring-height100-lowrange/fullpanel-fullwind-amp0300-freq1600-per240-depth580-mstop330-run1.csv,fullpanel-fullwind-amp0300-freq1600-per240-depth580-mstop330-run1.csv,9373/340,1.60000,0.30000,full,below_90_loose230,8,1248,23.73382,0.41661,2.14182
/Users/ole/Kodevik/wave_project/wavedata/20260326-ProbePos4_31_FPV_2-tett6roof-under9Mooring-height100-lowrange/fullpanel-fullwind-amp0300-freq1600-per240-depth580-mstop330-run1.csv,fullpanel-fullwind-amp0300-freq1600-per240-depth580-mstop330-run1.csv,9373/340,1.60000,0.30000,full,below_90_loose230,10,1560,23.79010,0.71930,2.21279
/Users/ole/Kodevik/wave_project/wavedata/20260326-ProbePos4_31_FPV_2-tett6roof-under9Mooring-height100-lowrange/fullpanel-fullwind-amp0300-freq1600-per240-depth580-mstop330-run1.csv,fullpanel-fullwind-amp0300-freq1600-per240-depth580-mstop330-run1.csv,9373/340,1.60000,0.30000,full,below_90_loose230,12,1872,23.78370,1.22590,2.37330
/Users/ole/Kodevik/wave_project/wavedata/20260326-ProbePos4_31_FPV_2-tett6roof-under9Mooring-height100-lowrange/fullpanel-fullwind-amp0300-freq1600-per240-depth580-mstop330-run1.csv,fullpanel-fullwind-amp0300-freq1600-per240-depth580-mstop330-run1.csv,9373/340,1.60000,0.30000,full,below_90_loose230,15,2340,23.83648,1.67259,2.55335
/Users/ole/Kodevik/wave_project/wavedata/20260326-ProbePos4_31_FPV_2-tett6roof-under9Mooring-height100-lowrange/fullpanel-fullwind-amp0300-freq1600-per240-depth580-mstop330-run1.csv,fullpanel-fullwind-amp0300-freq1600-per240-depth580-mstop330-run1.csv,9373/340,1.60000,0.30000,full,below_90_loose230,20,3120,23.71688,2.17646,3.06123
/Users/ole/Kodevik/wave_project/wavedata/20260326-ProbePos4_31_FPV_2-tett6roof-under9Mooring-height100-lowrange/fullpanel-fullwind-amp0300-freq1600-per240-depth580-mstop330-run1.csv,fullpanel-fullwind-amp0300-freq1600-per240-depth580-mstop330-run1.csv,12400/250,1.60000,0.30000,full,below_90_loose230,5,780,16.90351,1.29436,1.07509
/Users/ole/Kodevik/wave_project/wavedata/20260326-ProbePos4_31_FPV_2-tett6roof-under9Mooring-height100-lowrange/fullpanel-fullwind-amp0300-freq1600-per240-depth580-mstop330-run1.csv,fullpanel-fullwind-amp0300-freq1600-per240-depth580-mstop330-run1.csv,12400/250,1.60000,0.30000,full,below_90_loose230,8,1248,16.97985,1.36498,1.08701
/Users/ole/Kodevik/wave_project/wavedata/20260326-ProbePos4_31_FPV_2-tett6roof-under9Mooring-height100-lowrange/fullpanel-fullwind-amp0300-freq1600-per240-depth580-mstop330-run1.csv,fullpanel-fullwind-amp0300-freq1600-per240-depth580-mstop330-run1.csv,12400/250,1.60000,0.30000,full,below_90_loose230,10,1560,16.82344,1.31009,1.18716
/Users/ole/Kodevik/wave_project/wavedata/20260326-ProbePos4_31_FPV_2-tett6roof-under9Mooring-height100-lowrange/fullpanel-fullwind-amp0300-freq1600-per240-depth580-mstop330-run1.csv,fullpanel-fullwind-amp0300-freq1600-per240-depth580-mstop330-run1.csv,12400/250,1.60000,0.30000,full,below_90_loose230,12,1872,16.93322,1.24478,1.24335
/Users/ole/Kodevik/wave_project/wavedata/20260326-ProbePos4_31_FPV_2-tett6roof-under9Mooring-height100-lowrange/fullpanel-fullwind-amp0300-freq1600-per240-depth580-mstop330-run1.csv,fullpanel-fullwind-amp0300-freq1600-per240-depth580-mstop330-run1.csv,12400/250,1.60000,0.30000,full,below_90_loose230,15,2340,16.90420,1.24966,1.37138
/Users/ole/Kodevik/wave_project/wavedata/20260326-ProbePos4_31_FPV_2-tett6roof-under9Mooring-height100-lowrange/fullpanel-fullwind-amp0300-freq1600-per240-depth580-mstop330-run1.csv,fullpanel-fullwind-amp0300-freq1600-per240-depth580-mstop330-run1.csv,12400/250,1.60000,0.30000,full,below_90_loose230,20,3120,16.75516,1.30543,1.96628
/Users/ole/Kodevik/wave_project/wavedata/20260326-ProbePos4_31_FPV_2-tett6roof-under9Mooring-height100-lowrange/fullpanel-fullwind-amp0100-freq1300-per240-depth580-mstop330-run1.csv,fullpanel-fullwind-amp0100-freq1300-per240-depth580-mstop330-run1.csv,9373/170,1.30000,0.10000,full,below_90_loose230,5,960,7.48403,0.82631,3.56019
/Users/ole/Kodevik/wave_project/wavedata/20260326-ProbePos4_31_FPV_2-tett6roof-under9Mooring-height100-lowrange/fullpanel-fullwind-amp0100-freq1300-per240-depth580-mstop330-run1.csv,fullpanel-fullwind-amp0100-freq1300-per240-depth580-mstop330-run1.csv,9373/170,1.30000,0.10000,full,below_90_loose230,8,1536,7.59085,0.48992,3.72061
/Users/ole/Kodevik/wave_project/wavedata/20260326-ProbePos4_31_FPV_2-tett6roof-under9Mooring-height100-lowrange/fullpanel-fullwind-amp0100-freq1300-per240-depth580-mstop330-run1.csv,fullpanel-fullwind-amp0100-freq1300-per240-depth580-mstop330-run1.csv,9373/170,1.30000,0.10000,full,below_90_loose230,10,1920,7.55575,0.48567,3.87802
/Users/ole/Kodevik/wave_project/wavedata/20260326-ProbePos4_31_FPV_2-tett6roof-under9Mooring-height100-lowrange/fullpanel-fullwind-amp0100-freq1300-per240-depth580-mstop330-run1.csv,fullpanel-fullwind-amp0100-freq1300-per240-depth580-mstop330-run1.csv,9373/170,1.30000,0.10000,full,below_90_loose230,12,2304,7.43857,0.37374,3.89897
/Users/ole/Kodevik/wave_project/wavedata/20260326-ProbePos4_31_FPV_2-tett6roof-under9Mooring-height100-lowrange/fullpanel-fullwind-amp0100-freq1300-per240-depth580-mstop330-run1.csv,fullpanel-fullwind-amp0100-freq1300-per240-depth580-mstop330-run1.csv,9373/170,1.30000,0.10000,full,below_90_loose230,15,2880,7.49460,0.43323,3.68987
/Users/ole/Kodevik/wave_project/wavedata/20260326-ProbePos4_31_FPV_2-tett6roof-under9Mooring-height100-lowrange/fullpanel-fullwind-amp0100-freq1300-per240-depth580-mstop330-run1.csv,fullpanel-fullwind-amp0100-freq1300-per240-depth580-mstop330-run1.csv,9373/170,1.30000,0.10000,full,below_90_loose230,20,3840,7.49567,0.56533,3.40268
/Users/ole/Kodevik/wave_project/wavedata/20260326-ProbePos4_31_FPV_2-tett6roof-under9Mooring-height100-lowrange/fullpanel-fullwind-amp0100-freq1300-per240-depth580-mstop330-run1.csv,fullpanel-fullwind-amp0100-freq1300-per240-depth580-mstop330-run1.csv,9373/340,1.30000,0.10000,full,below_90_loose230,5,960,7.46101,0.43223,3.02821
/Users/ole/Kodevik/wave_project/wavedata/20260326-ProbePos4_31_FPV_2-tett6roof-under9Mooring-height100-lowrange/fullpanel-fullwind-amp0100-freq1300-per240-depth580-mstop330-run1.csv,fullpanel-fullwind-amp0100-freq1300-per240-depth580-mstop330-run1.csv,9373/340,1.30000,0.10000,full,below_90_loose230,8,1536,7.29726,0.48798,3.24400
/Users/ole/Kodevik/wave_project/wavedata/20260326-ProbePos4_31_FPV_2-tett6roof-under9Mooring-height100-lowrange/fullpanel-fullwind-amp0100-freq1300-per240-depth580-mstop330-run1.csv,fullpanel-fullwind-amp0100-freq1300-per240-depth580-mstop330-run1.csv,9373/340,1.30000,0.10000,full,below_90_loose230,10,1920,7.33912,0.50721,3.08537
/Users/ole/Kodevik/wave_project/wavedata/20260326-ProbePos4_31_FPV_2-tett6roof-under9Mooring-height100-lowrange/fullpanel-fullwind-amp0100-freq1300-per240-depth580-mstop330-run1.csv,fullpanel-fullwind-amp0100-freq1300-per240-depth580-mstop330-run1.csv,9373/340,1.30000,0.10000,full,below_90_loose230,12,2304,7.35764,0.54723,3.08338
/Users/ole/Kodevik/wave_project/wavedata/20260326-ProbePos4_31_FPV_2-tett6roof-under9Mooring-height100-lowrange/fullpanel-fullwind-amp0100-freq1300-per240-depth580-mstop330-run1.csv,fullpanel-fullwind-amp0100-freq1300-per240-depth580-mstop330-run1.csv,9373/340,1.30000,0.10000,full,below_90_loose230,15,2880,7.46991,0.64754,3.03815
/Users/ole/Kodevik/wave_project/wavedata/20260326-ProbePos4_31_FPV_2-tett6roof-under9Mooring-height100-lowrange/fullpanel-fullwind-amp0100-freq1300-per240-depth580-mstop330-run1.csv,fullpanel-fullwind-amp0100-freq1300-per240-depth580-mstop330-run1.csv,9373/340,1.30000,0.10000,full,below_90_loose230,20,3840,7.56851,0.61977,3.25654
/Users/ole/Kodevik/wave_project/wavedata/20260326-ProbePos4_31_FPV_2-tett6roof-under9Mooring-height100-lowrange/fullpanel-fullwind-amp0100-freq1300-per240-depth580-mstop330-run1.csv,fullpanel-fullwind-amp0100-freq1300-per240-depth580-mstop330-run1.csv,12400/250,1.30000,0.10000,full,below_90_loose230,5,960,6.26763,0.07131,0.36630
/Users/ole/Kodevik/wave_project/wavedata/20260326-ProbePos4_31_FPV_2-tett6roof-under9Mooring-height100-lowrange/fullpanel-fullwind-amp0100-freq1300-per240-depth580-mstop330-run1.csv,fullpanel-fullwind-amp0100-freq1300-per240-depth580-mstop330-run1.csv,12400/250,1.30000,0.10000,full,below_90_loose230,8,1536,6.23362,0.08291,0.43047
/Users/ole/Kodevik/wave_project/wavedata/20260326-ProbePos4_31_FPV_2-tett6roof-under9Mooring-height100-lowrange/fullpanel-fullwind-amp0100-freq1300-per240-depth580-mstop330-run1.csv,fullpanel-fullwind-amp0100-freq1300-per240-depth580-mstop330-run1.csv,12400/250,1.30000,0.10000,full,below_90_loose230,10,1920,6.24328,0.08229,0.44679
/Users/ole/Kodevik/wave_project/wavedata/20260326-ProbePos4_31_FPV_2-tett6roof-under9Mooring-height100-lowrange/fullpanel-fullwind-amp0100-freq1300-per240-depth580-mstop330-run1.csv,fullpanel-fullwind-amp0100-freq1300-per240-depth580-mstop330-run1.csv,12400/250,1.30000,0.10000,full,below_90_loose230,12,2304,6.23747,0.09055,0.44281
/Users/ole/Kodevik/wave_project/wavedata/20260326-ProbePos4_31_FPV_2-tett6roof-under9Mooring-height100-lowrange/fullpanel-fullwind-amp0100-freq1300-per240-depth580-mstop330-run1.csv,fullpanel-fullwind-amp0100-freq1300-per240-depth580-mstop330-run1.csv,12400/250,1.30000,0.10000,full,below_90_loose230,15,2880,6.26384,0.09316,0.44433
/Users/ole/Kodevik/wave_project/wavedata/20260326-ProbePos4_31_FPV_2-tett6roof-under9Mooring-height100-lowrange/fullpanel-fullwind-amp0100-freq1300-per240-depth580-mstop330-run1.csv,fullpanel-fullwind-amp0100-freq1300-per240-depth580-mstop330-run1.csv,12400/250,1.30000,0.10000,full,below_90_loose230,20,3840,6.26093,0.07900,0.42779
/Users/ole/Kodevik/wave_project/wavedata/20260326-ProbePos4_31_FPV_2-tett6roof-under9Mooring-height100-lowrange/fullpanel-fullwind-amp0300-freq1300-per240-depth580-mstop30-run1.csv,fullpanel-fullwind-amp0300-freq1300-per240-depth580-mstop30-run1.csv,9373/170,1.30000,0.30000,full,below_90_loose230,5,960,21.16954,2.15804,2.19091
/Users/ole/Kodevik/wave_project/wavedata/20260326-ProbePos4_31_FPV_2-tett6roof-under9Mooring-height100-lowrange/fullpanel-fullwind-amp0300-freq1300-per240-depth580-mstop30-run1.csv,fullpanel-fullwind-amp0300-freq1300-per240-depth580-mstop30-run1.csv,9373/170,1.30000,0.30000,full,below_90_loose230,8,1536,21.52358,2.63217,2.38463
/Users/ole/Kodevik/wave_project/wavedata/20260326-ProbePos4_31_FPV_2-tett6roof-under9Mooring-height100-lowrange/fullpanel-fullwind-amp0300-freq1300-per240-depth580-mstop30-run1.csv,fullpanel-fullwind-amp0300-freq1300-per240-depth580-mstop30-run1.csv,9373/170,1.30000,0.30000,full,below_90_loose230,10,1920,21.86198,2.67797,2.38858
/Users/ole/Kodevik/wave_project/wavedata/20260326-ProbePos4_31_FPV_2-tett6roof-under9Mooring-height100-lowrange/fullpanel-fullwind-amp0300-freq1300-per240-depth580-mstop30-run1.csv,fullpanel-fullwind-amp0300-freq1300-per240-depth580-mstop30-run1.csv,9373/170,1.30000,0.30000,full,below_90_loose230,12,2304,22.08943,2.55850,2.58588
/Users/ole/Kodevik/wave_project/wavedata/20260326-ProbePos4_31_FPV_2-tett6roof-under9Mooring-height100-lowrange/fullpanel-fullwind-amp0300-freq1300-per240-depth580-mstop30-run1.csv,fullpanel-fullwind-amp0300-freq1300-per240-depth580-mstop30-run1.csv,9373/170,1.30000,0.30000,full,below_90_loose230,15,2880,22.42581,2.51015,2.57999
/Users/ole/Kodevik/wave_project/wavedata/20260326-ProbePos4_31_FPV_2-tett6roof-under9Mooring-height100-lowrange/fullpanel-fullwind-amp0300-freq1300-per240-depth580-mstop30-run1.csv,fullpanel-fullwind-amp0300-freq1300-per240-depth580-mstop30-run1.csv,9373/170,1.30000,0.30000,full,below_90_loose230,20,3840,22.62195,2.81201,2.54381
/Users/ole/Kodevik/wave_project/wavedata/20260326-ProbePos4_31_FPV_2-tett6roof-under9Mooring-height100-lowrange/fullpanel-fullwind-amp0300-freq1300-per240-depth580-mstop30-run1.csv,fullpanel-fullwind-amp0300-freq1300-per240-depth580-mstop30-run1.csv,9373/340,1.30000,0.30000,full,below_90_loose230,5,960,25.65081,3.63255,2.35782
/Users/ole/Kodevik/wave_project/wavedata/20260326-ProbePos4_31_FPV_2-tett6roof-under9Mooring-height100-lowrange/fullpanel-fullwind-amp0300-freq1300-per240-depth580-mstop30-run1.csv,fullpanel-fullwind-amp0300-freq1300-per240-depth580-mstop30-run1.csv,9373/340,1.30000,0.30000,full,below_90_loose230,8,1536,25.55555,3.79164,2.23818
/Users/ole/Kodevik/wave_project/wavedata/20260326-ProbePos4_31_FPV_2-tett6roof-under9Mooring-height100-lowrange/fullpanel-fullwind-amp0300-freq1300-per240-depth580-mstop30-run1.csv,fullpanel-fullwind-amp0300-freq1300-per240-depth580-mstop30-run1.csv,9373/340,1.30000,0.30000,full,below_90_loose230,10,1920,25.42817,3.69645,2.25826
/Users/ole/Kodevik/wave_project/wavedata/20260326-ProbePos4_31_FPV_2-tett6roof-under9Mooring-height100-lowrange/fullpanel-fullwind-amp0300-freq1300-per240-depth580-mstop30-run1.csv,fullpanel-fullwind-amp0300-freq1300-per240-depth580-mstop30-run1.csv,9373/340,1.30000,0.30000,full,below_90_loose230,12,2304,25.13065,3.55691,2.38511
/Users/ole/Kodevik/wave_project/wavedata/20260326-ProbePos4_31_FPV_2-tett6roof-under9Mooring-height100-lowrange/fullpanel-fullwind-amp0300-freq1300-per240-depth580-mstop30-run1.csv,fullpanel-fullwind-amp0300-freq1300-per240-depth580-mstop30-run1.csv,9373/340,1.30000,0.30000,full,below_90_loose230,15,2880,24.85622,3.72877,2.31905
/Users/ole/Kodevik/wave_project/wavedata/20260326-ProbePos4_31_FPV_2-tett6roof-under9Mooring-height100-lowrange/fullpanel-fullwind-amp0300-freq1300-per240-depth580-mstop30-run1.csv,fullpanel-fullwind-amp0300-freq1300-per240-depth580-mstop30-run1.csv,9373/340,1.30000,0.30000,full,below_90_loose230,20,3840,24.56094,3.84689,2.32033
/Users/ole/Kodevik/wave_project/wavedata/20260326-ProbePos4_31_FPV_2-tett6roof-under9Mooring-height100-lowrange/fullpanel-fullwind-amp0300-freq1300-per240-depth580-mstop30-run1.csv,fullpanel-fullwind-amp0300-freq1300-per240-depth580-mstop30-run1.csv,12400/250,1.30000,0.30000,full,below_90_loose230,5,960,18.76933,1.09785,0.85958
/Users/ole/Kodevik/wave_project/wavedata/20260326-ProbePos4_31_FPV_2-tett6roof-under9Mooring-height100-lowrange/fullpanel-fullwind-amp0300-freq1300-per240-depth580-mstop30-run1.csv,fullpanel-fullwind-amp0300-freq1300-per240-depth580-mstop30-run1.csv,12400/250,1.30000,0.30000,full,below_90_loose230,8,1536,18.77971,1.03528,0.81800
/Users/ole/Kodevik/wave_project/wavedata/20260326-ProbePos4_31_FPV_2-tett6roof-under9Mooring-height100-lowrange/fullpanel-fullwind-amp0300-freq1300-per240-depth580-mstop30-run1.csv,fullpanel-fullwind-amp0300-freq1300-per240-depth580-mstop30-run1.csv,12400/250,1.30000,0.30000,full,below_90_loose230,10,1920,18.88621,1.10528,0.84240
/Users/ole/Kodevik/wave_project/wavedata/20260326-ProbePos4_31_FPV_2-tett6roof-under9Mooring-height100-lowrange/fullpanel-fullwind-amp0300-freq1300-per240-depth580-mstop30-run1.csv,fullpanel-fullwind-amp0300-freq1300-per240-depth580-mstop30-run1.csv,12400/250,1.30000,0.30000,full,below_90_loose230,12,2304,18.95772,1.04476,0.83457
/Users/ole/Kodevik/wave_project/wavedata/20260326-ProbePos4_31_FPV_2-tett6roof-under9Mooring-height100-lowrange/fullpanel-fullwind-amp0300-freq1300-per240-depth580-mstop30-run1.csv,fullpanel-fullwind-amp0300-freq1300-per240-depth580-mstop30-run1.csv,12400/250,1.30000,0.30000,full,below_90_loose230,15,2880,18.96541,1.10768,0.84366
/Users/ole/Kodevik/wave_project/wavedata/20260326-ProbePos4_31_FPV_2-tett6roof-under9Mooring-height100-lowrange/fullpanel-fullwind-amp0300-freq1300-per240-depth580-mstop30-run1.csv,fullpanel-fullwind-amp0300-freq1300-per240-depth580-mstop30-run1.csv,12400/250,1.30000,0.30000,full,below_90_loose230,20,3840,18.99865,1.11021,0.80867
/Users/ole/Kodevik/wave_project/wavedata/20260326-ProbePos4_31_FPV_2-tett6roof-under9Mooring-height100-lowrange/fullpanel-fullwind-amp0200-freq0800-per240-depth580-mstop30-run1.csv,fullpanel-fullwind-amp0200-freq0800-per240-depth580-mstop30-run1.csv,9373/170,0.80000,0.20000,full,below_90_loose230,5,1560,11.71625,0.25337,4.44205
/Users/ole/Kodevik/wave_project/wavedata/20260326-ProbePos4_31_FPV_2-tett6roof-under9Mooring-height100-lowrange/fullpanel-fullwind-amp0200-freq0800-per240-depth580-mstop30-run1.csv,fullpanel-fullwind-amp0200-freq0800-per240-depth580-mstop30-run1.csv,9373/170,0.80000,0.20000,full,below_90_loose230,8,2496,11.84386,0.26133,4.38606
/Users/ole/Kodevik/wave_project/wavedata/20260326-ProbePos4_31_FPV_2-tett6roof-under9Mooring-height100-lowrange/fullpanel-fullwind-amp0200-freq0800-per240-depth580-mstop30-run1.csv,fullpanel-fullwind-amp0200-freq0800-per240-depth580-mstop30-run1.csv,9373/170,0.80000,0.20000,full,below_90_loose230,10,3120,11.83556,0.26346,4.19954
/Users/ole/Kodevik/wave_project/wavedata/20260326-ProbePos4_31_FPV_2-tett6roof-under9Mooring-height100-lowrange/fullpanel-fullwind-amp0200-freq0800-per240-depth580-mstop30-run1.csv,fullpanel-fullwind-amp0200-freq0800-per240-depth580-mstop30-run1.csv,9373/170,0.80000,0.20000,full,below_90_loose230,12,3744,11.77147,0.22225,4.14287
/Users/ole/Kodevik/wave_project/wavedata/20260326-ProbePos4_31_FPV_2-tett6roof-under9Mooring-height100-lowrange/fullpanel-fullwind-amp0200-freq0800-per240-depth580-mstop30-run1.csv,fullpanel-fullwind-amp0200-freq0800-per240-depth580-mstop30-run1.csv,9373/170,0.80000,0.20000,full,below_90_loose230,15,4680,11.82055,0.24432,4.14471
/Users/ole/Kodevik/wave_project/wavedata/20260326-ProbePos4_31_FPV_2-tett6roof-under9Mooring-height100-lowrange/fullpanel-fullwind-amp0200-freq0800-per240-depth580-mstop30-run1.csv,fullpanel-fullwind-amp0200-freq0800-per240-depth580-mstop30-run1.csv,9373/170,0.80000,0.20000,full,below_90_loose230,20,6240,11.84809,0.23425,4.17271
/Users/ole/Kodevik/wave_project/wavedata/20260326-ProbePos4_31_FPV_2-tett6roof-under9Mooring-height100-lowrange/fullpanel-fullwind-amp0200-freq0800-per240-depth580-mstop30-run1.csv,fullpanel-fullwind-amp0200-freq0800-per240-depth580-mstop30-run1.csv,9373/340,0.80000,0.20000,full,below_90_loose230,5,1560,11.69782,0.52488,3.77082
/Users/ole/Kodevik/wave_project/wavedata/20260326-ProbePos4_31_FPV_2-tett6roof-under9Mooring-height100-lowrange/fullpanel-fullwind-amp0200-freq0800-per240-depth580-mstop30-run1.csv,fullpanel-fullwind-amp0200-freq0800-per240-depth580-mstop30-run1.csv,9373/340,0.80000,0.20000,full,below_90_loose230,8,2496,11.73465,0.40264,3.55601
/Users/ole/Kodevik/wave_project/wavedata/20260326-ProbePos4_31_FPV_2-tett6roof-under9Mooring-height100-lowrange/fullpanel-fullwind-amp0200-freq0800-per240-depth580-mstop30-run1.csv,fullpanel-fullwind-amp0200-freq0800-per240-depth580-mstop30-run1.csv,9373/340,0.80000,0.20000,full,below_90_loose230,10,3120,11.72176,0.39037,3.58048
/Users/ole/Kodevik/wave_project/wavedata/20260326-ProbePos4_31_FPV_2-tett6roof-under9Mooring-height100-lowrange/fullpanel-fullwind-amp0200-freq0800-per240-depth580-mstop30-run1.csv,fullpanel-fullwind-amp0200-freq0800-per240-depth580-mstop30-run1.csv,9373/340,0.80000,0.20000,full,below_90_loose230,12,3744,11.69913,0.35753,3.50983
/Users/ole/Kodevik/wave_project/wavedata/20260326-ProbePos4_31_FPV_2-tett6roof-under9Mooring-height100-lowrange/fullpanel-fullwind-amp0200-freq0800-per240-depth580-mstop30-run1.csv,fullpanel-fullwind-amp0200-freq0800-per240-depth580-mstop30-run1.csv,9373/340,0.80000,0.20000,full,below_90_loose230,15,4680,11.75116,0.32861,3.79360
/Users/ole/Kodevik/wave_project/wavedata/20260326-ProbePos4_31_FPV_2-tett6roof-under9Mooring-height100-lowrange/fullpanel-fullwind-amp0200-freq0800-per240-depth580-mstop30-run1.csv,fullpanel-fullwind-amp0200-freq0800-per240-depth580-mstop30-run1.csv,9373/340,0.80000,0.20000,full,below_90_loose230,20,6240,11.78788,0.23616,4.00092
/Users/ole/Kodevik/wave_project/wavedata/20260326-ProbePos4_31_FPV_2-tett6roof-under9Mooring-height100-lowrange/fullpanel-fullwind-amp0200-freq0800-per240-depth580-mstop30-run1.csv,fullpanel-fullwind-amp0200-freq0800-per240-depth580-mstop30-run1.csv,12400/250,0.80000,0.20000,full,below_90_loose230,5,1560,12.29964,0.40443,0.55143
/Users/ole/Kodevik/wave_project/wavedata/20260326-ProbePos4_31_FPV_2-tett6roof-under9Mooring-height100-lowrange/fullpanel-fullwind-amp0200-freq0800-per240-depth580-mstop30-run1.csv,fullpanel-fullwind-amp0200-freq0800-per240-depth580-mstop30-run1.csv,12400/250,0.80000,0.20000,full,below_90_loose230,8,2496,12.41141,0.41595,0.55963
/Users/ole/Kodevik/wave_project/wavedata/20260326-ProbePos4_31_FPV_2-tett6roof-under9Mooring-height100-lowrange/fullpanel-fullwind-amp0200-freq0800-per240-depth580-mstop30-run1.csv,fullpanel-fullwind-amp0200-freq0800-per240-depth580-mstop30-run1.csv,12400/250,0.80000,0.20000,full,below_90_loose230,10,3120,12.40850,0.40822,0.53959
/Users/ole/Kodevik/wave_project/wavedata/20260326-ProbePos4_31_FPV_2-tett6roof-under9Mooring-height100-lowrange/fullpanel-fullwind-amp0200-freq0800-per240-depth580-mstop30-run1.csv,fullpanel-fullwind-amp0200-freq0800-per240-depth580-mstop30-run1.csv,12400/250,0.80000,0.20000,full,below_90_loose230,12,3744,12.39270,0.41288,0.53612
/Users/ole/Kodevik/wave_project/wavedata/20260326-ProbePos4_31_FPV_2-tett6roof-under9Mooring-height100-lowrange/fullpanel-fullwind-amp0200-freq0800-per240-depth580-mstop30-run1.csv,fullpanel-fullwind-amp0200-freq0800-per240-depth580-mstop30-run1.csv,12400/250,0.80000,0.20000,full,below_90_loose230,15,4680,12.42941,0.40942,0.55882
/Users/ole/Kodevik/wave_project/wavedata/20260326-ProbePos4_31_FPV_2-tett6roof-under9Mooring-height100-lowrange/fullpanel-fullwind-amp0200-freq0800-per240-depth580-mstop30-run1.csv,fullpanel-fullwind-amp0200-freq0800-per240-depth580-mstop30-run1.csv,12400/250,0.80000,0.20000,full,below_90_loose230,20,6240,12.45541,0.41035,0.55723
/Users/ole/Kodevik/wave_project/wavedata/20260326-ProbePos4_31_FPV_2-tett6roof-under9Mooring-height100-lowrange/fullpanel-fullwind-amp0300-freq1500-per240-depth580-mstop30-run1.csv,fullpanel-fullwind-amp0300-freq1500-per240-depth580-mstop30-run1.csv,9373/170,1.50000,0.30000,full,below_90_loose230,5,835,24.15924,3.14481,2.00492
/Users/ole/Kodevik/wave_project/wavedata/20260326-ProbePos4_31_FPV_2-tett6roof-under9Mooring-height100-lowrange/fullpanel-fullwind-amp0300-freq1500-per240-depth580-mstop30-run1.csv,fullpanel-fullwind-amp0300-freq1500-per240-depth580-mstop30-run1.csv,9373/170,1.50000,0.30000,full,below_90_loose230,8,1336,24.26079,3.95924,2.93139
/Users/ole/Kodevik/wave_project/wavedata/20260326-ProbePos4_31_FPV_2-tett6roof-under9Mooring-height100-lowrange/fullpanel-fullwind-amp0300-freq1500-per240-depth580-mstop30-run1.csv,fullpanel-fullwind-amp0300-freq1500-per240-depth580-mstop30-run1.csv,9373/170,1.50000,0.30000,full,below_90_loose230,10,1670,24.72661,3.72054,3.14873
/Users/ole/Kodevik/wave_project/wavedata/20260326-ProbePos4_31_FPV_2-tett6roof-under9Mooring-height100-lowrange/fullpanel-fullwind-amp0300-freq1500-per240-depth580-mstop30-run1.csv,fullpanel-fullwind-amp0300-freq1500-per240-depth580-mstop30-run1.csv,9373/170,1.50000,0.30000,full,below_90_loose230,12,2004,24.78827,3.50375,3.24568
/Users/ole/Kodevik/wave_project/wavedata/20260326-ProbePos4_31_FPV_2-tett6roof-under9Mooring-height100-lowrange/fullpanel-fullwind-amp0300-freq1500-per240-depth580-mstop30-run1.csv,fullpanel-fullwind-amp0300-freq1500-per240-depth580-mstop30-run1.csv,9373/170,1.50000,0.30000,full,below_90_loose230,15,2505,24.85121,3.62708,3.39925
/Users/ole/Kodevik/wave_project/wavedata/20260326-ProbePos4_31_FPV_2-tett6roof-under9Mooring-height100-lowrange/fullpanel-fullwind-amp0300-freq1500-per240-depth580-mstop30-run1.csv,fullpanel-fullwind-amp0300-freq1500-per240-depth580-mstop30-run1.csv,9373/170,1.50000,0.30000,full,below_90_loose230,20,3340,25.05411,3.18291,3.35415
/Users/ole/Kodevik/wave_project/wavedata/20260326-ProbePos4_31_FPV_2-tett6roof-under9Mooring-height100-lowrange/fullpanel-fullwind-amp0300-freq1500-per240-depth580-mstop30-run1.csv,fullpanel-fullwind-amp0300-freq1500-per240-depth580-mstop30-run1.csv,9373/340,1.50000,0.30000,full,below_90_loose230,5,835,22.20535,4.19035,1.96909
/Users/ole/Kodevik/wave_project/wavedata/20260326-ProbePos4_31_FPV_2-tett6roof-under9Mooring-height100-lowrange/fullpanel-fullwind-amp0300-freq1500-per240-depth580-mstop30-run1.csv,fullpanel-fullwind-amp0300-freq1500-per240-depth580-mstop30-run1.csv,9373/340,1.50000,0.30000,full,below_90_loose230,8,1336,21.48290,3.63824,2.47136
/Users/ole/Kodevik/wave_project/wavedata/20260326-ProbePos4_31_FPV_2-tett6roof-under9Mooring-height100-lowrange/fullpanel-fullwind-amp0300-freq1500-per240-depth580-mstop30-run1.csv,fullpanel-fullwind-amp0300-freq1500-per240-depth580-mstop30-run1.csv,9373/340,1.50000,0.30000,full,below_90_loose230,10,1670,21.55212,3.60354,2.61526
/Users/ole/Kodevik/wave_project/wavedata/20260326-ProbePos4_31_FPV_2-tett6roof-under9Mooring-height100-lowrange/fullpanel-fullwind-amp0300-freq1500-per240-depth580-mstop30-run1.csv,fullpanel-fullwind-amp0300-freq1500-per240-depth580-mstop30-run1.csv,9373/340,1.50000,0.30000,full,below_90_loose230,12,2004,21.53393,3.62123,2.71068
/Users/ole/Kodevik/wave_project/wavedata/20260326-ProbePos4_31_FPV_2-tett6roof-under9Mooring-height100-lowrange/fullpanel-fullwind-amp0300-freq1500-per240-depth580-mstop30-run1.csv,fullpanel-fullwind-amp0300-freq1500-per240-depth580-mstop30-run1.csv,9373/340,1.50000,0.30000,full,below_90_loose230,15,2505,21.50471,3.46520,2.83366
/Users/ole/Kodevik/wave_project/wavedata/20260326-ProbePos4_31_FPV_2-tett6roof-under9Mooring-height100-lowrange/fullpanel-fullwind-amp0300-freq1500-per240-depth580-mstop30-run1.csv,fullpanel-fullwind-amp0300-freq1500-per240-depth580-mstop30-run1.csv,9373/340,1.50000,0.30000,full,below_90_loose230,20,3340,21.46523,3.20982,3.45289
/Users/ole/Kodevik/wave_project/wavedata/20260326-ProbePos4_31_FPV_2-tett6roof-under9Mooring-height100-lowrange/fullpanel-fullwind-amp0300-freq1500-per240-depth580-mstop30-run1.csv,fullpanel-fullwind-amp0300-freq1500-per240-depth580-mstop30-run1.csv,12400/250,1.50000,0.30000,full,below_90_loose230,5,835,17.36517,0.50162,1.46695
/Users/ole/Kodevik/wave_project/wavedata/20260326-ProbePos4_31_FPV_2-tett6roof-under9Mooring-height100-lowrange/fullpanel-fullwind-amp0300-freq1500-per240-depth580-mstop30-run1.csv,fullpanel-fullwind-amp0300-freq1500-per240-depth580-mstop30-run1.csv,12400/250,1.50000,0.30000,full,below_90_loose230,8,1336,17.34630,0.39623,1.44141
/Users/ole/Kodevik/wave_project/wavedata/20260326-ProbePos4_31_FPV_2-tett6roof-under9Mooring-height100-lowrange/fullpanel-fullwind-amp0300-freq1500-per240-depth580-mstop30-run1.csv,fullpanel-fullwind-amp0300-freq1500-per240-depth580-mstop30-run1.csv,12400/250,1.50000,0.30000,full,below_90_loose230,10,1670,17.35683,0.40557,1.36784
/Users/ole/Kodevik/wave_project/wavedata/20260326-ProbePos4_31_FPV_2-tett6roof-under9Mooring-height100-lowrange/fullpanel-fullwind-amp0300-freq1500-per240-depth580-mstop30-run1.csv,fullpanel-fullwind-amp0300-freq1500-per240-depth580-mstop30-run1.csv,12400/250,1.50000,0.30000,full,below_90_loose230,12,2004,17.38110,0.35569,1.46089
/Users/ole/Kodevik/wave_project/wavedata/20260326-ProbePos4_31_FPV_2-tett6roof-under9Mooring-height100-lowrange/fullpanel-fullwind-amp0300-freq1500-per240-depth580-mstop30-run1.csv,fullpanel-fullwind-amp0300-freq1500-per240-depth580-mstop30-run1.csv,12400/250,1.50000,0.30000,full,below_90_loose230,15,2505,17.41313,0.36936,1.61906
/Users/ole/Kodevik/wave_project/wavedata/20260326-ProbePos4_31_FPV_2-tett6roof-under9Mooring-height100-lowrange/fullpanel-fullwind-amp0300-freq1500-per240-depth580-mstop30-run1.csv,fullpanel-fullwind-amp0300-freq1500-per240-depth580-mstop30-run1.csv,12400/250,1.50000,0.30000,full,below_90_loose230,20,3340,17.33461,0.39407,1.85255
/Users/ole/Kodevik/wave_project/wavedata/20260326-ProbePos4_31_FPV_2-tett6roof-under9Mooring-height100-lowrange/fullpanel-fullwind-amp0200-freq1100-per240-depth580-mstop30-run1.csv,fullpanel-fullwind-amp0200-freq1100-per240-depth580-mstop30-run1.csv,9373/170,1.10000,0.20000,full,below_90_loose230,5,1135,14.15120,0.76034,3.36914
/Users/ole/Kodevik/wave_project/wavedata/20260326-ProbePos4_31_FPV_2-tett6roof-under9Mooring-height100-lowrange/fullpanel-fullwind-amp0200-freq1100-per240-depth580-mstop30-run1.csv,fullpanel-fullwind-amp0200-freq1100-per240-depth580-mstop30-run1.csv,9373/170,1.10000,0.20000,full,below_90_loose230,8,1816,14.23603,0.98998,3.32052
/Users/ole/Kodevik/wave_project/wavedata/20260326-ProbePos4_31_FPV_2-tett6roof-under9Mooring-height100-lowrange/fullpanel-fullwind-amp0200-freq1100-per240-depth580-mstop30-run1.csv,fullpanel-fullwind-amp0200-freq1100-per240-depth580-mstop30-run1.csv,9373/170,1.10000,0.20000,full,below_90_loose230,10,2270,14.25526,0.90023,3.30838
/Users/ole/Kodevik/wave_project/wavedata/20260326-ProbePos4_31_FPV_2-tett6roof-under9Mooring-height100-lowrange/fullpanel-fullwind-amp0200-freq1100-per240-depth580-mstop30-run1.csv,fullpanel-fullwind-amp0200-freq1100-per240-depth580-mstop30-run1.csv,9373/170,1.10000,0.20000,full,below_90_loose230,12,2724,14.39064,1.00384,3.24927
/Users/ole/Kodevik/wave_project/wavedata/20260326-ProbePos4_31_FPV_2-tett6roof-under9Mooring-height100-lowrange/fullpanel-fullwind-amp0200-freq1100-per240-depth580-mstop30-run1.csv,fullpanel-fullwind-amp0200-freq1100-per240-depth580-mstop30-run1.csv,9373/170,1.10000,0.20000,full,below_90_loose230,15,3405,14.48803,1.06045,3.30614
/Users/ole/Kodevik/wave_project/wavedata/20260326-ProbePos4_31_FPV_2-tett6roof-under9Mooring-height100-lowrange/fullpanel-fullwind-amp0200-freq1100-per240-depth580-mstop30-run1.csv,fullpanel-fullwind-amp0200-freq1100-per240-depth580-mstop30-run1.csv,9373/170,1.10000,0.20000,full,below_90_loose230,20,4540,14.50118,0.97958,3.24086
/Users/ole/Kodevik/wave_project/wavedata/20260326-ProbePos4_31_FPV_2-tett6roof-under9Mooring-height100-lowrange/fullpanel-fullwind-amp0200-freq1100-per240-depth580-mstop30-run1.csv,fullpanel-fullwind-amp0200-freq1100-per240-depth580-mstop30-run1.csv,9373/340,1.10000,0.20000,full,below_90_loose230,5,1135,14.38773,0.67448,3.03284
/Users/ole/Kodevik/wave_project/wavedata/20260326-ProbePos4_31_FPV_2-tett6roof-under9Mooring-height100-lowrange/fullpanel-fullwind-amp0200-freq1100-per240-depth580-mstop30-run1.csv,fullpanel-fullwind-amp0200-freq1100-per240-depth580-mstop30-run1.csv,9373/340,1.10000,0.20000,full,below_90_loose230,8,1816,14.31351,0.98401,3.21791
/Users/ole/Kodevik/wave_project/wavedata/20260326-ProbePos4_31_FPV_2-tett6roof-under9Mooring-height100-lowrange/fullpanel-fullwind-amp0200-freq1100-per240-depth580-mstop30-run1.csv,fullpanel-fullwind-amp0200-freq1100-per240-depth580-mstop30-run1.csv,9373/340,1.10000,0.20000,full,below_90_loose230,10,2270,14.31717,1.01041,3.62179
/Users/ole/Kodevik/wave_project/wavedata/20260326-ProbePos4_31_FPV_2-tett6roof-under9Mooring-height100-lowrange/fullpanel-fullwind-amp0200-freq1100-per240-depth580-mstop30-run1.csv,fullpanel-fullwind-amp0200-freq1100-per240-depth580-mstop30-run1.csv,9373/340,1.10000,0.20000,full,below_90_loose230,12,2724,14.43566,0.88741,3.62841
/Users/ole/Kodevik/wave_project/wavedata/20260326-ProbePos4_31_FPV_2-tett6roof-under9Mooring-height100-lowrange/fullpanel-fullwind-amp0200-freq1100-per240-depth580-mstop30-run1.csv,fullpanel-fullwind-amp0200-freq1100-per240-depth580-mstop30-run1.csv,9373/340,1.10000,0.20000,full,below_90_loose230,15,3405,14.43033,0.88912,3.59191
/Users/ole/Kodevik/wave_project/wavedata/20260326-ProbePos4_31_FPV_2-tett6roof-under9Mooring-height100-lowrange/fullpanel-fullwind-amp0200-freq1100-per240-depth580-mstop30-run1.csv,fullpanel-fullwind-amp0200-freq1100-per240-depth580-mstop30-run1.csv,9373/340,1.10000,0.20000,full,below_90_loose230,20,4540,14.48988,0.59339,3.58860
/Users/ole/Kodevik/wave_project/wavedata/20260326-ProbePos4_31_FPV_2-tett6roof-under9Mooring-height100-lowrange/fullpanel-fullwind-amp0200-freq1100-per240-depth580-mstop30-run1.csv,fullpanel-fullwind-amp0200-freq1100-per240-depth580-mstop30-run1.csv,12400/250,1.10000,0.20000,full,below_90_loose230,5,1135,13.64234,0.41967,0.57026
/Users/ole/Kodevik/wave_project/wavedata/20260326-ProbePos4_31_FPV_2-tett6roof-under9Mooring-height100-lowrange/fullpanel-fullwind-amp0200-freq1100-per240-depth580-mstop30-run1.csv,fullpanel-fullwind-amp0200-freq1100-per240-depth580-mstop30-run1.csv,12400/250,1.10000,0.20000,full,below_90_loose230,8,1816,13.76084,0.45021,0.61391
/Users/ole/Kodevik/wave_project/wavedata/20260326-ProbePos4_31_FPV_2-tett6roof-under9Mooring-height100-lowrange/fullpanel-fullwind-amp0200-freq1100-per240-depth580-mstop30-run1.csv,fullpanel-fullwind-amp0200-freq1100-per240-depth580-mstop30-run1.csv,12400/250,1.10000,0.20000,full,below_90_loose230,10,2270,13.81821,0.47259,0.61901
/Users/ole/Kodevik/wave_project/wavedata/20260326-ProbePos4_31_FPV_2-tett6roof-under9Mooring-height100-lowrange/fullpanel-fullwind-amp0200-freq1100-per240-depth580-mstop30-run1.csv,fullpanel-fullwind-amp0200-freq1100-per240-depth580-mstop30-run1.csv,12400/250,1.10000,0.20000,full,below_90_loose230,12,2724,13.85947,0.48718,0.63871
/Users/ole/Kodevik/wave_project/wavedata/20260326-ProbePos4_31_FPV_2-tett6roof-under9Mooring-height100-lowrange/fullpanel-fullwind-amp0200-freq1100-per240-depth580-mstop30-run1.csv,fullpanel-fullwind-amp0200-freq1100-per240-depth580-mstop30-run1.csv,12400/250,1.10000,0.20000,full,below_90_loose230,15,3405,13.90682,0.48843,0.66546
/Users/ole/Kodevik/wave_project/wavedata/20260326-ProbePos4_31_FPV_2-tett6roof-under9Mooring-height100-lowrange/fullpanel-fullwind-amp0200-freq1100-per240-depth580-mstop30-run1.csv,fullpanel-fullwind-amp0200-freq1100-per240-depth580-mstop30-run1.csv,12400/250,1.10000,0.20000,full,below_90_loose230,20,4540,13.88608,0.50426,0.66850
/Users/ole/Kodevik/wave_project/wavedata/20260326-ProbePos4_31_FPV_2-tett6roof-under9Mooring-height100-lowrange/fullpanel-fullwind-amp0100-freq1600-per240-depth580-mstop30-run1.csv,fullpanel-fullwind-amp0100-freq1600-per240-depth580-mstop30-run1.csv,9373/170,1.60000,0.10000,full,below_90_loose230,5,780,7.55955,0.78066,2.48964
/Users/ole/Kodevik/wave_project/wavedata/20260326-ProbePos4_31_FPV_2-tett6roof-under9Mooring-height100-lowrange/fullpanel-fullwind-amp0100-freq1600-per240-depth580-mstop30-run1.csv,fullpanel-fullwind-amp0100-freq1600-per240-depth580-mstop30-run1.csv,9373/170,1.60000,0.10000,full,below_90_loose230,8,1248,7.50641,0.71200,2.35385
/Users/ole/Kodevik/wave_project/wavedata/20260326-ProbePos4_31_FPV_2-tett6roof-under9Mooring-height100-lowrange/fullpanel-fullwind-amp0100-freq1600-per240-depth580-mstop30-run1.csv,fullpanel-fullwind-amp0100-freq1600-per240-depth580-mstop30-run1.csv,9373/170,1.60000,0.10000,full,below_90_loose230,10,1560,7.57198,0.61963,2.63256
/Users/ole/Kodevik/wave_project/wavedata/20260326-ProbePos4_31_FPV_2-tett6roof-under9Mooring-height100-lowrange/fullpanel-fullwind-amp0100-freq1600-per240-depth580-mstop30-run1.csv,fullpanel-fullwind-amp0100-freq1600-per240-depth580-mstop30-run1.csv,9373/170,1.60000,0.10000,full,below_90_loose230,12,1872,7.54730,0.32515,2.60847
/Users/ole/Kodevik/wave_project/wavedata/20260326-ProbePos4_31_FPV_2-tett6roof-under9Mooring-height100-lowrange/fullpanel-fullwind-amp0100-freq1600-per240-depth580-mstop30-run1.csv,fullpanel-fullwind-amp0100-freq1600-per240-depth580-mstop30-run1.csv,9373/170,1.60000,0.10000,full,below_90_loose230,15,2340,7.65536,0.37242,2.65305
/Users/ole/Kodevik/wave_project/wavedata/20260326-ProbePos4_31_FPV_2-tett6roof-under9Mooring-height100-lowrange/fullpanel-fullwind-amp0100-freq1600-per240-depth580-mstop30-run1.csv,fullpanel-fullwind-amp0100-freq1600-per240-depth580-mstop30-run1.csv,9373/170,1.60000,0.10000,full,below_90_loose230,20,3120,7.79539,0.56030,2.60699
/Users/ole/Kodevik/wave_project/wavedata/20260326-ProbePos4_31_FPV_2-tett6roof-under9Mooring-height100-lowrange/fullpanel-fullwind-amp0100-freq1600-per240-depth580-mstop30-run1.csv,fullpanel-fullwind-amp0100-freq1600-per240-depth580-mstop30-run1.csv,9373/340,1.60000,0.10000,full,below_90_loose230,5,780,8.34855,0.41095,2.89834
/Users/ole/Kodevik/wave_project/wavedata/20260326-ProbePos4_31_FPV_2-tett6roof-under9Mooring-height100-lowrange/fullpanel-fullwind-amp0100-freq1600-per240-depth580-mstop30-run1.csv,fullpanel-fullwind-amp0100-freq1600-per240-depth580-mstop30-run1.csv,9373/340,1.60000,0.10000,full,below_90_loose230,8,1248,8.35219,0.51595,2.71095
/Users/ole/Kodevik/wave_project/wavedata/20260326-ProbePos4_31_FPV_2-tett6roof-under9Mooring-height100-lowrange/fullpanel-fullwind-amp0100-freq1600-per240-depth580-mstop30-run1.csv,fullpanel-fullwind-amp0100-freq1600-per240-depth580-mstop30-run1.csv,9373/340,1.60000,0.10000,full,below_90_loose230,10,1560,8.40663,0.41616,2.65342
/Users/ole/Kodevik/wave_project/wavedata/20260326-ProbePos4_31_FPV_2-tett6roof-under9Mooring-height100-lowrange/fullpanel-fullwind-amp0100-freq1600-per240-depth580-mstop30-run1.csv,fullpanel-fullwind-amp0100-freq1600-per240-depth580-mstop30-run1.csv,9373/340,1.60000,0.10000,full,below_90_loose230,12,1872,8.44332,0.11454,2.59525
/Users/ole/Kodevik/wave_project/wavedata/20260326-ProbePos4_31_FPV_2-tett6roof-under9Mooring-height100-lowrange/fullpanel-fullwind-amp0100-freq1600-per240-depth580-mstop30-run1.csv,fullpanel-fullwind-amp0100-freq1600-per240-depth580-mstop30-run1.csv,9373/340,1.60000,0.10000,full,below_90_loose230,15,2340,8.62253,0.08907,2.59536
/Users/ole/Kodevik/wave_project/wavedata/20260326-ProbePos4_31_FPV_2-tett6roof-under9Mooring-height100-lowrange/fullpanel-fullwind-amp0100-freq1600-per240-depth580-mstop30-run1.csv,fullpanel-fullwind-amp0100-freq1600-per240-depth580-mstop30-run1.csv,9373/340,1.60000,0.10000,full,below_90_loose230,20,3120,8.68935,0.35705,2.40427
/Users/ole/Kodevik/wave_project/wavedata/20260326-ProbePos4_31_FPV_2-tett6roof-under9Mooring-height100-lowrange/fullpanel-fullwind-amp0100-freq1600-per240-depth580-mstop30-run1.csv,fullpanel-fullwind-amp0100-freq1600-per240-depth580-mstop30-run1.csv,12400/250,1.60000,0.10000,full,below_90_loose230,5,780,5.09603,0.59774,0.54429
/Users/ole/Kodevik/wave_project/wavedata/20260326-ProbePos4_31_FPV_2-tett6roof-under9Mooring-height100-lowrange/fullpanel-fullwind-amp0100-freq1600-per240-depth580-mstop30-run1.csv,fullpanel-fullwind-amp0100-freq1600-per240-depth580-mstop30-run1.csv,12400/250,1.60000,0.10000,full,below_90_loose230,8,1248,5.05304,0.51647,0.54708
/Users/ole/Kodevik/wave_project/wavedata/20260326-ProbePos4_31_FPV_2-tett6roof-under9Mooring-height100-lowrange/fullpanel-fullwind-amp0100-freq1600-per240-depth580-mstop30-run1.csv,fullpanel-fullwind-amp0100-freq1600-per240-depth580-mstop30-run1.csv,12400/250,1.60000,0.10000,full,below_90_loose230,10,1560,5.05891,0.49037,0.51737
/Users/ole/Kodevik/wave_project/wavedata/20260326-ProbePos4_31_FPV_2-tett6roof-under9Mooring-height100-lowrange/fullpanel-fullwind-amp0100-freq1600-per240-depth580-mstop30-run1.csv,fullpanel-fullwind-amp0100-freq1600-per240-depth580-mstop30-run1.csv,12400/250,1.60000,0.10000,full,below_90_loose230,12,1872,5.06111,0.43631,0.53763
/Users/ole/Kodevik/wave_project/wavedata/20260326-ProbePos4_31_FPV_2-tett6roof-under9Mooring-height100-lowrange/fullpanel-fullwind-amp0100-freq1600-per240-depth580-mstop30-run1.csv,fullpanel-fullwind-amp0100-freq1600-per240-depth580-mstop30-run1.csv,12400/250,1.60000,0.10000,full,below_90_loose230,15,2340,5.10143,0.40572,0.54139
/Users/ole/Kodevik/wave_project/wavedata/20260326-ProbePos4_31_FPV_2-tett6roof-under9Mooring-height100-lowrange/fullpanel-fullwind-amp0100-freq1600-per240-depth580-mstop30-run1.csv,fullpanel-fullwind-amp0100-freq1600-per240-depth580-mstop30-run1.csv,12400/250,1.60000,0.10000,full,below_90_loose230,20,3120,5.13307,0.41438,0.54667
/Users/ole/Kodevik/wave_project/wavedata/20260326-ProbePos4_31_FPV_2-tett6roof-under9Mooring-height100-lowrange/fullpanel-fullwind-amp0200-freq1600-per240-depth580-mstop30-run1.csv,fullpanel-fullwind-amp0200-freq1600-per240-depth580-mstop30-run1.csv,9373/170,1.60000,0.20000,full,below_90_loose230,5,780,17.03375,1.47375,2.03960
/Users/ole/Kodevik/wave_project/wavedata/20260326-ProbePos4_31_FPV_2-tett6roof-under9Mooring-height100-lowrange/fullpanel-fullwind-amp0200-freq1600-per240-depth580-mstop30-run1.csv,fullpanel-fullwind-amp0200-freq1600-per240-depth580-mstop30-run1.csv,9373/170,1.60000,0.20000,full,below_90_loose230,8,1248,16.92090,1.33752,2.29147
/Users/ole/Kodevik/wave_project/wavedata/20260326-ProbePos4_31_FPV_2-tett6roof-under9Mooring-height100-lowrange/fullpanel-fullwind-amp0200-freq1600-per240-depth580-mstop30-run1.csv,fullpanel-fullwind-amp0200-freq1600-per240-depth580-mstop30-run1.csv,9373/170,1.60000,0.20000,full,below_90_loose230,10,1560,16.84687,1.81562,2.46528
/Users/ole/Kodevik/wave_project/wavedata/20260326-ProbePos4_31_FPV_2-tett6roof-under9Mooring-height100-lowrange/fullpanel-fullwind-amp0200-freq1600-per240-depth580-mstop30-run1.csv,fullpanel-fullwind-amp0200-freq1600-per240-depth580-mstop30-run1.csv,9373/170,1.60000,0.20000,full,below_90_loose230,12,1872,16.96076,1.57278,2.52019
/Users/ole/Kodevik/wave_project/wavedata/20260326-ProbePos4_31_FPV_2-tett6roof-under9Mooring-height100-lowrange/fullpanel-fullwind-amp0200-freq1600-per240-depth580-mstop30-run1.csv,fullpanel-fullwind-amp0200-freq1600-per240-depth580-mstop30-run1.csv,9373/170,1.60000,0.20000,full,below_90_loose230,15,2340,17.09048,1.55397,2.72392
/Users/ole/Kodevik/wave_project/wavedata/20260326-ProbePos4_31_FPV_2-tett6roof-under9Mooring-height100-lowrange/fullpanel-fullwind-amp0200-freq1600-per240-depth580-mstop30-run1.csv,fullpanel-fullwind-amp0200-freq1600-per240-depth580-mstop30-run1.csv,9373/170,1.60000,0.20000,full,below_90_loose230,20,3120,17.18889,1.07241,2.71537
/Users/ole/Kodevik/wave_project/wavedata/20260326-ProbePos4_31_FPV_2-tett6roof-under9Mooring-height100-lowrange/fullpanel-fullwind-amp0200-freq1600-per240-depth580-mstop30-run1.csv,fullpanel-fullwind-amp0200-freq1600-per240-depth580-mstop30-run1.csv,9373/340,1.60000,0.20000,full,below_90_loose230,5,780,15.96753,3.81197,2.69508
/Users/ole/Kodevik/wave_project/wavedata/20260326-ProbePos4_31_FPV_2-tett6roof-under9Mooring-height100-lowrange/fullpanel-fullwind-amp0200-freq1600-per240-depth580-mstop30-run1.csv,fullpanel-fullwind-amp0200-freq1600-per240-depth580-mstop30-run1.csv,9373/340,1.60000,0.20000,full,below_90_loose230,8,1248,15.96653,2.76246,3.01465
/Users/ole/Kodevik/wave_project/wavedata/20260326-ProbePos4_31_FPV_2-tett6roof-under9Mooring-height100-lowrange/fullpanel-fullwind-amp0200-freq1600-per240-depth580-mstop30-run1.csv,fullpanel-fullwind-amp0200-freq1600-per240-depth580-mstop30-run1.csv,9373/340,1.60000,0.20000,full,below_90_loose230,10,1560,15.85688,2.03636,3.27704
/Users/ole/Kodevik/wave_project/wavedata/20260326-ProbePos4_31_FPV_2-tett6roof-under9Mooring-height100-lowrange/fullpanel-fullwind-amp0200-freq1600-per240-depth580-mstop30-run1.csv,fullpanel-fullwind-amp0200-freq1600-per240-depth580-mstop30-run1.csv,9373/340,1.60000,0.20000,full,below_90_loose230,12,1872,15.75765,1.91459,3.27509
/Users/ole/Kodevik/wave_project/wavedata/20260326-ProbePos4_31_FPV_2-tett6roof-under9Mooring-height100-lowrange/fullpanel-fullwind-amp0200-freq1600-per240-depth580-mstop30-run1.csv,fullpanel-fullwind-amp0200-freq1600-per240-depth580-mstop30-run1.csv,9373/340,1.60000,0.20000,full,below_90_loose230,15,2340,15.96754,1.46875,3.33091
/Users/ole/Kodevik/wave_project/wavedata/20260326-ProbePos4_31_FPV_2-tett6roof-under9Mooring-height100-lowrange/fullpanel-fullwind-amp0200-freq1600-per240-depth580-mstop30-run1.csv,fullpanel-fullwind-amp0200-freq1600-per240-depth580-mstop30-run1.csv,9373/340,1.60000,0.20000,full,below_90_loose230,20,3120,15.99467,0.96058,3.35122
/Users/ole/Kodevik/wave_project/wavedata/20260326-ProbePos4_31_FPV_2-tett6roof-under9Mooring-height100-lowrange/fullpanel-fullwind-amp0200-freq1600-per240-depth580-mstop30-run1.csv,fullpanel-fullwind-amp0200-freq1600-per240-depth580-mstop30-run1.csv,12400/250,1.60000,0.20000,full,below_90_loose230,5,780,11.09965,0.68067,0.78622
/Users/ole/Kodevik/wave_project/wavedata/20260326-ProbePos4_31_FPV_2-tett6roof-under9Mooring-height100-lowrange/fullpanel-fullwind-amp0200-freq1600-per240-depth580-mstop30-run1.csv,fullpanel-fullwind-amp0200-freq1600-per240-depth580-mstop30-run1.csv,12400/250,1.60000,0.20000,full,below_90_loose230,8,1248,11.00605,0.88052,1.19395
/Users/ole/Kodevik/wave_project/wavedata/20260326-ProbePos4_31_FPV_2-tett6roof-under9Mooring-height100-lowrange/fullpanel-fullwind-amp0200-freq1600-per240-depth580-mstop30-run1.csv,fullpanel-fullwind-amp0200-freq1600-per240-depth580-mstop30-run1.csv,12400/250,1.60000,0.20000,full,below_90_loose230,10,1560,11.06845,0.76828,1.22415
/Users/ole/Kodevik/wave_project/wavedata/20260326-ProbePos4_31_FPV_2-tett6roof-under9Mooring-height100-lowrange/fullpanel-fullwind-amp0200-freq1600-per240-depth580-mstop30-run1.csv,fullpanel-fullwind-amp0200-freq1600-per240-depth580-mstop30-run1.csv,12400/250,1.60000,0.20000,full,below_90_loose230,12,1872,11.04296,0.85579,1.31839
/Users/ole/Kodevik/wave_project/wavedata/20260326-ProbePos4_31_FPV_2-tett6roof-under9Mooring-height100-lowrange/fullpanel-fullwind-amp0200-freq1600-per240-depth580-mstop30-run1.csv,fullpanel-fullwind-amp0200-freq1600-per240-depth580-mstop30-run1.csv,12400/250,1.60000,0.20000,full,below_90_loose230,15,2340,11.01739,0.87529,1.51585
/Users/ole/Kodevik/wave_project/wavedata/20260326-ProbePos4_31_FPV_2-tett6roof-under9Mooring-height100-lowrange/fullpanel-fullwind-amp0200-freq1600-per240-depth580-mstop30-run1.csv,fullpanel-fullwind-amp0200-freq1600-per240-depth580-mstop30-run1.csv,12400/250,1.60000,0.20000,full,below_90_loose230,20,3120,11.04257,0.83312,1.70695
/Users/ole/Kodevik/wave_project/wavedata/20260326-ProbePos4_31_FPV_2-tett6roof-under9Mooring-height100-lowrange/fullpanel-fullwind-amp0200-freq0900-per240-depth580-mstop30-run1.csv,fullpanel-fullwind-amp0200-freq0900-per240-depth580-mstop30-run1.csv,9373/170,0.90000,0.20000,full,below_90_loose230,5,1390,12.53766,0.42015,4.49370
/Users/ole/Kodevik/wave_project/wavedata/20260326-ProbePos4_31_FPV_2-tett6roof-under9Mooring-height100-lowrange/fullpanel-fullwind-amp0200-freq0900-per240-depth580-mstop30-run1.csv,fullpanel-fullwind-amp0200-freq0900-per240-depth580-mstop30-run1.csv,9373/170,0.90000,0.20000,full,below_90_loose230,8,2224,12.60160,0.40451,4.32517
/Users/ole/Kodevik/wave_project/wavedata/20260326-ProbePos4_31_FPV_2-tett6roof-under9Mooring-height100-lowrange/fullpanel-fullwind-amp0200-freq0900-per240-depth580-mstop30-run1.csv,fullpanel-fullwind-amp0200-freq0900-per240-depth580-mstop30-run1.csv,9373/170,0.90000,0.20000,full,below_90_loose230,10,2780,12.62027,0.44939,4.35318
/Users/ole/Kodevik/wave_project/wavedata/20260326-ProbePos4_31_FPV_2-tett6roof-under9Mooring-height100-lowrange/fullpanel-fullwind-amp0200-freq0900-per240-depth580-mstop30-run1.csv,fullpanel-fullwind-amp0200-freq0900-per240-depth580-mstop30-run1.csv,9373/170,0.90000,0.20000,full,below_90_loose230,12,3336,12.61746,0.38243,4.27663
/Users/ole/Kodevik/wave_project/wavedata/20260326-ProbePos4_31_FPV_2-tett6roof-under9Mooring-height100-lowrange/fullpanel-fullwind-amp0200-freq0900-per240-depth580-mstop30-run1.csv,fullpanel-fullwind-amp0200-freq0900-per240-depth580-mstop30-run1.csv,9373/170,0.90000,0.20000,full,below_90_loose230,15,4170,12.68066,0.39988,4.05544
/Users/ole/Kodevik/wave_project/wavedata/20260326-ProbePos4_31_FPV_2-tett6roof-under9Mooring-height100-lowrange/fullpanel-fullwind-amp0200-freq0900-per240-depth580-mstop30-run1.csv,fullpanel-fullwind-amp0200-freq0900-per240-depth580-mstop30-run1.csv,9373/170,0.90000,0.20000,full,below_90_loose230,20,5560,12.65996,0.41926,3.95076
/Users/ole/Kodevik/wave_project/wavedata/20260326-ProbePos4_31_FPV_2-tett6roof-under9Mooring-height100-lowrange/fullpanel-fullwind-amp0200-freq0900-per240-depth580-mstop30-run1.csv,fullpanel-fullwind-amp0200-freq0900-per240-depth580-mstop30-run1.csv,9373/340,0.90000,0.20000,full,below_90_loose230,5,1390,12.42973,0.48606,4.21577
/Users/ole/Kodevik/wave_project/wavedata/20260326-ProbePos4_31_FPV_2-tett6roof-under9Mooring-height100-lowrange/fullpanel-fullwind-amp0200-freq0900-per240-depth580-mstop30-run1.csv,fullpanel-fullwind-amp0200-freq0900-per240-depth580-mstop30-run1.csv,9373/340,0.90000,0.20000,full,below_90_loose230,8,2224,12.44100,0.47899,4.08605
/Users/ole/Kodevik/wave_project/wavedata/20260326-ProbePos4_31_FPV_2-tett6roof-under9Mooring-height100-lowrange/fullpanel-fullwind-amp0200-freq0900-per240-depth580-mstop30-run1.csv,fullpanel-fullwind-amp0200-freq0900-per240-depth580-mstop30-run1.csv,9373/340,0.90000,0.20000,full,below_90_loose230,10,2780,12.51471,0.52123,4.32838
/Users/ole/Kodevik/wave_project/wavedata/20260326-ProbePos4_31_FPV_2-tett6roof-under9Mooring-height100-lowrange/fullpanel-fullwind-amp0200-freq0900-per240-depth580-mstop30-run1.csv,fullpanel-fullwind-amp0200-freq0900-per240-depth580-mstop30-run1.csv,9373/340,0.90000,0.20000,full,below_90_loose230,12,3336,12.53030,0.46553,4.25369
/Users/ole/Kodevik/wave_project/wavedata/20260326-ProbePos4_31_FPV_2-tett6roof-under9Mooring-height100-lowrange/fullpanel-fullwind-amp0200-freq0900-per240-depth580-mstop30-run1.csv,fullpanel-fullwind-amp0200-freq0900-per240-depth580-mstop30-run1.csv,9373/340,0.90000,0.20000,full,below_90_loose230,15,4170,12.55553,0.41438,4.29006
/Users/ole/Kodevik/wave_project/wavedata/20260326-ProbePos4_31_FPV_2-tett6roof-under9Mooring-height100-lowrange/fullpanel-fullwind-amp0200-freq0900-per240-depth580-mstop30-run1.csv,fullpanel-fullwind-amp0200-freq0900-per240-depth580-mstop30-run1.csv,9373/340,0.90000,0.20000,full,below_90_loose230,20,5560,12.55806,0.41920,4.28216
/Users/ole/Kodevik/wave_project/wavedata/20260326-ProbePos4_31_FPV_2-tett6roof-under9Mooring-height100-lowrange/fullpanel-fullwind-amp0200-freq0900-per240-depth580-mstop30-run1.csv,fullpanel-fullwind-amp0200-freq0900-per240-depth580-mstop30-run1.csv,12400/250,0.90000,0.20000,full,below_90_loose230,5,1390,12.04193,0.33445,0.57063
/Users/ole/Kodevik/wave_project/wavedata/20260326-ProbePos4_31_FPV_2-tett6roof-under9Mooring-height100-lowrange/fullpanel-fullwind-amp0200-freq0900-per240-depth580-mstop30-run1.csv,fullpanel-fullwind-amp0200-freq0900-per240-depth580-mstop30-run1.csv,12400/250,0.90000,0.20000,full,below_90_loose230,8,2224,12.04059,0.26712,0.58178
/Users/ole/Kodevik/wave_project/wavedata/20260326-ProbePos4_31_FPV_2-tett6roof-under9Mooring-height100-lowrange/fullpanel-fullwind-amp0200-freq0900-per240-depth580-mstop30-run1.csv,fullpanel-fullwind-amp0200-freq0900-per240-depth580-mstop30-run1.csv,12400/250,0.90000,0.20000,full,below_90_loose230,10,2780,11.99253,0.25329,0.57693
/Users/ole/Kodevik/wave_project/wavedata/20260326-ProbePos4_31_FPV_2-tett6roof-under9Mooring-height100-lowrange/fullpanel-fullwind-amp0200-freq0900-per240-depth580-mstop30-run1.csv,fullpanel-fullwind-amp0200-freq0900-per240-depth580-mstop30-run1.csv,12400/250,0.90000,0.20000,full,below_90_loose230,12,3336,11.99299,0.23698,0.61844
/Users/ole/Kodevik/wave_project/wavedata/20260326-ProbePos4_31_FPV_2-tett6roof-under9Mooring-height100-lowrange/fullpanel-fullwind-amp0200-freq0900-per240-depth580-mstop30-run1.csv,fullpanel-fullwind-amp0200-freq0900-per240-depth580-mstop30-run1.csv,12400/250,0.90000,0.20000,full,below_90_loose230,15,4170,11.98021,0.22141,0.60859
/Users/ole/Kodevik/wave_project/wavedata/20260326-ProbePos4_31_FPV_2-tett6roof-under9Mooring-height100-lowrange/fullpanel-fullwind-amp0200-freq0900-per240-depth580-mstop30-run1.csv,fullpanel-fullwind-amp0200-freq0900-per240-depth580-mstop30-run1.csv,12400/250,0.90000,0.20000,full,below_90_loose230,20,5560,11.97321,0.21970,0.60312
/Users/ole/Kodevik/wave_project/wavedata/20260326-ProbePos4_31_FPV_2-tett6roof-under9Mooring-height100-lowrange/fullpanel-fullwind-amp0300-freq1400-per240-depth580-mstop30-run1.csv,fullpanel-fullwind-amp0300-freq1400-per240-depth580-mstop30-run1.csv,9373/170,1.40000,0.30000,full,below_90_loose230,5,895,23.74020,3.68164,2.13010
/Users/ole/Kodevik/wave_project/wavedata/20260326-ProbePos4_31_FPV_2-tett6roof-under9Mooring-height100-lowrange/fullpanel-fullwind-amp0300-freq1400-per240-depth580-mstop30-run1.csv,fullpanel-fullwind-amp0300-freq1400-per240-depth580-mstop30-run1.csv,9373/170,1.40000,0.30000,full,below_90_loose230,8,1432,23.33304,4.06469,2.01742
/Users/ole/Kodevik/wave_project/wavedata/20260326-ProbePos4_31_FPV_2-tett6roof-under9Mooring-height100-lowrange/fullpanel-fullwind-amp0300-freq1400-per240-depth580-mstop30-run1.csv,fullpanel-fullwind-amp0300-freq1400-per240-depth580-mstop30-run1.csv,9373/170,1.40000,0.30000,full,below_90_loose230,10,1790,23.17988,3.65956,1.99063
/Users/ole/Kodevik/wave_project/wavedata/20260326-ProbePos4_31_FPV_2-tett6roof-under9Mooring-height100-lowrange/fullpanel-fullwind-amp0300-freq1400-per240-depth580-mstop30-run1.csv,fullpanel-fullwind-amp0300-freq1400-per240-depth580-mstop30-run1.csv,9373/170,1.40000,0.30000,full,below_90_loose230,12,2148,23.13409,3.52566,2.01237
/Users/ole/Kodevik/wave_project/wavedata/20260326-ProbePos4_31_FPV_2-tett6roof-under9Mooring-height100-lowrange/fullpanel-fullwind-amp0300-freq1400-per240-depth580-mstop30-run1.csv,fullpanel-fullwind-amp0300-freq1400-per240-depth580-mstop30-run1.csv,9373/170,1.40000,0.30000,full,below_90_loose230,15,2685,22.93664,3.51461,2.05550
/Users/ole/Kodevik/wave_project/wavedata/20260326-ProbePos4_31_FPV_2-tett6roof-under9Mooring-height100-lowrange/fullpanel-fullwind-amp0300-freq1400-per240-depth580-mstop30-run1.csv,fullpanel-fullwind-amp0300-freq1400-per240-depth580-mstop30-run1.csv,9373/170,1.40000,0.30000,full,below_90_loose230,20,3580,22.80539,3.42783,2.27687
/Users/ole/Kodevik/wave_project/wavedata/20260326-ProbePos4_31_FPV_2-tett6roof-under9Mooring-height100-lowrange/fullpanel-fullwind-amp0300-freq1400-per240-depth580-mstop30-run1.csv,fullpanel-fullwind-amp0300-freq1400-per240-depth580-mstop30-run1.csv,9373/340,1.40000,0.30000,full,below_90_loose230,5,895,25.11428,4.71700,2.59236
/Users/ole/Kodevik/wave_project/wavedata/20260326-ProbePos4_31_FPV_2-tett6roof-under9Mooring-height100-lowrange/fullpanel-fullwind-amp0300-freq1400-per240-depth580-mstop30-run1.csv,fullpanel-fullwind-amp0300-freq1400-per240-depth580-mstop30-run1.csv,9373/340,1.40000,0.30000,full,below_90_loose230,8,1432,24.97925,4.80409,2.44410
/Users/ole/Kodevik/wave_project/wavedata/20260326-ProbePos4_31_FPV_2-tett6roof-under9Mooring-height100-lowrange/fullpanel-fullwind-amp0300-freq1400-per240-depth580-mstop30-run1.csv,fullpanel-fullwind-amp0300-freq1400-per240-depth580-mstop30-run1.csv,9373/340,1.40000,0.30000,full,below_90_loose230,10,1790,24.69149,4.76765,2.33506
/Users/ole/Kodevik/wave_project/wavedata/20260326-ProbePos4_31_FPV_2-tett6roof-under9Mooring-height100-lowrange/fullpanel-fullwind-amp0300-freq1400-per240-depth580-mstop30-run1.csv,fullpanel-fullwind-amp0300-freq1400-per240-depth580-mstop30-run1.csv,9373/340,1.40000,0.30000,full,below_90_loose230,12,2148,24.67558,4.58174,2.30060
/Users/ole/Kodevik/wave_project/wavedata/20260326-ProbePos4_31_FPV_2-tett6roof-under9Mooring-height100-lowrange/fullpanel-fullwind-amp0300-freq1400-per240-depth580-mstop30-run1.csv,fullpanel-fullwind-amp0300-freq1400-per240-depth580-mstop30-run1.csv,9373/340,1.40000,0.30000,full,below_90_loose230,15,2685,24.45195,4.65688,2.33846
/Users/ole/Kodevik/wave_project/wavedata/20260326-ProbePos4_31_FPV_2-tett6roof-under9Mooring-height100-lowrange/fullpanel-fullwind-amp0300-freq1400-per240-depth580-mstop30-run1.csv,fullpanel-fullwind-amp0300-freq1400-per240-depth580-mstop30-run1.csv,9373/340,1.40000,0.30000,full,below_90_loose230,20,3580,24.16257,4.70877,2.58825
/Users/ole/Kodevik/wave_project/wavedata/20260326-ProbePos4_31_FPV_2-tett6roof-under9Mooring-height100-lowrange/fullpanel-fullwind-amp0300-freq1400-per240-depth580-mstop30-run1.csv,fullpanel-fullwind-amp0300-freq1400-per240-depth580-mstop30-run1.csv,12400/250,1.40000,0.30000,full,below_90_loose230,5,895,18.31293,1.52390,1.05614
/Users/ole/Kodevik/wave_project/wavedata/20260326-ProbePos4_31_FPV_2-tett6roof-under9Mooring-height100-lowrange/fullpanel-fullwind-amp0300-freq1400-per240-depth580-mstop30-run1.csv,fullpanel-fullwind-amp0300-freq1400-per240-depth580-mstop30-run1.csv,12400/250,1.40000,0.30000,full,below_90_loose230,8,1432,18.39289,1.43510,1.03038
/Users/ole/Kodevik/wave_project/wavedata/20260326-ProbePos4_31_FPV_2-tett6roof-under9Mooring-height100-lowrange/fullpanel-fullwind-amp0300-freq1400-per240-depth580-mstop30-run1.csv,fullpanel-fullwind-amp0300-freq1400-per240-depth580-mstop30-run1.csv,12400/250,1.40000,0.30000,full,below_90_loose230,10,1790,18.27258,1.37699,1.04214
/Users/ole/Kodevik/wave_project/wavedata/20260326-ProbePos4_31_FPV_2-tett6roof-under9Mooring-height100-lowrange/fullpanel-fullwind-amp0300-freq1400-per240-depth580-mstop30-run1.csv,fullpanel-fullwind-amp0300-freq1400-per240-depth580-mstop30-run1.csv,12400/250,1.40000,0.30000,full,below_90_loose230,12,2148,18.20915,1.40823,1.10022
/Users/ole/Kodevik/wave_project/wavedata/20260326-ProbePos4_31_FPV_2-tett6roof-under9Mooring-height100-lowrange/fullpanel-fullwind-amp0300-freq1400-per240-depth580-mstop30-run1.csv,fullpanel-fullwind-amp0300-freq1400-per240-depth580-mstop30-run1.csv,12400/250,1.40000,0.30000,full,below_90_loose230,15,2685,18.13768,1.34169,1.32333
/Users/ole/Kodevik/wave_project/wavedata/20260326-ProbePos4_31_FPV_2-tett6roof-under9Mooring-height100-lowrange/fullpanel-fullwind-amp0300-freq1400-per240-depth580-mstop30-run1.csv,fullpanel-fullwind-amp0300-freq1400-per240-depth580-mstop30-run1.csv,12400/250,1.40000,0.30000,full,below_90_loose230,20,3580,18.10766,1.29289,1.45657
/Users/ole/Kodevik/wave_project/wavedata/20260326-ProbePos4_31_FPV_2-tett6roof-under9Mooring-height100-lowrange/fullpanel-fullwind-amp0200-freq1000-per240-depth580-mstop30-run1.csv,fullpanel-fullwind-amp0200-freq1000-per240-depth580-mstop30-run1.csv,9373/170,1.00000,0.20000,full,below_90_loose230,5,1250,14.58527,0.62850,4.16274
/Users/ole/Kodevik/wave_project/wavedata/20260326-ProbePos4_31_FPV_2-tett6roof-under9Mooring-height100-lowrange/fullpanel-fullwind-amp0200-freq1000-per240-depth580-mstop30-run1.csv,fullpanel-fullwind-amp0200-freq1000-per240-depth580-mstop30-run1.csv,9373/170,1.00000,0.20000,full,below_90_loose230,8,2000,14.57758,0.52553,4.38425
/Users/ole/Kodevik/wave_project/wavedata/20260326-ProbePos4_31_FPV_2-tett6roof-under9Mooring-height100-lowrange/fullpanel-fullwind-amp0200-freq1000-per240-depth580-mstop30-run1.csv,fullpanel-fullwind-amp0200-freq1000-per240-depth580-mstop30-run1.csv,9373/170,1.00000,0.20000,full,below_90_loose230,10,2500,14.53132,0.53167,4.35183
/Users/ole/Kodevik/wave_project/wavedata/20260326-ProbePos4_31_FPV_2-tett6roof-under9Mooring-height100-lowrange/fullpanel-fullwind-amp0200-freq1000-per240-depth580-mstop30-run1.csv,fullpanel-fullwind-amp0200-freq1000-per240-depth580-mstop30-run1.csv,9373/170,1.00000,0.20000,full,below_90_loose230,12,3000,14.51005,0.62477,4.17516
/Users/ole/Kodevik/wave_project/wavedata/20260326-ProbePos4_31_FPV_2-tett6roof-under9Mooring-height100-lowrange/fullpanel-fullwind-amp0200-freq1000-per240-depth580-mstop30-run1.csv,fullpanel-fullwind-amp0200-freq1000-per240-depth580-mstop30-run1.csv,9373/170,1.00000,0.20000,full,below_90_loose230,15,3750,14.51618,0.64729,4.32532
/Users/ole/Kodevik/wave_project/wavedata/20260326-ProbePos4_31_FPV_2-tett6roof-under9Mooring-height100-lowrange/fullpanel-fullwind-amp0200-freq1000-per240-depth580-mstop30-run1.csv,fullpanel-fullwind-amp0200-freq1000-per240-depth580-mstop30-run1.csv,9373/170,1.00000,0.20000,full,below_90_loose230,20,5000,14.41967,0.66091,4.09355
/Users/ole/Kodevik/wave_project/wavedata/20260326-ProbePos4_31_FPV_2-tett6roof-under9Mooring-height100-lowrange/fullpanel-fullwind-amp0200-freq1000-per240-depth580-mstop30-run1.csv,fullpanel-fullwind-amp0200-freq1000-per240-depth580-mstop30-run1.csv,9373/340,1.00000,0.20000,full,below_90_loose230,5,1250,14.51268,0.66148,2.73034
/Users/ole/Kodevik/wave_project/wavedata/20260326-ProbePos4_31_FPV_2-tett6roof-under9Mooring-height100-lowrange/fullpanel-fullwind-amp0200-freq1000-per240-depth580-mstop30-run1.csv,fullpanel-fullwind-amp0200-freq1000-per240-depth580-mstop30-run1.csv,9373/340,1.00000,0.20000,full,below_90_loose230,8,2000,14.49376,0.61591,3.23797
/Users/ole/Kodevik/wave_project/wavedata/20260326-ProbePos4_31_FPV_2-tett6roof-under9Mooring-height100-lowrange/fullpanel-fullwind-amp0200-freq1000-per240-depth580-mstop30-run1.csv,fullpanel-fullwind-amp0200-freq1000-per240-depth580-mstop30-run1.csv,9373/340,1.00000,0.20000,full,below_90_loose230,10,2500,14.45112,0.60168,3.29728
/Users/ole/Kodevik/wave_project/wavedata/20260326-ProbePos4_31_FPV_2-tett6roof-under9Mooring-height100-lowrange/fullpanel-fullwind-amp0200-freq1000-per240-depth580-mstop30-run1.csv,fullpanel-fullwind-amp0200-freq1000-per240-depth580-mstop30-run1.csv,9373/340,1.00000,0.20000,full,below_90_loose230,12,3000,14.38503,0.72002,3.40841
/Users/ole/Kodevik/wave_project/wavedata/20260326-ProbePos4_31_FPV_2-tett6roof-under9Mooring-height100-lowrange/fullpanel-fullwind-amp0200-freq1000-per240-depth580-mstop30-run1.csv,fullpanel-fullwind-amp0200-freq1000-per240-depth580-mstop30-run1.csv,9373/340,1.00000,0.20000,full,below_90_loose230,15,3750,14.38824,0.61783,3.46317
/Users/ole/Kodevik/wave_project/wavedata/20260326-ProbePos4_31_FPV_2-tett6roof-under9Mooring-height100-lowrange/fullpanel-fullwind-amp0200-freq1000-per240-depth580-mstop30-run1.csv,fullpanel-fullwind-amp0200-freq1000-per240-depth580-mstop30-run1.csv,9373/340,1.00000,0.20000,full,below_90_loose230,20,5000,14.38254,0.41201,3.71869
/Users/ole/Kodevik/wave_project/wavedata/20260326-ProbePos4_31_FPV_2-tett6roof-under9Mooring-height100-lowrange/fullpanel-fullwind-amp0200-freq1000-per240-depth580-mstop30-run1.csv,fullpanel-fullwind-amp0200-freq1000-per240-depth580-mstop30-run1.csv,12400/250,1.00000,0.20000,full,below_90_loose230,5,1250,13.37283,0.60899,0.54835
/Users/ole/Kodevik/wave_project/wavedata/20260326-ProbePos4_31_FPV_2-tett6roof-under9Mooring-height100-lowrange/fullpanel-fullwind-amp0200-freq1000-per240-depth580-mstop30-run1.csv,fullpanel-fullwind-amp0200-freq1000-per240-depth580-mstop30-run1.csv,12400/250,1.00000,0.20000,full,below_90_loose230,8,2000,13.35308,0.57721,0.57966
/Users/ole/Kodevik/wave_project/wavedata/20260326-ProbePos4_31_FPV_2-tett6roof-under9Mooring-height100-lowrange/fullpanel-fullwind-amp0200-freq1000-per240-depth580-mstop30-run1.csv,fullpanel-fullwind-amp0200-freq1000-per240-depth580-mstop30-run1.csv,12400/250,1.00000,0.20000,full,below_90_loose230,10,2500,13.35952,0.52772,0.57459
/Users/ole/Kodevik/wave_project/wavedata/20260326-ProbePos4_31_FPV_2-tett6roof-under9Mooring-height100-lowrange/fullpanel-fullwind-amp0200-freq1000-per240-depth580-mstop30-run1.csv,fullpanel-fullwind-amp0200-freq1000-per240-depth580-mstop30-run1.csv,12400/250,1.00000,0.20000,full,below_90_loose230,12,3000,13.34890,0.58515,0.59851
/Users/ole/Kodevik/wave_project/wavedata/20260326-ProbePos4_31_FPV_2-tett6roof-under9Mooring-height100-lowrange/fullpanel-fullwind-amp0200-freq1000-per240-depth580-mstop30-run1.csv,fullpanel-fullwind-amp0200-freq1000-per240-depth580-mstop30-run1.csv,12400/250,1.00000,0.20000,full,below_90_loose230,15,3750,13.33941,0.58595,0.57717
/Users/ole/Kodevik/wave_project/wavedata/20260326-ProbePos4_31_FPV_2-tett6roof-under9Mooring-height100-lowrange/fullpanel-fullwind-amp0200-freq1000-per240-depth580-mstop30-run1.csv,fullpanel-fullwind-amp0200-freq1000-per240-depth580-mstop30-run1.csv,12400/250,1.00000,0.20000,full,below_90_loose230,20,5000,13.31093,0.57459,0.59783
/Users/ole/Kodevik/wave_project/wavedata/20260327-ProbePos4_31_FPV_2-tett6roof-under9Mooring30-height100-lowrange/fullpanel-nowind-amp0200-freq1300-per240-depth580-mstop30-run1.csv,fullpanel-nowind-amp0200-freq1300-per240-depth580-mstop30-run1.csv,9373/170,1.30000,0.20000,no,below_90_loose300,5,960,14.90805,1.03424,0.48041
/Users/ole/Kodevik/wave_project/wavedata/20260327-ProbePos4_31_FPV_2-tett6roof-under9Mooring30-height100-lowrange/fullpanel-nowind-amp0200-freq1300-per240-depth580-mstop30-run1.csv,fullpanel-nowind-amp0200-freq1300-per240-depth580-mstop30-run1.csv,9373/170,1.30000,0.20000,no,below_90_loose300,8,1536,14.86624,1.17543,0.48889
/Users/ole/Kodevik/wave_project/wavedata/20260327-ProbePos4_31_FPV_2-tett6roof-under9Mooring30-height100-lowrange/fullpanel-nowind-amp0200-freq1300-per240-depth580-mstop30-run1.csv,fullpanel-nowind-amp0200-freq1300-per240-depth580-mstop30-run1.csv,9373/170,1.30000,0.20000,no,below_90_loose300,10,1920,14.78713,1.22110,0.48947
/Users/ole/Kodevik/wave_project/wavedata/20260327-ProbePos4_31_FPV_2-tett6roof-under9Mooring30-height100-lowrange/fullpanel-nowind-amp0200-freq1300-per240-depth580-mstop30-run1.csv,fullpanel-nowind-amp0200-freq1300-per240-depth580-mstop30-run1.csv,9373/170,1.30000,0.20000,no,below_90_loose300,12,2304,14.75533,1.22997,0.47830
/Users/ole/Kodevik/wave_project/wavedata/20260327-ProbePos4_31_FPV_2-tett6roof-under9Mooring30-height100-lowrange/fullpanel-nowind-amp0200-freq1300-per240-depth580-mstop30-run1.csv,fullpanel-nowind-amp0200-freq1300-per240-depth580-mstop30-run1.csv,9373/170,1.30000,0.20000,no,below_90_loose300,15,2880,14.78407,1.22291,0.48219
/Users/ole/Kodevik/wave_project/wavedata/20260327-ProbePos4_31_FPV_2-tett6roof-under9Mooring30-height100-lowrange/fullpanel-nowind-amp0200-freq1300-per240-depth580-mstop30-run1.csv,fullpanel-nowind-amp0200-freq1300-per240-depth580-mstop30-run1.csv,9373/170,1.30000,0.20000,no,below_90_loose300,20,3840,14.79713,1.25648,0.51178
/Users/ole/Kodevik/wave_project/wavedata/20260327-ProbePos4_31_FPV_2-tett6roof-under9Mooring30-height100-lowrange/fullpanel-nowind-amp0200-freq1300-per240-depth580-mstop30-run1.csv,fullpanel-nowind-amp0200-freq1300-per240-depth580-mstop30-run1.csv,9373/340,1.30000,0.20000,no,below_90_loose300,5,960,15.09010,0.86388,0.50428
/Users/ole/Kodevik/wave_project/wavedata/20260327-ProbePos4_31_FPV_2-tett6roof-under9Mooring30-height100-lowrange/fullpanel-nowind-amp0200-freq1300-per240-depth580-mstop30-run1.csv,fullpanel-nowind-amp0200-freq1300-per240-depth580-mstop30-run1.csv,9373/340,1.30000,0.20000,no,below_90_loose300,8,1536,15.03161,1.06990,0.52660
/Users/ole/Kodevik/wave_project/wavedata/20260327-ProbePos4_31_FPV_2-tett6roof-under9Mooring30-height100-lowrange/fullpanel-nowind-amp0200-freq1300-per240-depth580-mstop30-run1.csv,fullpanel-nowind-amp0200-freq1300-per240-depth580-mstop30-run1.csv,9373/340,1.30000,0.20000,no,below_90_loose300,10,1920,14.96990,1.18194,0.54744
/Users/ole/Kodevik/wave_project/wavedata/20260327-ProbePos4_31_FPV_2-tett6roof-under9Mooring30-height100-lowrange/fullpanel-nowind-amp0200-freq1300-per240-depth580-mstop30-run1.csv,fullpanel-nowind-amp0200-freq1300-per240-depth580-mstop30-run1.csv,9373/340,1.30000,0.20000,no,below_90_loose300,12,2304,14.92634,1.21585,0.54530
/Users/ole/Kodevik/wave_project/wavedata/20260327-ProbePos4_31_FPV_2-tett6roof-under9Mooring30-height100-lowrange/fullpanel-nowind-amp0200-freq1300-per240-depth580-mstop30-run1.csv,fullpanel-nowind-amp0200-freq1300-per240-depth580-mstop30-run1.csv,9373/340,1.30000,0.20000,no,below_90_loose300,15,2880,14.96018,1.16299,0.54172
/Users/ole/Kodevik/wave_project/wavedata/20260327-ProbePos4_31_FPV_2-tett6roof-under9Mooring30-height100-lowrange/fullpanel-nowind-amp0200-freq1300-per240-depth580-mstop30-run1.csv,fullpanel-nowind-amp0200-freq1300-per240-depth580-mstop30-run1.csv,9373/340,1.30000,0.20000,no,below_90_loose300,20,3840,14.98254,1.18608,0.57511
/Users/ole/Kodevik/wave_project/wavedata/20260327-ProbePos4_31_FPV_2-tett6roof-under9Mooring30-height100-lowrange/fullpanel-nowind-amp0200-freq1300-per240-depth580-mstop30-run1.csv,fullpanel-nowind-amp0200-freq1300-per240-depth580-mstop30-run1.csv,12400/250,1.30000,0.20000,no,below_90_loose300,5,960,11.60444,0.22699,0.30748
/Users/ole/Kodevik/wave_project/wavedata/20260327-ProbePos4_31_FPV_2-tett6roof-under9Mooring30-height100-lowrange/fullpanel-nowind-amp0200-freq1300-per240-depth580-mstop30-run1.csv,fullpanel-nowind-amp0200-freq1300-per240-depth580-mstop30-run1.csv,12400/250,1.30000,0.20000,no,below_90_loose300,8,1536,11.60274,0.21175,0.31997
/Users/ole/Kodevik/wave_project/wavedata/20260327-ProbePos4_31_FPV_2-tett6roof-under9Mooring30-height100-lowrange/fullpanel-nowind-amp0200-freq1300-per240-depth580-mstop30-run1.csv,fullpanel-nowind-amp0200-freq1300-per240-depth580-mstop30-run1.csv,12400/250,1.30000,0.20000,no,below_90_loose300,10,1920,11.59774,0.21710,0.32224
/Users/ole/Kodevik/wave_project/wavedata/20260327-ProbePos4_31_FPV_2-tett6roof-under9Mooring30-height100-lowrange/fullpanel-nowind-amp0200-freq1300-per240-depth580-mstop30-run1.csv,fullpanel-nowind-amp0200-freq1300-per240-depth580-mstop30-run1.csv,12400/250,1.30000,0.20000,no,below_90_loose300,12,2304,11.59703,0.22336,0.31505
/Users/ole/Kodevik/wave_project/wavedata/20260327-ProbePos4_31_FPV_2-tett6roof-under9Mooring30-height100-lowrange/fullpanel-nowind-amp0200-freq1300-per240-depth580-mstop30-run1.csv,fullpanel-nowind-amp0200-freq1300-per240-depth580-mstop30-run1.csv,12400/250,1.30000,0.20000,no,below_90_loose300,15,2880,11.61856,0.22850,0.31908
/Users/ole/Kodevik/wave_project/wavedata/20260327-ProbePos4_31_FPV_2-tett6roof-under9Mooring30-height100-lowrange/fullpanel-nowind-amp0200-freq1300-per240-depth580-mstop30-run1.csv,fullpanel-nowind-amp0200-freq1300-per240-depth580-mstop30-run1.csv,12400/250,1.30000,0.20000,no,below_90_loose300,20,3840,11.67764,0.21558,0.32263
/Users/ole/Kodevik/wave_project/wavedata/20260327-ProbePos4_31_FPV_2-tett6roof-under9Mooring30-height100-lowrange/fullpanel-nowind-amp0100-freq1400-per240-depth580-mstop30-run1.csv,fullpanel-nowind-amp0100-freq1400-per240-depth580-mstop30-run1.csv,9373/170,1.40000,0.10000,no,below_90_loose300,5,895,7.82701,0.36189,0.34976
/Users/ole/Kodevik/wave_project/wavedata/20260327-ProbePos4_31_FPV_2-tett6roof-under9Mooring30-height100-lowrange/fullpanel-nowind-amp0100-freq1400-per240-depth580-mstop30-run1.csv,fullpanel-nowind-amp0100-freq1400-per240-depth580-mstop30-run1.csv,9373/170,1.40000,0.10000,no,below_90_loose300,8,1432,7.80142,0.34408,0.35390
/Users/ole/Kodevik/wave_project/wavedata/20260327-ProbePos4_31_FPV_2-tett6roof-under9Mooring30-height100-lowrange/fullpanel-nowind-amp0100-freq1400-per240-depth580-mstop30-run1.csv,fullpanel-nowind-amp0100-freq1400-per240-depth580-mstop30-run1.csv,9373/170,1.40000,0.10000,no,below_90_loose300,10,1790,7.78738,0.35337,0.35679
/Users/ole/Kodevik/wave_project/wavedata/20260327-ProbePos4_31_FPV_2-tett6roof-under9Mooring30-height100-lowrange/fullpanel-nowind-amp0100-freq1400-per240-depth580-mstop30-run1.csv,fullpanel-nowind-amp0100-freq1400-per240-depth580-mstop30-run1.csv,9373/170,1.40000,0.10000,no,below_90_loose300,12,2148,7.78573,0.35095,0.35138
/Users/ole/Kodevik/wave_project/wavedata/20260327-ProbePos4_31_FPV_2-tett6roof-under9Mooring30-height100-lowrange/fullpanel-nowind-amp0100-freq1400-per240-depth580-mstop30-run1.csv,fullpanel-nowind-amp0100-freq1400-per240-depth580-mstop30-run1.csv,9373/170,1.40000,0.10000,no,below_90_loose300,15,2685,7.77608,0.34681,0.34406
/Users/ole/Kodevik/wave_project/wavedata/20260327-ProbePos4_31_FPV_2-tett6roof-under9Mooring30-height100-lowrange/fullpanel-nowind-amp0100-freq1400-per240-depth580-mstop30-run1.csv,fullpanel-nowind-amp0100-freq1400-per240-depth580-mstop30-run1.csv,9373/170,1.40000,0.10000,no,below_90_loose300,20,3580,7.77052,0.34132,0.35648
/Users/ole/Kodevik/wave_project/wavedata/20260327-ProbePos4_31_FPV_2-tett6roof-under9Mooring30-height100-lowrange/fullpanel-nowind-amp0100-freq1400-per240-depth580-mstop30-run1.csv,fullpanel-nowind-amp0100-freq1400-per240-depth580-mstop30-run1.csv,9373/340,1.40000,0.10000,no,below_90_loose300,5,895,7.87339,0.10708,0.45549
/Users/ole/Kodevik/wave_project/wavedata/20260327-ProbePos4_31_FPV_2-tett6roof-under9Mooring30-height100-lowrange/fullpanel-nowind-amp0100-freq1400-per240-depth580-mstop30-run1.csv,fullpanel-nowind-amp0100-freq1400-per240-depth580-mstop30-run1.csv,9373/340,1.40000,0.10000,no,below_90_loose300,8,1432,7.83327,0.03462,0.46739
/Users/ole/Kodevik/wave_project/wavedata/20260327-ProbePos4_31_FPV_2-tett6roof-under9Mooring30-height100-lowrange/fullpanel-nowind-amp0100-freq1400-per240-depth580-mstop30-run1.csv,fullpanel-nowind-amp0100-freq1400-per240-depth580-mstop30-run1.csv,9373/340,1.40000,0.10000,no,below_90_loose300,10,1790,7.83333,0.02930,0.45493
/Users/ole/Kodevik/wave_project/wavedata/20260327-ProbePos4_31_FPV_2-tett6roof-under9Mooring30-height100-lowrange/fullpanel-nowind-amp0100-freq1400-per240-depth580-mstop30-run1.csv,fullpanel-nowind-amp0100-freq1400-per240-depth580-mstop30-run1.csv,9373/340,1.40000,0.10000,no,below_90_loose300,12,2148,7.83476,0.07006,0.45307
/Users/ole/Kodevik/wave_project/wavedata/20260327-ProbePos4_31_FPV_2-tett6roof-under9Mooring30-height100-lowrange/fullpanel-nowind-amp0100-freq1400-per240-depth580-mstop30-run1.csv,fullpanel-nowind-amp0100-freq1400-per240-depth580-mstop30-run1.csv,9373/340,1.40000,0.10000,no,below_90_loose300,15,2685,7.83287,0.07477,0.45673
/Users/ole/Kodevik/wave_project/wavedata/20260327-ProbePos4_31_FPV_2-tett6roof-under9Mooring30-height100-lowrange/fullpanel-nowind-amp0100-freq1400-per240-depth580-mstop30-run1.csv,fullpanel-nowind-amp0100-freq1400-per240-depth580-mstop30-run1.csv,9373/340,1.40000,0.10000,no,below_90_loose300,20,3580,7.84014,0.06170,0.47700
/Users/ole/Kodevik/wave_project/wavedata/20260327-ProbePos4_31_FPV_2-tett6roof-under9Mooring30-height100-lowrange/fullpanel-nowind-amp0100-freq1400-per240-depth580-mstop30-run1.csv,fullpanel-nowind-amp0100-freq1400-per240-depth580-mstop30-run1.csv,12400/250,1.40000,0.10000,no,below_90_loose300,5,895,4.17104,0.11791,0.17672
/Users/ole/Kodevik/wave_project/wavedata/20260327-ProbePos4_31_FPV_2-tett6roof-under9Mooring30-height100-lowrange/fullpanel-nowind-amp0100-freq1400-per240-depth580-mstop30-run1.csv,fullpanel-nowind-amp0100-freq1400-per240-depth580-mstop30-run1.csv,12400/250,1.40000,0.10000,no,below_90_loose300,8,1432,4.19875,0.11391,0.18292
/Users/ole/Kodevik/wave_project/wavedata/20260327-ProbePos4_31_FPV_2-tett6roof-under9Mooring30-height100-lowrange/fullpanel-nowind-amp0100-freq1400-per240-depth580-mstop30-run1.csv,fullpanel-nowind-amp0100-freq1400-per240-depth580-mstop30-run1.csv,12400/250,1.40000,0.10000,no,below_90_loose300,10,1790,4.20616,0.09454,0.18262
/Users/ole/Kodevik/wave_project/wavedata/20260327-ProbePos4_31_FPV_2-tett6roof-under9Mooring30-height100-lowrange/fullpanel-nowind-amp0100-freq1400-per240-depth580-mstop30-run1.csv,fullpanel-nowind-amp0100-freq1400-per240-depth580-mstop30-run1.csv,12400/250,1.40000,0.10000,no,below_90_loose300,12,2148,4.17028,0.08895,0.18880
/Users/ole/Kodevik/wave_project/wavedata/20260327-ProbePos4_31_FPV_2-tett6roof-under9Mooring30-height100-lowrange/fullpanel-nowind-amp0100-freq1400-per240-depth580-mstop30-run1.csv,fullpanel-nowind-amp0100-freq1400-per240-depth580-mstop30-run1.csv,12400/250,1.40000,0.10000,no,below_90_loose300,15,2685,4.12561,0.07321,0.20131
/Users/ole/Kodevik/wave_project/wavedata/20260327-ProbePos4_31_FPV_2-tett6roof-under9Mooring30-height100-lowrange/fullpanel-nowind-amp0100-freq1400-per240-depth580-mstop30-run1.csv,fullpanel-nowind-amp0100-freq1400-per240-depth580-mstop30-run1.csv,12400/250,1.40000,0.10000,no,below_90_loose300,20,3580,4.10695,0.06632,0.20523
/Users/ole/Kodevik/wave_project/wavedata/20260327-ProbePos4_31_FPV_2-tett6roof-under9Mooring30-height100-lowrange/fullpanel-fullwind-amp0200-freq1500-per240-depth580-mstop30-run1.csv,fullpanel-fullwind-amp0200-freq1500-per240-depth580-mstop30-run1.csv,9373/170,1.50000,0.20000,full,below_90_loose300,5,835,17.37868,1.42878,2.46519
/Users/ole/Kodevik/wave_project/wavedata/20260327-ProbePos4_31_FPV_2-tett6roof-under9Mooring30-height100-lowrange/fullpanel-fullwind-amp0200-freq1500-per240-depth580-mstop30-run1.csv,fullpanel-fullwind-amp0200-freq1500-per240-depth580-mstop30-run1.csv,9373/170,1.50000,0.20000,full,below_90_loose300,8,1336,17.21013,0.86148,2.50296
/Users/ole/Kodevik/wave_project/wavedata/20260327-ProbePos4_31_FPV_2-tett6roof-under9Mooring30-height100-lowrange/fullpanel-fullwind-amp0200-freq1500-per240-depth580-mstop30-run1.csv,fullpanel-fullwind-amp0200-freq1500-per240-depth580-mstop30-run1.csv,9373/170,1.50000,0.20000,full,below_90_loose300,10,1670,17.16435,0.90356,2.37507
/Users/ole/Kodevik/wave_project/wavedata/20260327-ProbePos4_31_FPV_2-tett6roof-under9Mooring30-height100-lowrange/fullpanel-fullwind-amp0200-freq1500-per240-depth580-mstop30-run1.csv,fullpanel-fullwind-amp0200-freq1500-per240-depth580-mstop30-run1.csv,9373/170,1.50000,0.20000,full,below_90_loose300,12,2004,17.17659,0.62009,2.39714
/Users/ole/Kodevik/wave_project/wavedata/20260327-ProbePos4_31_FPV_2-tett6roof-under9Mooring30-height100-lowrange/fullpanel-fullwind-amp0200-freq1500-per240-depth580-mstop30-run1.csv,fullpanel-fullwind-amp0200-freq1500-per240-depth580-mstop30-run1.csv,9373/170,1.50000,0.20000,full,below_90_loose300,15,2505,17.15801,0.63899,2.42771
/Users/ole/Kodevik/wave_project/wavedata/20260327-ProbePos4_31_FPV_2-tett6roof-under9Mooring30-height100-lowrange/fullpanel-fullwind-amp0200-freq1500-per240-depth580-mstop30-run1.csv,fullpanel-fullwind-amp0200-freq1500-per240-depth580-mstop30-run1.csv,9373/170,1.50000,0.20000,full,below_90_loose300,20,3340,17.10899,1.20498,2.46436
/Users/ole/Kodevik/wave_project/wavedata/20260327-ProbePos4_31_FPV_2-tett6roof-under9Mooring30-height100-lowrange/fullpanel-fullwind-amp0200-freq1500-per240-depth580-mstop30-run1.csv,fullpanel-fullwind-amp0200-freq1500-per240-depth580-mstop30-run1.csv,9373/340,1.50000,0.20000,full,below_90_loose300,5,835,14.13898,1.38766,2.48546
/Users/ole/Kodevik/wave_project/wavedata/20260327-ProbePos4_31_FPV_2-tett6roof-under9Mooring30-height100-lowrange/fullpanel-fullwind-amp0200-freq1500-per240-depth580-mstop30-run1.csv,fullpanel-fullwind-amp0200-freq1500-per240-depth580-mstop30-run1.csv,9373/340,1.50000,0.20000,full,below_90_loose300,8,1336,13.78555,0.98785,2.74540
/Users/ole/Kodevik/wave_project/wavedata/20260327-ProbePos4_31_FPV_2-tett6roof-under9Mooring30-height100-lowrange/fullpanel-fullwind-amp0200-freq1500-per240-depth580-mstop30-run1.csv,fullpanel-fullwind-amp0200-freq1500-per240-depth580-mstop30-run1.csv,9373/340,1.50000,0.20000,full,below_90_loose300,10,1670,13.79350,0.78107,2.67064
/Users/ole/Kodevik/wave_project/wavedata/20260327-ProbePos4_31_FPV_2-tett6roof-under9Mooring30-height100-lowrange/fullpanel-fullwind-amp0200-freq1500-per240-depth580-mstop30-run1.csv,fullpanel-fullwind-amp0200-freq1500-per240-depth580-mstop30-run1.csv,9373/340,1.50000,0.20000,full,below_90_loose300,12,2004,13.73123,0.41177,2.66853
/Users/ole/Kodevik/wave_project/wavedata/20260327-ProbePos4_31_FPV_2-tett6roof-under9Mooring30-height100-lowrange/fullpanel-fullwind-amp0200-freq1500-per240-depth580-mstop30-run1.csv,fullpanel-fullwind-amp0200-freq1500-per240-depth580-mstop30-run1.csv,9373/340,1.50000,0.20000,full,below_90_loose300,15,2505,13.73628,0.15379,2.88081
/Users/ole/Kodevik/wave_project/wavedata/20260327-ProbePos4_31_FPV_2-tett6roof-under9Mooring30-height100-lowrange/fullpanel-fullwind-amp0200-freq1500-per240-depth580-mstop30-run1.csv,fullpanel-fullwind-amp0200-freq1500-per240-depth580-mstop30-run1.csv,9373/340,1.50000,0.20000,full,below_90_loose300,20,3340,13.75479,0.38015,2.89271
/Users/ole/Kodevik/wave_project/wavedata/20260327-ProbePos4_31_FPV_2-tett6roof-under9Mooring30-height100-lowrange/fullpanel-fullwind-amp0200-freq1500-per240-depth580-mstop30-run1.csv,fullpanel-fullwind-amp0200-freq1500-per240-depth580-mstop30-run1.csv,12400/250,1.50000,0.20000,full,below_90_loose300,5,835,10.90525,0.48654,0.73552
/Users/ole/Kodevik/wave_project/wavedata/20260327-ProbePos4_31_FPV_2-tett6roof-under9Mooring30-height100-lowrange/fullpanel-fullwind-amp0200-freq1500-per240-depth580-mstop30-run1.csv,fullpanel-fullwind-amp0200-freq1500-per240-depth580-mstop30-run1.csv,12400/250,1.50000,0.20000,full,below_90_loose300,8,1336,10.88575,0.32052,0.75494
/Users/ole/Kodevik/wave_project/wavedata/20260327-ProbePos4_31_FPV_2-tett6roof-under9Mooring30-height100-lowrange/fullpanel-fullwind-amp0200-freq1500-per240-depth580-mstop30-run1.csv,fullpanel-fullwind-amp0200-freq1500-per240-depth580-mstop30-run1.csv,12400/250,1.50000,0.20000,full,below_90_loose300,10,1670,10.85560,0.25606,0.78914
/Users/ole/Kodevik/wave_project/wavedata/20260327-ProbePos4_31_FPV_2-tett6roof-under9Mooring30-height100-lowrange/fullpanel-fullwind-amp0200-freq1500-per240-depth580-mstop30-run1.csv,fullpanel-fullwind-amp0200-freq1500-per240-depth580-mstop30-run1.csv,12400/250,1.50000,0.20000,full,below_90_loose300,12,2004,10.89550,0.25104,0.82639
/Users/ole/Kodevik/wave_project/wavedata/20260327-ProbePos4_31_FPV_2-tett6roof-under9Mooring30-height100-lowrange/fullpanel-fullwind-amp0200-freq1500-per240-depth580-mstop30-run1.csv,fullpanel-fullwind-amp0200-freq1500-per240-depth580-mstop30-run1.csv,12400/250,1.50000,0.20000,full,below_90_loose300,15,2505,10.90499,0.22489,0.99372
/Users/ole/Kodevik/wave_project/wavedata/20260327-ProbePos4_31_FPV_2-tett6roof-under9Mooring30-height100-lowrange/fullpanel-fullwind-amp0200-freq1500-per240-depth580-mstop30-run1.csv,fullpanel-fullwind-amp0200-freq1500-per240-depth580-mstop30-run1.csv,12400/250,1.50000,0.20000,full,below_90_loose300,20,3340,10.92095,0.23484,1.11543
/Users/ole/Kodevik/wave_project/wavedata/20260327-ProbePos4_31_FPV_2-tett6roof-under9Mooring30-height100-lowrange/fullpanel-nowind-amp0200-freq1700-per240-depth580-mstop30-run1-rettetterpå.csv,fullpanel-nowind-amp0200-freq1700-per240-depth580-mstop30-run1-rettetterpå.csv,9373/170,1.70000,0.20000,no,below_90_loose300,5,735,13.19460,0.47456,2.10027
/Users/ole/Kodevik/wave_project/wavedata/20260327-ProbePos4_31_FPV_2-tett6roof-under9Mooring30-height100-lowrange/fullpanel-nowind-amp0200-freq1700-per240-depth580-mstop30-run1-rettetterpå.csv,fullpanel-nowind-amp0200-freq1700-per240-depth580-mstop30-run1-rettetterpå.csv,9373/170,1.70000,0.20000,no,below_90_loose300,8,1176,13.10313,0.66870,2.00818
/Users/ole/Kodevik/wave_project/wavedata/20260327-ProbePos4_31_FPV_2-tett6roof-under9Mooring30-height100-lowrange/fullpanel-nowind-amp0200-freq1700-per240-depth580-mstop30-run1-rettetterpå.csv,fullpanel-nowind-amp0200-freq1700-per240-depth580-mstop30-run1-rettetterpå.csv,9373/170,1.70000,0.20000,no,below_90_loose300,10,1470,13.05958,0.78700,1.85322
/Users/ole/Kodevik/wave_project/wavedata/20260327-ProbePos4_31_FPV_2-tett6roof-under9Mooring30-height100-lowrange/fullpanel-nowind-amp0200-freq1700-per240-depth580-mstop30-run1-rettetterpå.csv,fullpanel-nowind-amp0200-freq1700-per240-depth580-mstop30-run1-rettetterpå.csv,9373/170,1.70000,0.20000,no,below_90_loose300,12,1764,13.05069,0.82628,1.75681
/Users/ole/Kodevik/wave_project/wavedata/20260327-ProbePos4_31_FPV_2-tett6roof-under9Mooring30-height100-lowrange/fullpanel-nowind-amp0200-freq1700-per240-depth580-mstop30-run1-rettetterpå.csv,fullpanel-nowind-amp0200-freq1700-per240-depth580-mstop30-run1-rettetterpå.csv,9373/170,1.70000,0.20000,no,below_90_loose300,15,2205,13.03975,0.82443,1.64001
/Users/ole/Kodevik/wave_project/wavedata/20260327-ProbePos4_31_FPV_2-tett6roof-under9Mooring30-height100-lowrange/fullpanel-nowind-amp0200-freq1700-per240-depth580-mstop30-run1-rettetterpå.csv,fullpanel-nowind-amp0200-freq1700-per240-depth580-mstop30-run1-rettetterpå.csv,9373/170,1.70000,0.20000,no,below_90_loose300,20,2940,13.01932,0.74642,1.50825
/Users/ole/Kodevik/wave_project/wavedata/20260327-ProbePos4_31_FPV_2-tett6roof-under9Mooring30-height100-lowrange/fullpanel-nowind-amp0200-freq1700-per240-depth580-mstop30-run1-rettetterpå.csv,fullpanel-nowind-amp0200-freq1700-per240-depth580-mstop30-run1-rettetterpå.csv,9373/340,1.70000,0.20000,no,below_90_loose300,5,735,13.48388,0.76552,2.39472
/Users/ole/Kodevik/wave_project/wavedata/20260327-ProbePos4_31_FPV_2-tett6roof-under9Mooring30-height100-lowrange/fullpanel-nowind-amp0200-freq1700-per240-depth580-mstop30-run1-rettetterpå.csv,fullpanel-nowind-amp0200-freq1700-per240-depth580-mstop30-run1-rettetterpå.csv,9373/340,1.70000,0.20000,no,below_90_loose300,8,1176,13.32013,1.02728,2.19678
/Users/ole/Kodevik/wave_project/wavedata/20260327-ProbePos4_31_FPV_2-tett6roof-under9Mooring30-height100-lowrange/fullpanel-nowind-amp0200-freq1700-per240-depth580-mstop30-run1-rettetterpå.csv,fullpanel-nowind-amp0200-freq1700-per240-depth580-mstop30-run1-rettetterpå.csv,9373/340,1.70000,0.20000,no,below_90_loose300,10,1470,13.23378,1.22743,2.06827
/Users/ole/Kodevik/wave_project/wavedata/20260327-ProbePos4_31_FPV_2-tett6roof-under9Mooring30-height100-lowrange/fullpanel-nowind-amp0200-freq1700-per240-depth580-mstop30-run1-rettetterpå.csv,fullpanel-nowind-amp0200-freq1700-per240-depth580-mstop30-run1-rettetterpå.csv,9373/340,1.70000,0.20000,no,below_90_loose300,12,1764,13.21665,1.31577,1.94458
/Users/ole/Kodevik/wave_project/wavedata/20260327-ProbePos4_31_FPV_2-tett6roof-under9Mooring30-height100-lowrange/fullpanel-nowind-amp0200-freq1700-per240-depth580-mstop30-run1-rettetterpå.csv,fullpanel-nowind-amp0200-freq1700-per240-depth580-mstop30-run1-rettetterpå.csv,9373/340,1.70000,0.20000,no,below_90_loose300,15,2205,13.26694,1.38427,1.97126
/Users/ole/Kodevik/wave_project/wavedata/20260327-ProbePos4_31_FPV_2-tett6roof-under9Mooring30-height100-lowrange/fullpanel-nowind-amp0200-freq1700-per240-depth580-mstop30-run1-rettetterpå.csv,fullpanel-nowind-amp0200-freq1700-per240-depth580-mstop30-run1-rettetterpå.csv,9373/340,1.70000,0.20000,no,below_90_loose300,20,2940,13.31598,1.51001,1.80658
/Users/ole/Kodevik/wave_project/wavedata/20260327-ProbePos4_31_FPV_2-tett6roof-under9Mooring30-height100-lowrange/fullpanel-nowind-amp0200-freq1700-per240-depth580-mstop30-run1-rettetterpå.csv,fullpanel-nowind-amp0200-freq1700-per240-depth580-mstop30-run1-rettetterpå.csv,12400/250,1.70000,0.20000,no,below_90_loose300,5,735,5.31432,0.11960,0.51353
/Users/ole/Kodevik/wave_project/wavedata/20260327-ProbePos4_31_FPV_2-tett6roof-under9Mooring30-height100-lowrange/fullpanel-nowind-amp0200-freq1700-per240-depth580-mstop30-run1-rettetterpå.csv,fullpanel-nowind-amp0200-freq1700-per240-depth580-mstop30-run1-rettetterpå.csv,12400/250,1.70000,0.20000,no,below_90_loose300,8,1176,5.45479,0.10950,0.49779
/Users/ole/Kodevik/wave_project/wavedata/20260327-ProbePos4_31_FPV_2-tett6roof-under9Mooring30-height100-lowrange/fullpanel-nowind-amp0200-freq1700-per240-depth580-mstop30-run1-rettetterpå.csv,fullpanel-nowind-amp0200-freq1700-per240-depth580-mstop30-run1-rettetterpå.csv,12400/250,1.70000,0.20000,no,below_90_loose300,10,1470,5.46490,0.10910,0.46235
/Users/ole/Kodevik/wave_project/wavedata/20260327-ProbePos4_31_FPV_2-tett6roof-under9Mooring30-height100-lowrange/fullpanel-nowind-amp0200-freq1700-per240-depth580-mstop30-run1-rettetterpå.csv,fullpanel-nowind-amp0200-freq1700-per240-depth580-mstop30-run1-rettetterpå.csv,12400/250,1.70000,0.20000,no,below_90_loose300,12,1764,5.40015,0.09073,0.45357
/Users/ole/Kodevik/wave_project/wavedata/20260327-ProbePos4_31_FPV_2-tett6roof-under9Mooring30-height100-lowrange/fullpanel-nowind-amp0200-freq1700-per240-depth580-mstop30-run1-rettetterpå.csv,fullpanel-nowind-amp0200-freq1700-per240-depth580-mstop30-run1-rettetterpå.csv,12400/250,1.70000,0.20000,no,below_90_loose300,15,2205,5.35971,0.10655,0.45413
/Users/ole/Kodevik/wave_project/wavedata/20260327-ProbePos4_31_FPV_2-tett6roof-under9Mooring30-height100-lowrange/fullpanel-nowind-amp0200-freq1700-per240-depth580-mstop30-run1-rettetterpå.csv,fullpanel-nowind-amp0200-freq1700-per240-depth580-mstop30-run1-rettetterpå.csv,12400/250,1.70000,0.20000,no,below_90_loose300,20,2940,5.28965,0.14730,0.46280
/Users/ole/Kodevik/wave_project/wavedata/20260327-ProbePos4_31_FPV_2-tett6roof-under9Mooring30-height100-lowrange/fullpanel-fullwind-amp0200-freq1300-per240-depth580-mstop30-run1.csv,fullpanel-fullwind-amp0200-freq1300-per240-depth580-mstop30-run1.csv,9373/170,1.30000,0.20000,full,below_90_loose300,5,960,14.80170,1.48762,2.98863
/Users/ole/Kodevik/wave_project/wavedata/20260327-ProbePos4_31_FPV_2-tett6roof-under9Mooring30-height100-lowrange/fullpanel-fullwind-amp0200-freq1300-per240-depth580-mstop30-run1.csv,fullpanel-fullwind-amp0200-freq1300-per240-depth580-mstop30-run1.csv,9373/170,1.30000,0.20000,full,below_90_loose300,8,1536,15.00266,1.48075,2.84631
/Users/ole/Kodevik/wave_project/wavedata/20260327-ProbePos4_31_FPV_2-tett6roof-under9Mooring30-height100-lowrange/fullpanel-fullwind-amp0200-freq1300-per240-depth580-mstop30-run1.csv,fullpanel-fullwind-amp0200-freq1300-per240-depth580-mstop30-run1.csv,9373/170,1.30000,0.20000,full,below_90_loose300,10,1920,15.13062,1.82726,2.77745
/Users/ole/Kodevik/wave_project/wavedata/20260327-ProbePos4_31_FPV_2-tett6roof-under9Mooring30-height100-lowrange/fullpanel-fullwind-amp0200-freq1300-per240-depth580-mstop30-run1.csv,fullpanel-fullwind-amp0200-freq1300-per240-depth580-mstop30-run1.csv,9373/170,1.30000,0.20000,full,below_90_loose300,12,2304,15.02756,1.86463,2.74517
/Users/ole/Kodevik/wave_project/wavedata/20260327-ProbePos4_31_FPV_2-tett6roof-under9Mooring30-height100-lowrange/fullpanel-fullwind-amp0200-freq1300-per240-depth580-mstop30-run1.csv,fullpanel-fullwind-amp0200-freq1300-per240-depth580-mstop30-run1.csv,9373/170,1.30000,0.20000,full,below_90_loose300,15,2880,15.17670,1.83610,2.97562
/Users/ole/Kodevik/wave_project/wavedata/20260327-ProbePos4_31_FPV_2-tett6roof-under9Mooring30-height100-lowrange/fullpanel-fullwind-amp0200-freq1300-per240-depth580-mstop30-run1.csv,fullpanel-fullwind-amp0200-freq1300-per240-depth580-mstop30-run1.csv,9373/170,1.30000,0.20000,full,below_90_loose300,20,3840,15.20995,1.86992,2.99262
/Users/ole/Kodevik/wave_project/wavedata/20260327-ProbePos4_31_FPV_2-tett6roof-under9Mooring30-height100-lowrange/fullpanel-fullwind-amp0200-freq1300-per240-depth580-mstop30-run1.csv,fullpanel-fullwind-amp0200-freq1300-per240-depth580-mstop30-run1.csv,9373/340,1.30000,0.20000,full,below_90_loose300,5,960,14.52106,2.54945,2.48368
/Users/ole/Kodevik/wave_project/wavedata/20260327-ProbePos4_31_FPV_2-tett6roof-under9Mooring30-height100-lowrange/fullpanel-fullwind-amp0200-freq1300-per240-depth580-mstop30-run1.csv,fullpanel-fullwind-amp0200-freq1300-per240-depth580-mstop30-run1.csv,9373/340,1.30000,0.20000,full,below_90_loose300,8,1536,14.70982,2.31993,2.85529
/Users/ole/Kodevik/wave_project/wavedata/20260327-ProbePos4_31_FPV_2-tett6roof-under9Mooring30-height100-lowrange/fullpanel-fullwind-amp0200-freq1300-per240-depth580-mstop30-run1.csv,fullpanel-fullwind-amp0200-freq1300-per240-depth580-mstop30-run1.csv,9373/340,1.30000,0.20000,full,below_90_loose300,10,1920,14.70329,2.01682,2.79319
/Users/ole/Kodevik/wave_project/wavedata/20260327-ProbePos4_31_FPV_2-tett6roof-under9Mooring30-height100-lowrange/fullpanel-fullwind-amp0200-freq1300-per240-depth580-mstop30-run1.csv,fullpanel-fullwind-amp0200-freq1300-per240-depth580-mstop30-run1.csv,9373/340,1.30000,0.20000,full,below_90_loose300,12,2304,14.62150,2.00110,2.67772
/Users/ole/Kodevik/wave_project/wavedata/20260327-ProbePos4_31_FPV_2-tett6roof-under9Mooring30-height100-lowrange/fullpanel-fullwind-amp0200-freq1300-per240-depth580-mstop30-run1.csv,fullpanel-fullwind-amp0200-freq1300-per240-depth580-mstop30-run1.csv,9373/340,1.30000,0.20000,full,below_90_loose300,15,2880,14.53003,1.75122,2.76778
/Users/ole/Kodevik/wave_project/wavedata/20260327-ProbePos4_31_FPV_2-tett6roof-under9Mooring30-height100-lowrange/fullpanel-fullwind-amp0200-freq1300-per240-depth580-mstop30-run1.csv,fullpanel-fullwind-amp0200-freq1300-per240-depth580-mstop30-run1.csv,9373/340,1.30000,0.20000,full,below_90_loose300,20,3840,14.58911,1.69484,2.66060
/Users/ole/Kodevik/wave_project/wavedata/20260327-ProbePos4_31_FPV_2-tett6roof-under9Mooring30-height100-lowrange/fullpanel-fullwind-amp0200-freq1300-per240-depth580-mstop30-run1.csv,fullpanel-fullwind-amp0200-freq1300-per240-depth580-mstop30-run1.csv,12400/250,1.30000,0.20000,full,below_90_loose300,5,960,12.29529,0.70879,0.68079
/Users/ole/Kodevik/wave_project/wavedata/20260327-ProbePos4_31_FPV_2-tett6roof-under9Mooring30-height100-lowrange/fullpanel-fullwind-amp0200-freq1300-per240-depth580-mstop30-run1.csv,fullpanel-fullwind-amp0200-freq1300-per240-depth580-mstop30-run1.csv,12400/250,1.30000,0.20000,full,below_90_loose300,8,1536,12.29943,0.65842,0.70087
/Users/ole/Kodevik/wave_project/wavedata/20260327-ProbePos4_31_FPV_2-tett6roof-under9Mooring30-height100-lowrange/fullpanel-fullwind-amp0200-freq1300-per240-depth580-mstop30-run1.csv,fullpanel-fullwind-amp0200-freq1300-per240-depth580-mstop30-run1.csv,12400/250,1.30000,0.20000,full,below_90_loose300,10,1920,12.35188,0.64698,0.73634
/Users/ole/Kodevik/wave_project/wavedata/20260327-ProbePos4_31_FPV_2-tett6roof-under9Mooring30-height100-lowrange/fullpanel-fullwind-amp0200-freq1300-per240-depth580-mstop30-run1.csv,fullpanel-fullwind-amp0200-freq1300-per240-depth580-mstop30-run1.csv,12400/250,1.30000,0.20000,full,below_90_loose300,12,2304,12.32938,0.68053,0.74786
/Users/ole/Kodevik/wave_project/wavedata/20260327-ProbePos4_31_FPV_2-tett6roof-under9Mooring30-height100-lowrange/fullpanel-fullwind-amp0200-freq1300-per240-depth580-mstop30-run1.csv,fullpanel-fullwind-amp0200-freq1300-per240-depth580-mstop30-run1.csv,12400/250,1.30000,0.20000,full,below_90_loose300,15,2880,12.32113,0.65652,0.76061
/Users/ole/Kodevik/wave_project/wavedata/20260327-ProbePos4_31_FPV_2-tett6roof-under9Mooring30-height100-lowrange/fullpanel-fullwind-amp0200-freq1300-per240-depth580-mstop30-run1.csv,fullpanel-fullwind-amp0200-freq1300-per240-depth580-mstop30-run1.csv,12400/250,1.30000,0.20000,full,below_90_loose300,20,3840,12.25530,0.66612,0.80975
/Users/ole/Kodevik/wave_project/wavedata/20260327-ProbePos4_31_FPV_2-tett6roof-under9Mooring30-height100-lowrange/fullpanel-fullwind-amp0100-freq1400-per240-depth580-mstop30-run1.csv,fullpanel-fullwind-amp0100-freq1400-per240-depth580-mstop30-run1.csv,9373/170,1.40000,0.10000,full,below_90_loose300,5,895,8.18573,1.73271,2.04581
/Users/ole/Kodevik/wave_project/wavedata/20260327-ProbePos4_31_FPV_2-tett6roof-under9Mooring30-height100-lowrange/fullpanel-fullwind-amp0100-freq1400-per240-depth580-mstop30-run1.csv,fullpanel-fullwind-amp0100-freq1400-per240-depth580-mstop30-run1.csv,9373/170,1.40000,0.10000,full,below_90_loose300,8,1432,7.97075,1.17232,2.37590
/Users/ole/Kodevik/wave_project/wavedata/20260327-ProbePos4_31_FPV_2-tett6roof-under9Mooring30-height100-lowrange/fullpanel-fullwind-amp0100-freq1400-per240-depth580-mstop30-run1.csv,fullpanel-fullwind-amp0100-freq1400-per240-depth580-mstop30-run1.csv,9373/170,1.40000,0.10000,full,below_90_loose300,10,1790,7.98766,1.06689,2.79160
/Users/ole/Kodevik/wave_project/wavedata/20260327-ProbePos4_31_FPV_2-tett6roof-under9Mooring30-height100-lowrange/fullpanel-fullwind-amp0100-freq1400-per240-depth580-mstop30-run1.csv,fullpanel-fullwind-amp0100-freq1400-per240-depth580-mstop30-run1.csv,9373/170,1.40000,0.10000,full,below_90_loose300,12,2148,7.97691,1.00777,2.86797
/Users/ole/Kodevik/wave_project/wavedata/20260327-ProbePos4_31_FPV_2-tett6roof-under9Mooring30-height100-lowrange/fullpanel-fullwind-amp0100-freq1400-per240-depth580-mstop30-run1.csv,fullpanel-fullwind-amp0100-freq1400-per240-depth580-mstop30-run1.csv,9373/170,1.40000,0.10000,full,below_90_loose300,15,2685,7.89914,0.60708,2.88478
/Users/ole/Kodevik/wave_project/wavedata/20260327-ProbePos4_31_FPV_2-tett6roof-under9Mooring30-height100-lowrange/fullpanel-fullwind-amp0100-freq1400-per240-depth580-mstop30-run1.csv,fullpanel-fullwind-amp0100-freq1400-per240-depth580-mstop30-run1.csv,9373/170,1.40000,0.10000,full,below_90_loose300,20,3580,7.93857,0.62328,2.91308
/Users/ole/Kodevik/wave_project/wavedata/20260327-ProbePos4_31_FPV_2-tett6roof-under9Mooring30-height100-lowrange/fullpanel-fullwind-amp0100-freq1400-per240-depth580-mstop30-run1.csv,fullpanel-fullwind-amp0100-freq1400-per240-depth580-mstop30-run1.csv,9373/340,1.40000,0.10000,full,below_90_loose300,5,895,8.17022,1.27992,3.27072
/Users/ole/Kodevik/wave_project/wavedata/20260327-ProbePos4_31_FPV_2-tett6roof-under9Mooring30-height100-lowrange/fullpanel-fullwind-amp0100-freq1400-per240-depth580-mstop30-run1.csv,fullpanel-fullwind-amp0100-freq1400-per240-depth580-mstop30-run1.csv,9373/340,1.40000,0.10000,full,below_90_loose300,8,1432,8.27696,1.67087,3.39282
/Users/ole/Kodevik/wave_project/wavedata/20260327-ProbePos4_31_FPV_2-tett6roof-under9Mooring30-height100-lowrange/fullpanel-fullwind-amp0100-freq1400-per240-depth580-mstop30-run1.csv,fullpanel-fullwind-amp0100-freq1400-per240-depth580-mstop30-run1.csv,9373/340,1.40000,0.10000,full,below_90_loose300,10,1790,8.32475,1.30282,3.45786
/Users/ole/Kodevik/wave_project/wavedata/20260327-ProbePos4_31_FPV_2-tett6roof-under9Mooring30-height100-lowrange/fullpanel-fullwind-amp0100-freq1400-per240-depth580-mstop30-run1.csv,fullpanel-fullwind-amp0100-freq1400-per240-depth580-mstop30-run1.csv,9373/340,1.40000,0.10000,full,below_90_loose300,12,2148,8.28559,1.05936,3.54553
/Users/ole/Kodevik/wave_project/wavedata/20260327-ProbePos4_31_FPV_2-tett6roof-under9Mooring30-height100-lowrange/fullpanel-fullwind-amp0100-freq1400-per240-depth580-mstop30-run1.csv,fullpanel-fullwind-amp0100-freq1400-per240-depth580-mstop30-run1.csv,9373/340,1.40000,0.10000,full,below_90_loose300,15,2685,8.32463,1.15617,3.59667
/Users/ole/Kodevik/wave_project/wavedata/20260327-ProbePos4_31_FPV_2-tett6roof-under9Mooring30-height100-lowrange/fullpanel-fullwind-amp0100-freq1400-per240-depth580-mstop30-run1.csv,fullpanel-fullwind-amp0100-freq1400-per240-depth580-mstop30-run1.csv,9373/340,1.40000,0.10000,full,below_90_loose300,20,3580,8.43025,1.32546,3.73726
/Users/ole/Kodevik/wave_project/wavedata/20260327-ProbePos4_31_FPV_2-tett6roof-under9Mooring30-height100-lowrange/fullpanel-fullwind-amp0100-freq1400-per240-depth580-mstop30-run1.csv,fullpanel-fullwind-amp0100-freq1400-per240-depth580-mstop30-run1.csv,12400/250,1.40000,0.10000,full,below_90_loose300,5,895,5.44726,0.21475,0.36130
/Users/ole/Kodevik/wave_project/wavedata/20260327-ProbePos4_31_FPV_2-tett6roof-under9Mooring30-height100-lowrange/fullpanel-fullwind-amp0100-freq1400-per240-depth580-mstop30-run1.csv,fullpanel-fullwind-amp0100-freq1400-per240-depth580-mstop30-run1.csv,12400/250,1.40000,0.10000,full,below_90_loose300,8,1432,5.48847,0.23600,0.36351
/Users/ole/Kodevik/wave_project/wavedata/20260327-ProbePos4_31_FPV_2-tett6roof-under9Mooring30-height100-lowrange/fullpanel-fullwind-amp0100-freq1400-per240-depth580-mstop30-run1.csv,fullpanel-fullwind-amp0100-freq1400-per240-depth580-mstop30-run1.csv,12400/250,1.40000,0.10000,full,below_90_loose300,10,1790,5.50026,0.23817,0.38171
/Users/ole/Kodevik/wave_project/wavedata/20260327-ProbePos4_31_FPV_2-tett6roof-under9Mooring30-height100-lowrange/fullpanel-fullwind-amp0100-freq1400-per240-depth580-mstop30-run1.csv,fullpanel-fullwind-amp0100-freq1400-per240-depth580-mstop30-run1.csv,12400/250,1.40000,0.10000,full,below_90_loose300,12,2148,5.55884,0.25270,0.39064
/Users/ole/Kodevik/wave_project/wavedata/20260327-ProbePos4_31_FPV_2-tett6roof-under9Mooring30-height100-lowrange/fullpanel-fullwind-amp0100-freq1400-per240-depth580-mstop30-run1.csv,fullpanel-fullwind-amp0100-freq1400-per240-depth580-mstop30-run1.csv,12400/250,1.40000,0.10000,full,below_90_loose300,15,2685,5.60332,0.25608,0.40045
/Users/ole/Kodevik/wave_project/wavedata/20260327-ProbePos4_31_FPV_2-tett6roof-under9Mooring30-height100-lowrange/fullpanel-fullwind-amp0100-freq1400-per240-depth580-mstop30-run1.csv,fullpanel-fullwind-amp0100-freq1400-per240-depth580-mstop30-run1.csv,12400/250,1.40000,0.10000,full,below_90_loose300,20,3580,5.63773,0.26691,0.41811
/Users/ole/Kodevik/wave_project/wavedata/20260327-ProbePos4_31_FPV_2-tett6roof-under9Mooring30-height100-lowrange/fullpanel-nowind-amp0200-freq1500-per240-depth580-mstop30-run1.csv,fullpanel-nowind-amp0200-freq1500-per240-depth580-mstop30-run1.csv,9373/170,1.50000,0.20000,no,below_90_loose300,5,835,15.53808,1.56751,0.61046
/Users/ole/Kodevik/wave_project/wavedata/20260327-ProbePos4_31_FPV_2-tett6roof-under9Mooring30-height100-lowrange/fullpanel-nowind-amp0200-freq1500-per240-depth580-mstop30-run1.csv,fullpanel-nowind-amp0200-freq1500-per240-depth580-mstop30-run1.csv,9373/170,1.50000,0.20000,no,below_90_loose300,8,1336,15.49703,1.64519,0.55238
/Users/ole/Kodevik/wave_project/wavedata/20260327-ProbePos4_31_FPV_2-tett6roof-under9Mooring30-height100-lowrange/fullpanel-nowind-amp0200-freq1500-per240-depth580-mstop30-run1.csv,fullpanel-nowind-amp0200-freq1500-per240-depth580-mstop30-run1.csv,9373/170,1.50000,0.20000,no,below_90_loose300,10,1670,15.42860,1.71479,0.58621
/Users/ole/Kodevik/wave_project/wavedata/20260327-ProbePos4_31_FPV_2-tett6roof-under9Mooring30-height100-lowrange/fullpanel-nowind-amp0200-freq1500-per240-depth580-mstop30-run1.csv,fullpanel-nowind-amp0200-freq1500-per240-depth580-mstop30-run1.csv,9373/170,1.50000,0.20000,no,below_90_loose300,12,2004,15.35923,1.69158,0.59633
/Users/ole/Kodevik/wave_project/wavedata/20260327-ProbePos4_31_FPV_2-tett6roof-under9Mooring30-height100-lowrange/fullpanel-nowind-amp0200-freq1500-per240-depth580-mstop30-run1.csv,fullpanel-nowind-amp0200-freq1500-per240-depth580-mstop30-run1.csv,9373/170,1.50000,0.20000,no,below_90_loose300,15,2505,15.38718,1.73480,0.55714
/Users/ole/Kodevik/wave_project/wavedata/20260327-ProbePos4_31_FPV_2-tett6roof-under9Mooring30-height100-lowrange/fullpanel-nowind-amp0200-freq1500-per240-depth580-mstop30-run1.csv,fullpanel-nowind-amp0200-freq1500-per240-depth580-mstop30-run1.csv,9373/170,1.50000,0.20000,no,below_90_loose300,20,3340,15.40155,1.69534,0.53003
/Users/ole/Kodevik/wave_project/wavedata/20260327-ProbePos4_31_FPV_2-tett6roof-under9Mooring30-height100-lowrange/fullpanel-nowind-amp0200-freq1500-per240-depth580-mstop30-run1.csv,fullpanel-nowind-amp0200-freq1500-per240-depth580-mstop30-run1.csv,9373/340,1.50000,0.20000,no,below_90_loose300,5,835,15.27839,2.02837,0.61104
/Users/ole/Kodevik/wave_project/wavedata/20260327-ProbePos4_31_FPV_2-tett6roof-under9Mooring30-height100-lowrange/fullpanel-nowind-amp0200-freq1500-per240-depth580-mstop30-run1.csv,fullpanel-nowind-amp0200-freq1500-per240-depth580-mstop30-run1.csv,9373/340,1.50000,0.20000,no,below_90_loose300,8,1336,15.19075,2.06641,0.55985
/Users/ole/Kodevik/wave_project/wavedata/20260327-ProbePos4_31_FPV_2-tett6roof-under9Mooring30-height100-lowrange/fullpanel-nowind-amp0200-freq1500-per240-depth580-mstop30-run1.csv,fullpanel-nowind-amp0200-freq1500-per240-depth580-mstop30-run1.csv,9373/340,1.50000,0.20000,no,below_90_loose300,10,1670,15.18729,2.15530,0.61558
/Users/ole/Kodevik/wave_project/wavedata/20260327-ProbePos4_31_FPV_2-tett6roof-under9Mooring30-height100-lowrange/fullpanel-nowind-amp0200-freq1500-per240-depth580-mstop30-run1.csv,fullpanel-nowind-amp0200-freq1500-per240-depth580-mstop30-run1.csv,9373/340,1.50000,0.20000,no,below_90_loose300,12,2004,15.15340,2.16351,0.63213
/Users/ole/Kodevik/wave_project/wavedata/20260327-ProbePos4_31_FPV_2-tett6roof-under9Mooring30-height100-lowrange/fullpanel-nowind-amp0200-freq1500-per240-depth580-mstop30-run1.csv,fullpanel-nowind-amp0200-freq1500-per240-depth580-mstop30-run1.csv,9373/340,1.50000,0.20000,no,below_90_loose300,15,2505,15.19895,2.21895,0.58929
/Users/ole/Kodevik/wave_project/wavedata/20260327-ProbePos4_31_FPV_2-tett6roof-under9Mooring30-height100-lowrange/fullpanel-nowind-amp0200-freq1500-per240-depth580-mstop30-run1.csv,fullpanel-nowind-amp0200-freq1500-per240-depth580-mstop30-run1.csv,9373/340,1.50000,0.20000,no,below_90_loose300,20,3340,15.23570,2.25434,0.56084
/Users/ole/Kodevik/wave_project/wavedata/20260327-ProbePos4_31_FPV_2-tett6roof-under9Mooring30-height100-lowrange/fullpanel-nowind-amp0200-freq1500-per240-depth580-mstop30-run1.csv,fullpanel-nowind-amp0200-freq1500-per240-depth580-mstop30-run1.csv,12400/250,1.50000,0.20000,no,below_90_loose300,5,835,9.28508,0.08397,0.36545
/Users/ole/Kodevik/wave_project/wavedata/20260327-ProbePos4_31_FPV_2-tett6roof-under9Mooring30-height100-lowrange/fullpanel-nowind-amp0200-freq1500-per240-depth580-mstop30-run1.csv,fullpanel-nowind-amp0200-freq1500-per240-depth580-mstop30-run1.csv,12400/250,1.50000,0.20000,no,below_90_loose300,8,1336,9.12186,0.11418,0.39927
/Users/ole/Kodevik/wave_project/wavedata/20260327-ProbePos4_31_FPV_2-tett6roof-under9Mooring30-height100-lowrange/fullpanel-nowind-amp0200-freq1500-per240-depth580-mstop30-run1.csv,fullpanel-nowind-amp0200-freq1500-per240-depth580-mstop30-run1.csv,12400/250,1.50000,0.20000,no,below_90_loose300,10,1670,9.01546,0.07988,0.46301
/Users/ole/Kodevik/wave_project/wavedata/20260327-ProbePos4_31_FPV_2-tett6roof-under9Mooring30-height100-lowrange/fullpanel-nowind-amp0200-freq1500-per240-depth580-mstop30-run1.csv,fullpanel-nowind-amp0200-freq1500-per240-depth580-mstop30-run1.csv,12400/250,1.50000,0.20000,no,below_90_loose300,12,2004,9.00313,0.05230,0.44314
/Users/ole/Kodevik/wave_project/wavedata/20260327-ProbePos4_31_FPV_2-tett6roof-under9Mooring30-height100-lowrange/fullpanel-nowind-amp0200-freq1500-per240-depth580-mstop30-run1.csv,fullpanel-nowind-amp0200-freq1500-per240-depth580-mstop30-run1.csv,12400/250,1.50000,0.20000,no,below_90_loose300,15,2505,8.97271,0.03497,0.42929
/Users/ole/Kodevik/wave_project/wavedata/20260327-ProbePos4_31_FPV_2-tett6roof-under9Mooring30-height100-lowrange/fullpanel-nowind-amp0200-freq1500-per240-depth580-mstop30-run1.csv,fullpanel-nowind-amp0200-freq1500-per240-depth580-mstop30-run1.csv,12400/250,1.50000,0.20000,no,below_90_loose300,20,3340,8.87253,0.04251,0.42587
/Users/ole/Kodevik/wave_project/wavedata/20260327-ProbePos4_31_FPV_2-tett6roof-under9Mooring30-height100-lowrange/fullpanel-fullwind-amp0100-freq1300-per240-depth580-mstop30-run1.csv,fullpanel-fullwind-amp0100-freq1300-per240-depth580-mstop30-run1.csv,9373/170,1.30000,0.10000,full,below_90_loose300,5,960,8.11516,0.66794,3.74090
/Users/ole/Kodevik/wave_project/wavedata/20260327-ProbePos4_31_FPV_2-tett6roof-under9Mooring30-height100-lowrange/fullpanel-fullwind-amp0100-freq1300-per240-depth580-mstop30-run1.csv,fullpanel-fullwind-amp0100-freq1300-per240-depth580-mstop30-run1.csv,9373/170,1.30000,0.10000,full,below_90_loose300,8,1536,8.00955,0.78779,3.57697
/Users/ole/Kodevik/wave_project/wavedata/20260327-ProbePos4_31_FPV_2-tett6roof-under9Mooring30-height100-lowrange/fullpanel-fullwind-amp0100-freq1300-per240-depth580-mstop30-run1.csv,fullpanel-fullwind-amp0100-freq1300-per240-depth580-mstop30-run1.csv,9373/170,1.30000,0.10000,full,below_90_loose300,10,1920,7.89330,0.42166,3.44514
/Users/ole/Kodevik/wave_project/wavedata/20260327-ProbePos4_31_FPV_2-tett6roof-under9Mooring30-height100-lowrange/fullpanel-fullwind-amp0100-freq1300-per240-depth580-mstop30-run1.csv,fullpanel-fullwind-amp0100-freq1300-per240-depth580-mstop30-run1.csv,9373/170,1.30000,0.10000,full,below_90_loose300,12,2304,7.69907,0.12539,3.35636
/Users/ole/Kodevik/wave_project/wavedata/20260327-ProbePos4_31_FPV_2-tett6roof-under9Mooring30-height100-lowrange/fullpanel-fullwind-amp0100-freq1300-per240-depth580-mstop30-run1.csv,fullpanel-fullwind-amp0100-freq1300-per240-depth580-mstop30-run1.csv,9373/170,1.30000,0.10000,full,below_90_loose300,15,2880,7.59310,0.12594,3.46496
/Users/ole/Kodevik/wave_project/wavedata/20260327-ProbePos4_31_FPV_2-tett6roof-under9Mooring30-height100-lowrange/fullpanel-fullwind-amp0100-freq1300-per240-depth580-mstop30-run1.csv,fullpanel-fullwind-amp0100-freq1300-per240-depth580-mstop30-run1.csv,9373/170,1.30000,0.10000,full,below_90_loose300,20,3840,7.42135,0.08777,3.39987
/Users/ole/Kodevik/wave_project/wavedata/20260327-ProbePos4_31_FPV_2-tett6roof-under9Mooring30-height100-lowrange/fullpanel-fullwind-amp0100-freq1300-per240-depth580-mstop30-run1.csv,fullpanel-fullwind-amp0100-freq1300-per240-depth580-mstop30-run1.csv,9373/340,1.30000,0.10000,full,below_90_loose300,5,960,6.91626,0.70797,2.49003
/Users/ole/Kodevik/wave_project/wavedata/20260327-ProbePos4_31_FPV_2-tett6roof-under9Mooring30-height100-lowrange/fullpanel-fullwind-amp0100-freq1300-per240-depth580-mstop30-run1.csv,fullpanel-fullwind-amp0100-freq1300-per240-depth580-mstop30-run1.csv,9373/340,1.30000,0.10000,full,below_90_loose300,8,1536,7.06607,0.62835,2.38382
/Users/ole/Kodevik/wave_project/wavedata/20260327-ProbePos4_31_FPV_2-tett6roof-under9Mooring30-height100-lowrange/fullpanel-fullwind-amp0100-freq1300-per240-depth580-mstop30-run1.csv,fullpanel-fullwind-amp0100-freq1300-per240-depth580-mstop30-run1.csv,9373/340,1.30000,0.10000,full,below_90_loose300,10,1920,7.20299,0.63818,2.47195
/Users/ole/Kodevik/wave_project/wavedata/20260327-ProbePos4_31_FPV_2-tett6roof-under9Mooring30-height100-lowrange/fullpanel-fullwind-amp0100-freq1300-per240-depth580-mstop30-run1.csv,fullpanel-fullwind-amp0100-freq1300-per240-depth580-mstop30-run1.csv,9373/340,1.30000,0.10000,full,below_90_loose300,12,2304,7.30968,0.64481,2.74533
/Users/ole/Kodevik/wave_project/wavedata/20260327-ProbePos4_31_FPV_2-tett6roof-under9Mooring30-height100-lowrange/fullpanel-fullwind-amp0100-freq1300-per240-depth580-mstop30-run1.csv,fullpanel-fullwind-amp0100-freq1300-per240-depth580-mstop30-run1.csv,9373/340,1.30000,0.10000,full,below_90_loose300,15,2880,7.56033,0.43465,3.21284
/Users/ole/Kodevik/wave_project/wavedata/20260327-ProbePos4_31_FPV_2-tett6roof-under9Mooring30-height100-lowrange/fullpanel-fullwind-amp0100-freq1300-per240-depth580-mstop30-run1.csv,fullpanel-fullwind-amp0100-freq1300-per240-depth580-mstop30-run1.csv,9373/340,1.30000,0.10000,full,below_90_loose300,20,3840,7.64005,0.33751,3.50622
/Users/ole/Kodevik/wave_project/wavedata/20260327-ProbePos4_31_FPV_2-tett6roof-under9Mooring30-height100-lowrange/fullpanel-fullwind-amp0100-freq1300-per240-depth580-mstop30-run1.csv,fullpanel-fullwind-amp0100-freq1300-per240-depth580-mstop30-run1.csv,12400/250,1.30000,0.10000,full,below_90_loose300,5,960,5.67969,0.10231,0.37948
/Users/ole/Kodevik/wave_project/wavedata/20260327-ProbePos4_31_FPV_2-tett6roof-under9Mooring30-height100-lowrange/fullpanel-fullwind-amp0100-freq1300-per240-depth580-mstop30-run1.csv,fullpanel-fullwind-amp0100-freq1300-per240-depth580-mstop30-run1.csv,12400/250,1.30000,0.10000,full,below_90_loose300,8,1536,5.69537,0.11182,0.43350
/Users/ole/Kodevik/wave_project/wavedata/20260327-ProbePos4_31_FPV_2-tett6roof-under9Mooring30-height100-lowrange/fullpanel-fullwind-amp0100-freq1300-per240-depth580-mstop30-run1.csv,fullpanel-fullwind-amp0100-freq1300-per240-depth580-mstop30-run1.csv,12400/250,1.30000,0.10000,full,below_90_loose300,10,1920,5.71333,0.12408,0.43172
/Users/ole/Kodevik/wave_project/wavedata/20260327-ProbePos4_31_FPV_2-tett6roof-under9Mooring30-height100-lowrange/fullpanel-fullwind-amp0100-freq1300-per240-depth580-mstop30-run1.csv,fullpanel-fullwind-amp0100-freq1300-per240-depth580-mstop30-run1.csv,12400/250,1.30000,0.10000,full,below_90_loose300,12,2304,5.71165,0.13844,0.44112
/Users/ole/Kodevik/wave_project/wavedata/20260327-ProbePos4_31_FPV_2-tett6roof-under9Mooring30-height100-lowrange/fullpanel-fullwind-amp0100-freq1300-per240-depth580-mstop30-run1.csv,fullpanel-fullwind-amp0100-freq1300-per240-depth580-mstop30-run1.csv,12400/250,1.30000,0.10000,full,below_90_loose300,15,2880,5.73131,0.14839,0.43205
/Users/ole/Kodevik/wave_project/wavedata/20260327-ProbePos4_31_FPV_2-tett6roof-under9Mooring30-height100-lowrange/fullpanel-fullwind-amp0100-freq1300-per240-depth580-mstop30-run1.csv,fullpanel-fullwind-amp0100-freq1300-per240-depth580-mstop30-run1.csv,12400/250,1.30000,0.10000,full,below_90_loose300,20,3840,5.75967,0.15421,0.44152
/Users/ole/Kodevik/wave_project/wavedata/20260327-ProbePos4_31_FPV_2-tett6roof-under9Mooring30-height100-lowrange/fullpanel-nowind-amp0100-freq1500-per240-depth580-mstop30-run1.csv,fullpanel-nowind-amp0100-freq1500-per240-depth580-mstop30-run1.csv,9373/170,1.50000,0.10000,no,below_90_loose300,5,835,8.01256,0.64813,0.54846
/Users/ole/Kodevik/wave_project/wavedata/20260327-ProbePos4_31_FPV_2-tett6roof-under9Mooring30-height100-lowrange/fullpanel-nowind-amp0100-freq1500-per240-depth580-mstop30-run1.csv,fullpanel-nowind-amp0100-freq1500-per240-depth580-mstop30-run1.csv,9373/170,1.50000,0.10000,no,below_90_loose300,8,1336,8.11683,0.63972,0.54551
/Users/ole/Kodevik/wave_project/wavedata/20260327-ProbePos4_31_FPV_2-tett6roof-under9Mooring30-height100-lowrange/fullpanel-nowind-amp0100-freq1500-per240-depth580-mstop30-run1.csv,fullpanel-nowind-amp0100-freq1500-per240-depth580-mstop30-run1.csv,9373/170,1.50000,0.10000,no,below_90_loose300,10,1670,8.11070,0.69777,0.54423
/Users/ole/Kodevik/wave_project/wavedata/20260327-ProbePos4_31_FPV_2-tett6roof-under9Mooring30-height100-lowrange/fullpanel-nowind-amp0100-freq1500-per240-depth580-mstop30-run1.csv,fullpanel-nowind-amp0100-freq1500-per240-depth580-mstop30-run1.csv,9373/170,1.50000,0.10000,no,below_90_loose300,12,2004,8.07617,0.69204,0.54260
/Users/ole/Kodevik/wave_project/wavedata/20260327-ProbePos4_31_FPV_2-tett6roof-under9Mooring30-height100-lowrange/fullpanel-nowind-amp0100-freq1500-per240-depth580-mstop30-run1.csv,fullpanel-nowind-amp0100-freq1500-per240-depth580-mstop30-run1.csv,9373/170,1.50000,0.10000,no,below_90_loose300,15,2505,8.02710,0.71040,0.51585
/Users/ole/Kodevik/wave_project/wavedata/20260327-ProbePos4_31_FPV_2-tett6roof-under9Mooring30-height100-lowrange/fullpanel-nowind-amp0100-freq1500-per240-depth580-mstop30-run1.csv,fullpanel-nowind-amp0100-freq1500-per240-depth580-mstop30-run1.csv,9373/170,1.50000,0.10000,no,below_90_loose300,20,3340,8.02078,0.65884,0.50004
/Users/ole/Kodevik/wave_project/wavedata/20260327-ProbePos4_31_FPV_2-tett6roof-under9Mooring30-height100-lowrange/fullpanel-nowind-amp0100-freq1500-per240-depth580-mstop30-run1.csv,fullpanel-nowind-amp0100-freq1500-per240-depth580-mstop30-run1.csv,9373/340,1.50000,0.10000,no,below_90_loose300,5,835,7.61189,0.58265,0.62559
/Users/ole/Kodevik/wave_project/wavedata/20260327-ProbePos4_31_FPV_2-tett6roof-under9Mooring30-height100-lowrange/fullpanel-nowind-amp0100-freq1500-per240-depth580-mstop30-run1.csv,fullpanel-nowind-amp0100-freq1500-per240-depth580-mstop30-run1.csv,9373/340,1.50000,0.10000,no,below_90_loose300,8,1336,7.64097,0.61597,0.57097
/Users/ole/Kodevik/wave_project/wavedata/20260327-ProbePos4_31_FPV_2-tett6roof-under9Mooring30-height100-lowrange/fullpanel-nowind-amp0100-freq1500-per240-depth580-mstop30-run1.csv,fullpanel-nowind-amp0100-freq1500-per240-depth580-mstop30-run1.csv,9373/340,1.50000,0.10000,no,below_90_loose300,10,1670,7.62679,0.64299,0.56267
/Users/ole/Kodevik/wave_project/wavedata/20260327-ProbePos4_31_FPV_2-tett6roof-under9Mooring30-height100-lowrange/fullpanel-nowind-amp0100-freq1500-per240-depth580-mstop30-run1.csv,fullpanel-nowind-amp0100-freq1500-per240-depth580-mstop30-run1.csv,9373/340,1.50000,0.10000,no,below_90_loose300,12,2004,7.58919,0.62838,0.53466
/Users/ole/Kodevik/wave_project/wavedata/20260327-ProbePos4_31_FPV_2-tett6roof-under9Mooring30-height100-lowrange/fullpanel-nowind-amp0100-freq1500-per240-depth580-mstop30-run1.csv,fullpanel-nowind-amp0100-freq1500-per240-depth580-mstop30-run1.csv,9373/340,1.50000,0.10000,no,below_90_loose300,15,2505,7.54565,0.65940,0.50555
/Users/ole/Kodevik/wave_project/wavedata/20260327-ProbePos4_31_FPV_2-tett6roof-under9Mooring30-height100-lowrange/fullpanel-nowind-amp0100-freq1500-per240-depth580-mstop30-run1.csv,fullpanel-nowind-amp0100-freq1500-per240-depth580-mstop30-run1.csv,9373/340,1.50000,0.10000,no,below_90_loose300,20,3340,7.53977,0.62504,0.46135
/Users/ole/Kodevik/wave_project/wavedata/20260327-ProbePos4_31_FPV_2-tett6roof-under9Mooring30-height100-lowrange/fullpanel-nowind-amp0100-freq1500-per240-depth580-mstop30-run1.csv,fullpanel-nowind-amp0100-freq1500-per240-depth580-mstop30-run1.csv,12400/250,1.50000,0.10000,no,below_90_loose300,5,835,3.57069,0.10584,0.18607
/Users/ole/Kodevik/wave_project/wavedata/20260327-ProbePos4_31_FPV_2-tett6roof-under9Mooring30-height100-lowrange/fullpanel-nowind-amp0100-freq1500-per240-depth580-mstop30-run1.csv,fullpanel-nowind-amp0100-freq1500-per240-depth580-mstop30-run1.csv,12400/250,1.50000,0.10000,no,below_90_loose300,8,1336,3.54835,0.10752,0.17580
/Users/ole/Kodevik/wave_project/wavedata/20260327-ProbePos4_31_FPV_2-tett6roof-under9Mooring30-height100-lowrange/fullpanel-nowind-amp0100-freq1500-per240-depth580-mstop30-run1.csv,fullpanel-nowind-amp0100-freq1500-per240-depth580-mstop30-run1.csv,12400/250,1.50000,0.10000,no,below_90_loose300,10,1670,3.54924,0.09676,0.17381
/Users/ole/Kodevik/wave_project/wavedata/20260327-ProbePos4_31_FPV_2-tett6roof-under9Mooring30-height100-lowrange/fullpanel-nowind-amp0100-freq1500-per240-depth580-mstop30-run1.csv,fullpanel-nowind-amp0100-freq1500-per240-depth580-mstop30-run1.csv,12400/250,1.50000,0.10000,no,below_90_loose300,12,2004,3.55763,0.09180,0.17007
/Users/ole/Kodevik/wave_project/wavedata/20260327-ProbePos4_31_FPV_2-tett6roof-under9Mooring30-height100-lowrange/fullpanel-nowind-amp0100-freq1500-per240-depth580-mstop30-run1.csv,fullpanel-nowind-amp0100-freq1500-per240-depth580-mstop30-run1.csv,12400/250,1.50000,0.10000,no,below_90_loose300,15,2505,3.56439,0.07944,0.16872
/Users/ole/Kodevik/wave_project/wavedata/20260327-ProbePos4_31_FPV_2-tett6roof-under9Mooring30-height100-lowrange/fullpanel-nowind-amp0100-freq1500-per240-depth580-mstop30-run1.csv,fullpanel-nowind-amp0100-freq1500-per240-depth580-mstop30-run1.csv,12400/250,1.50000,0.10000,no,below_90_loose300,20,3340,3.54373,0.06505,0.16883
/Users/ole/Kodevik/wave_project/wavedata/20260327-ProbePos4_31_FPV_2-tett6roof-under9Mooring30-height100-lowrange/fullpanel-fullwind-amp0200-freq1400-per240-depth580-mstop30-run1.csv,fullpanel-fullwind-amp0200-freq1400-per240-depth580-mstop30-run1.csv,9373/170,1.40000,0.20000,full,below_90_loose300,5,895,15.77995,0.54265,2.03259
/Users/ole/Kodevik/wave_project/wavedata/20260327-ProbePos4_31_FPV_2-tett6roof-under9Mooring30-height100-lowrange/fullpanel-fullwind-amp0200-freq1400-per240-depth580-mstop30-run1.csv,fullpanel-fullwind-amp0200-freq1400-per240-depth580-mstop30-run1.csv,9373/170,1.40000,0.20000,full,below_90_loose300,8,1432,15.93925,0.95454,2.16996
/Users/ole/Kodevik/wave_project/wavedata/20260327-ProbePos4_31_FPV_2-tett6roof-under9Mooring30-height100-lowrange/fullpanel-fullwind-amp0200-freq1400-per240-depth580-mstop30-run1.csv,fullpanel-fullwind-amp0200-freq1400-per240-depth580-mstop30-run1.csv,9373/170,1.40000,0.20000,full,below_90_loose300,10,1790,16.04985,1.40563,2.26234
/Users/ole/Kodevik/wave_project/wavedata/20260327-ProbePos4_31_FPV_2-tett6roof-under9Mooring30-height100-lowrange/fullpanel-fullwind-amp0200-freq1400-per240-depth580-mstop30-run1.csv,fullpanel-fullwind-amp0200-freq1400-per240-depth580-mstop30-run1.csv,9373/170,1.40000,0.20000,full,below_90_loose300,12,2148,16.01737,1.22530,2.32968
/Users/ole/Kodevik/wave_project/wavedata/20260327-ProbePos4_31_FPV_2-tett6roof-under9Mooring30-height100-lowrange/fullpanel-fullwind-amp0200-freq1400-per240-depth580-mstop30-run1.csv,fullpanel-fullwind-amp0200-freq1400-per240-depth580-mstop30-run1.csv,9373/170,1.40000,0.20000,full,below_90_loose300,15,2685,16.25516,1.36607,2.34266
/Users/ole/Kodevik/wave_project/wavedata/20260327-ProbePos4_31_FPV_2-tett6roof-under9Mooring30-height100-lowrange/fullpanel-fullwind-amp0200-freq1400-per240-depth580-mstop30-run1.csv,fullpanel-fullwind-amp0200-freq1400-per240-depth580-mstop30-run1.csv,9373/170,1.40000,0.20000,full,below_90_loose300,20,3580,16.36334,1.64178,2.30581
/Users/ole/Kodevik/wave_project/wavedata/20260327-ProbePos4_31_FPV_2-tett6roof-under9Mooring30-height100-lowrange/fullpanel-fullwind-amp0200-freq1400-per240-depth580-mstop30-run1.csv,fullpanel-fullwind-amp0200-freq1400-per240-depth580-mstop30-run1.csv,9373/340,1.40000,0.20000,full,below_90_loose300,5,895,15.29977,1.28587,2.99429
/Users/ole/Kodevik/wave_project/wavedata/20260327-ProbePos4_31_FPV_2-tett6roof-under9Mooring30-height100-lowrange/fullpanel-fullwind-amp0200-freq1400-per240-depth580-mstop30-run1.csv,fullpanel-fullwind-amp0200-freq1400-per240-depth580-mstop30-run1.csv,9373/340,1.40000,0.20000,full,below_90_loose300,8,1432,15.36483,2.54774,2.89457
/Users/ole/Kodevik/wave_project/wavedata/20260327-ProbePos4_31_FPV_2-tett6roof-under9Mooring30-height100-lowrange/fullpanel-fullwind-amp0200-freq1400-per240-depth580-mstop30-run1.csv,fullpanel-fullwind-amp0200-freq1400-per240-depth580-mstop30-run1.csv,9373/340,1.40000,0.20000,full,below_90_loose300,10,1790,15.43335,2.88834,2.76796
/Users/ole/Kodevik/wave_project/wavedata/20260327-ProbePos4_31_FPV_2-tett6roof-under9Mooring30-height100-lowrange/fullpanel-fullwind-amp0200-freq1400-per240-depth580-mstop30-run1.csv,fullpanel-fullwind-amp0200-freq1400-per240-depth580-mstop30-run1.csv,9373/340,1.40000,0.20000,full,below_90_loose300,12,2148,15.36156,2.94978,2.65304
/Users/ole/Kodevik/wave_project/wavedata/20260327-ProbePos4_31_FPV_2-tett6roof-under9Mooring30-height100-lowrange/fullpanel-fullwind-amp0200-freq1400-per240-depth580-mstop30-run1.csv,fullpanel-fullwind-amp0200-freq1400-per240-depth580-mstop30-run1.csv,9373/340,1.40000,0.20000,full,below_90_loose300,15,2685,15.38361,2.85365,2.55747
/Users/ole/Kodevik/wave_project/wavedata/20260327-ProbePos4_31_FPV_2-tett6roof-under9Mooring30-height100-lowrange/fullpanel-fullwind-amp0200-freq1400-per240-depth580-mstop30-run1.csv,fullpanel-fullwind-amp0200-freq1400-per240-depth580-mstop30-run1.csv,9373/340,1.40000,0.20000,full,below_90_loose300,20,3580,15.35125,2.72562,2.49012
/Users/ole/Kodevik/wave_project/wavedata/20260327-ProbePos4_31_FPV_2-tett6roof-under9Mooring30-height100-lowrange/fullpanel-fullwind-amp0200-freq1400-per240-depth580-mstop30-run1.csv,fullpanel-fullwind-amp0200-freq1400-per240-depth580-mstop30-run1.csv,12400/250,1.40000,0.20000,full,below_90_loose300,5,895,11.70499,0.75911,0.63990
/Users/ole/Kodevik/wave_project/wavedata/20260327-ProbePos4_31_FPV_2-tett6roof-under9Mooring30-height100-lowrange/fullpanel-fullwind-amp0200-freq1400-per240-depth580-mstop30-run1.csv,fullpanel-fullwind-amp0200-freq1400-per240-depth580-mstop30-run1.csv,12400/250,1.40000,0.20000,full,below_90_loose300,8,1432,11.64888,0.82027,0.68905
/Users/ole/Kodevik/wave_project/wavedata/20260327-ProbePos4_31_FPV_2-tett6roof-under9Mooring30-height100-lowrange/fullpanel-fullwind-amp0200-freq1400-per240-depth580-mstop30-run1.csv,fullpanel-fullwind-amp0200-freq1400-per240-depth580-mstop30-run1.csv,12400/250,1.40000,0.20000,full,below_90_loose300,10,1790,11.73071,0.84879,0.68992
/Users/ole/Kodevik/wave_project/wavedata/20260327-ProbePos4_31_FPV_2-tett6roof-under9Mooring30-height100-lowrange/fullpanel-fullwind-amp0200-freq1400-per240-depth580-mstop30-run1.csv,fullpanel-fullwind-amp0200-freq1400-per240-depth580-mstop30-run1.csv,12400/250,1.40000,0.20000,full,below_90_loose300,12,2148,11.71827,0.80849,0.67166
/Users/ole/Kodevik/wave_project/wavedata/20260327-ProbePos4_31_FPV_2-tett6roof-under9Mooring30-height100-lowrange/fullpanel-fullwind-amp0200-freq1400-per240-depth580-mstop30-run1.csv,fullpanel-fullwind-amp0200-freq1400-per240-depth580-mstop30-run1.csv,12400/250,1.40000,0.20000,full,below_90_loose300,15,2685,11.71667,0.81029,0.68447
/Users/ole/Kodevik/wave_project/wavedata/20260327-ProbePos4_31_FPV_2-tett6roof-under9Mooring30-height100-lowrange/fullpanel-fullwind-amp0200-freq1400-per240-depth580-mstop30-run1.csv,fullpanel-fullwind-amp0200-freq1400-per240-depth580-mstop30-run1.csv,12400/250,1.40000,0.20000,full,below_90_loose300,20,3580,11.71403,0.83515,0.71992
/Users/ole/Kodevik/wave_project/wavedata/20260327-ProbePos4_31_FPV_2-tett6roof-under9Mooring30-height100-lowrange/fullpanel-nowind-amp0100-freq1300-per240-depth580-mstop30-run4.csv,fullpanel-nowind-amp0100-freq1300-per240-depth580-mstop30-run4.csv,9373/170,1.30000,0.10000,no,below_90_loose300,5,960,7.29875,0.66767,0.22323
/Users/ole/Kodevik/wave_project/wavedata/20260327-ProbePos4_31_FPV_2-tett6roof-under9Mooring30-height100-lowrange/fullpanel-nowind-amp0100-freq1300-per240-depth580-mstop30-run4.csv,fullpanel-nowind-amp0100-freq1300-per240-depth580-mstop30-run4.csv,9373/170,1.30000,0.10000,no,below_90_loose300,8,1536,7.30501,0.60592,0.28159
/Users/ole/Kodevik/wave_project/wavedata/20260327-ProbePos4_31_FPV_2-tett6roof-under9Mooring30-height100-lowrange/fullpanel-nowind-amp0100-freq1300-per240-depth580-mstop30-run4.csv,fullpanel-nowind-amp0100-freq1300-per240-depth580-mstop30-run4.csv,9373/170,1.30000,0.10000,no,below_90_loose300,10,1920,7.29973,0.56612,0.29499
/Users/ole/Kodevik/wave_project/wavedata/20260327-ProbePos4_31_FPV_2-tett6roof-under9Mooring30-height100-lowrange/fullpanel-nowind-amp0100-freq1300-per240-depth580-mstop30-run4.csv,fullpanel-nowind-amp0100-freq1300-per240-depth580-mstop30-run4.csv,9373/170,1.30000,0.10000,no,below_90_loose300,12,2304,7.29506,0.54741,0.29419
/Users/ole/Kodevik/wave_project/wavedata/20260327-ProbePos4_31_FPV_2-tett6roof-under9Mooring30-height100-lowrange/fullpanel-nowind-amp0100-freq1300-per240-depth580-mstop30-run4.csv,fullpanel-nowind-amp0100-freq1300-per240-depth580-mstop30-run4.csv,9373/170,1.30000,0.10000,no,below_90_loose300,15,2880,7.27350,0.51916,0.28833
/Users/ole/Kodevik/wave_project/wavedata/20260327-ProbePos4_31_FPV_2-tett6roof-under9Mooring30-height100-lowrange/fullpanel-nowind-amp0100-freq1300-per240-depth580-mstop30-run4.csv,fullpanel-nowind-amp0100-freq1300-per240-depth580-mstop30-run4.csv,9373/170,1.30000,0.10000,no,below_90_loose300,20,3840,7.24342,0.54297,0.27944
/Users/ole/Kodevik/wave_project/wavedata/20260327-ProbePos4_31_FPV_2-tett6roof-under9Mooring30-height100-lowrange/fullpanel-nowind-amp0100-freq1300-per240-depth580-mstop30-run4.csv,fullpanel-nowind-amp0100-freq1300-per240-depth580-mstop30-run4.csv,9373/340,1.30000,0.10000,no,below_90_loose300,5,960,7.19050,0.97980,0.22571
/Users/ole/Kodevik/wave_project/wavedata/20260327-ProbePos4_31_FPV_2-tett6roof-under9Mooring30-height100-lowrange/fullpanel-nowind-amp0100-freq1300-per240-depth580-mstop30-run4.csv,fullpanel-nowind-amp0100-freq1300-per240-depth580-mstop30-run4.csv,9373/340,1.30000,0.10000,no,below_90_loose300,8,1536,7.18156,0.89158,0.28052
/Users/ole/Kodevik/wave_project/wavedata/20260327-ProbePos4_31_FPV_2-tett6roof-under9Mooring30-height100-lowrange/fullpanel-nowind-amp0100-freq1300-per240-depth580-mstop30-run4.csv,fullpanel-nowind-amp0100-freq1300-per240-depth580-mstop30-run4.csv,9373/340,1.30000,0.10000,no,below_90_loose300,10,1920,7.17814,0.82215,0.30082
/Users/ole/Kodevik/wave_project/wavedata/20260327-ProbePos4_31_FPV_2-tett6roof-under9Mooring30-height100-lowrange/fullpanel-nowind-amp0100-freq1300-per240-depth580-mstop30-run4.csv,fullpanel-nowind-amp0100-freq1300-per240-depth580-mstop30-run4.csv,9373/340,1.30000,0.10000,no,below_90_loose300,12,2304,7.17678,0.77375,0.31287
/Users/ole/Kodevik/wave_project/wavedata/20260327-ProbePos4_31_FPV_2-tett6roof-under9Mooring30-height100-lowrange/fullpanel-nowind-amp0100-freq1300-per240-depth580-mstop30-run4.csv,fullpanel-nowind-amp0100-freq1300-per240-depth580-mstop30-run4.csv,9373/340,1.30000,0.10000,no,below_90_loose300,15,2880,7.15823,0.72937,0.31436
/Users/ole/Kodevik/wave_project/wavedata/20260327-ProbePos4_31_FPV_2-tett6roof-under9Mooring30-height100-lowrange/fullpanel-nowind-amp0100-freq1300-per240-depth580-mstop30-run4.csv,fullpanel-nowind-amp0100-freq1300-per240-depth580-mstop30-run4.csv,9373/340,1.30000,0.10000,no,below_90_loose300,20,3840,7.14533,0.73526,0.31628
/Users/ole/Kodevik/wave_project/wavedata/20260327-ProbePos4_31_FPV_2-tett6roof-under9Mooring30-height100-lowrange/fullpanel-nowind-amp0100-freq1300-per240-depth580-mstop30-run4.csv,fullpanel-nowind-amp0100-freq1300-per240-depth580-mstop30-run4.csv,12400/250,1.30000,0.10000,no,below_90_loose300,5,960,5.07924,0.06691,0.18208
/Users/ole/Kodevik/wave_project/wavedata/20260327-ProbePos4_31_FPV_2-tett6roof-under9Mooring30-height100-lowrange/fullpanel-nowind-amp0100-freq1300-per240-depth580-mstop30-run4.csv,fullpanel-nowind-amp0100-freq1300-per240-depth580-mstop30-run4.csv,12400/250,1.30000,0.10000,no,below_90_loose300,8,1536,5.05608,0.06384,0.18620
/Users/ole/Kodevik/wave_project/wavedata/20260327-ProbePos4_31_FPV_2-tett6roof-under9Mooring30-height100-lowrange/fullpanel-nowind-amp0100-freq1300-per240-depth580-mstop30-run4.csv,fullpanel-nowind-amp0100-freq1300-per240-depth580-mstop30-run4.csv,12400/250,1.30000,0.10000,no,below_90_loose300,10,1920,5.02731,0.05811,0.19767
/Users/ole/Kodevik/wave_project/wavedata/20260327-ProbePos4_31_FPV_2-tett6roof-under9Mooring30-height100-lowrange/fullpanel-nowind-amp0100-freq1300-per240-depth580-mstop30-run4.csv,fullpanel-nowind-amp0100-freq1300-per240-depth580-mstop30-run4.csv,12400/250,1.30000,0.10000,no,below_90_loose300,12,2304,5.00658,0.04664,0.20468
/Users/ole/Kodevik/wave_project/wavedata/20260327-ProbePos4_31_FPV_2-tett6roof-under9Mooring30-height100-lowrange/fullpanel-nowind-amp0100-freq1300-per240-depth580-mstop30-run4.csv,fullpanel-nowind-amp0100-freq1300-per240-depth580-mstop30-run4.csv,12400/250,1.30000,0.10000,no,below_90_loose300,15,2880,4.96615,0.04209,0.21775
/Users/ole/Kodevik/wave_project/wavedata/20260327-ProbePos4_31_FPV_2-tett6roof-under9Mooring30-height100-lowrange/fullpanel-nowind-amp0100-freq1300-per240-depth580-mstop30-run4.csv,fullpanel-nowind-amp0100-freq1300-per240-depth580-mstop30-run4.csv,12400/250,1.30000,0.10000,no,below_90_loose300,20,3840,4.93621,0.03492,0.22657
/Users/ole/Kodevik/wave_project/wavedata/20260327-ProbePos4_31_FPV_2-tett6roof-under9Mooring30-height100-lowrange/fullpanel-fullwind-amp0300-freq1600-per240-depth580-mstop30-run1.csv,fullpanel-fullwind-amp0300-freq1600-per240-depth580-mstop30-run1.csv,9373/170,1.60000,0.30000,full,below_90_loose300,5,780,24.53950,1.82758,2.14778
/Users/ole/Kodevik/wave_project/wavedata/20260327-ProbePos4_31_FPV_2-tett6roof-under9Mooring30-height100-lowrange/fullpanel-fullwind-amp0300-freq1600-per240-depth580-mstop30-run1.csv,fullpanel-fullwind-amp0300-freq1600-per240-depth580-mstop30-run1.csv,9373/170,1.60000,0.30000,full,below_90_loose300,8,1248,24.04019,1.30902,2.62238
/Users/ole/Kodevik/wave_project/wavedata/20260327-ProbePos4_31_FPV_2-tett6roof-under9Mooring30-height100-lowrange/fullpanel-fullwind-amp0300-freq1600-per240-depth580-mstop30-run1.csv,fullpanel-fullwind-amp0300-freq1600-per240-depth580-mstop30-run1.csv,9373/170,1.60000,0.30000,full,below_90_loose300,10,1560,24.03165,1.05264,3.04995
/Users/ole/Kodevik/wave_project/wavedata/20260327-ProbePos4_31_FPV_2-tett6roof-under9Mooring30-height100-lowrange/fullpanel-fullwind-amp0300-freq1600-per240-depth580-mstop30-run1.csv,fullpanel-fullwind-amp0300-freq1600-per240-depth580-mstop30-run1.csv,9373/170,1.60000,0.30000,full,below_90_loose300,12,1872,24.03734,1.04591,3.08988
/Users/ole/Kodevik/wave_project/wavedata/20260327-ProbePos4_31_FPV_2-tett6roof-under9Mooring30-height100-lowrange/fullpanel-fullwind-amp0300-freq1600-per240-depth580-mstop30-run1.csv,fullpanel-fullwind-amp0300-freq1600-per240-depth580-mstop30-run1.csv,9373/170,1.60000,0.30000,full,below_90_loose300,15,2340,23.95504,0.85505,3.26529
/Users/ole/Kodevik/wave_project/wavedata/20260327-ProbePos4_31_FPV_2-tett6roof-under9Mooring30-height100-lowrange/fullpanel-fullwind-amp0300-freq1600-per240-depth580-mstop30-run1.csv,fullpanel-fullwind-amp0300-freq1600-per240-depth580-mstop30-run1.csv,9373/170,1.60000,0.30000,full,below_90_loose300,20,3120,23.63542,1.04392,3.38639
/Users/ole/Kodevik/wave_project/wavedata/20260327-ProbePos4_31_FPV_2-tett6roof-under9Mooring30-height100-lowrange/fullpanel-fullwind-amp0300-freq1600-per240-depth580-mstop30-run1.csv,fullpanel-fullwind-amp0300-freq1600-per240-depth580-mstop30-run1.csv,9373/340,1.60000,0.30000,full,below_90_loose300,5,780,19.53997,0.92509,2.59666
/Users/ole/Kodevik/wave_project/wavedata/20260327-ProbePos4_31_FPV_2-tett6roof-under9Mooring30-height100-lowrange/fullpanel-fullwind-amp0300-freq1600-per240-depth580-mstop30-run1.csv,fullpanel-fullwind-amp0300-freq1600-per240-depth580-mstop30-run1.csv,9373/340,1.60000,0.30000,full,below_90_loose300,8,1248,20.26591,0.65202,2.84672
/Users/ole/Kodevik/wave_project/wavedata/20260327-ProbePos4_31_FPV_2-tett6roof-under9Mooring30-height100-lowrange/fullpanel-fullwind-amp0300-freq1600-per240-depth580-mstop30-run1.csv,fullpanel-fullwind-amp0300-freq1600-per240-depth580-mstop30-run1.csv,9373/340,1.60000,0.30000,full,below_90_loose300,10,1560,20.76034,1.19914,3.16080
/Users/ole/Kodevik/wave_project/wavedata/20260327-ProbePos4_31_FPV_2-tett6roof-under9Mooring30-height100-lowrange/fullpanel-fullwind-amp0300-freq1600-per240-depth580-mstop30-run1.csv,fullpanel-fullwind-amp0300-freq1600-per240-depth580-mstop30-run1.csv,9373/340,1.60000,0.30000,full,below_90_loose300,12,1872,20.91458,1.51844,3.41201
/Users/ole/Kodevik/wave_project/wavedata/20260327-ProbePos4_31_FPV_2-tett6roof-under9Mooring30-height100-lowrange/fullpanel-fullwind-amp0300-freq1600-per240-depth580-mstop30-run1.csv,fullpanel-fullwind-amp0300-freq1600-per240-depth580-mstop30-run1.csv,9373/340,1.60000,0.30000,full,below_90_loose300,15,2340,21.20347,1.54266,3.48672
/Users/ole/Kodevik/wave_project/wavedata/20260327-ProbePos4_31_FPV_2-tett6roof-under9Mooring30-height100-lowrange/fullpanel-fullwind-amp0300-freq1600-per240-depth580-mstop30-run1.csv,fullpanel-fullwind-amp0300-freq1600-per240-depth580-mstop30-run1.csv,9373/340,1.60000,0.30000,full,below_90_loose300,20,3120,21.22847,1.39784,3.56242
/Users/ole/Kodevik/wave_project/wavedata/20260327-ProbePos4_31_FPV_2-tett6roof-under9Mooring30-height100-lowrange/fullpanel-fullwind-amp0300-freq1600-per240-depth580-mstop30-run1.csv,fullpanel-fullwind-amp0300-freq1600-per240-depth580-mstop30-run1.csv,12400/250,1.60000,0.30000,full,below_90_loose300,5,780,15.85249,1.61989,1.11665
/Users/ole/Kodevik/wave_project/wavedata/20260327-ProbePos4_31_FPV_2-tett6roof-under9Mooring30-height100-lowrange/fullpanel-fullwind-amp0300-freq1600-per240-depth580-mstop30-run1.csv,fullpanel-fullwind-amp0300-freq1600-per240-depth580-mstop30-run1.csv,12400/250,1.60000,0.30000,full,below_90_loose300,8,1248,15.55040,1.25450,1.67740
/Users/ole/Kodevik/wave_project/wavedata/20260327-ProbePos4_31_FPV_2-tett6roof-under9Mooring30-height100-lowrange/fullpanel-fullwind-amp0300-freq1600-per240-depth580-mstop30-run1.csv,fullpanel-fullwind-amp0300-freq1600-per240-depth580-mstop30-run1.csv,12400/250,1.60000,0.30000,full,below_90_loose300,10,1560,15.75291,1.36978,1.76738
/Users/ole/Kodevik/wave_project/wavedata/20260327-ProbePos4_31_FPV_2-tett6roof-under9Mooring30-height100-lowrange/fullpanel-fullwind-amp0300-freq1600-per240-depth580-mstop30-run1.csv,fullpanel-fullwind-amp0300-freq1600-per240-depth580-mstop30-run1.csv,12400/250,1.60000,0.30000,full,below_90_loose300,12,1872,15.80622,1.24638,1.89553
/Users/ole/Kodevik/wave_project/wavedata/20260327-ProbePos4_31_FPV_2-tett6roof-under9Mooring30-height100-lowrange/fullpanel-fullwind-amp0300-freq1600-per240-depth580-mstop30-run1.csv,fullpanel-fullwind-amp0300-freq1600-per240-depth580-mstop30-run1.csv,12400/250,1.60000,0.30000,full,below_90_loose300,15,2340,15.75194,1.28411,2.16272
/Users/ole/Kodevik/wave_project/wavedata/20260327-ProbePos4_31_FPV_2-tett6roof-under9Mooring30-height100-lowrange/fullpanel-fullwind-amp0300-freq1600-per240-depth580-mstop30-run1.csv,fullpanel-fullwind-amp0300-freq1600-per240-depth580-mstop30-run1.csv,12400/250,1.60000,0.30000,full,below_90_loose300,20,3120,15.75789,1.33517,2.61171
/Users/ole/Kodevik/wave_project/wavedata/20260327-ProbePos4_31_FPV_2-tett6roof-under9Mooring30-height100-lowrange/fullpanel-nowind-amp0100-freq1300-per240-depth580-mstop30-run1.csv,fullpanel-nowind-amp0100-freq1300-per240-depth580-mstop30-run1.csv,9373/170,1.30000,0.10000,no,below_90_loose300,5,960,7.46385,0.42109,0.17172
/Users/ole/Kodevik/wave_project/wavedata/20260327-ProbePos4_31_FPV_2-tett6roof-under9Mooring30-height100-lowrange/fullpanel-nowind-amp0100-freq1300-per240-depth580-mstop30-run1.csv,fullpanel-nowind-amp0100-freq1300-per240-depth580-mstop30-run1.csv,9373/170,1.30000,0.10000,no,below_90_loose300,8,1536,7.46266,0.41221,0.20324
/Users/ole/Kodevik/wave_project/wavedata/20260327-ProbePos4_31_FPV_2-tett6roof-under9Mooring30-height100-lowrange/fullpanel-nowind-amp0100-freq1300-per240-depth580-mstop30-run1.csv,fullpanel-nowind-amp0100-freq1300-per240-depth580-mstop30-run1.csv,9373/170,1.30000,0.10000,no,below_90_loose300,10,1920,7.46293,0.39023,0.21036
/Users/ole/Kodevik/wave_project/wavedata/20260327-ProbePos4_31_FPV_2-tett6roof-under9Mooring30-height100-lowrange/fullpanel-nowind-amp0100-freq1300-per240-depth580-mstop30-run1.csv,fullpanel-nowind-amp0100-freq1300-per240-depth580-mstop30-run1.csv,9373/170,1.30000,0.10000,no,below_90_loose300,12,2304,7.46041,0.38933,0.20669
/Users/ole/Kodevik/wave_project/wavedata/20260327-ProbePos4_31_FPV_2-tett6roof-under9Mooring30-height100-lowrange/fullpanel-nowind-amp0100-freq1300-per240-depth580-mstop30-run1.csv,fullpanel-nowind-amp0100-freq1300-per240-depth580-mstop30-run1.csv,9373/170,1.30000,0.10000,no,below_90_loose300,15,2880,7.44299,0.37531,0.20949
/Users/ole/Kodevik/wave_project/wavedata/20260327-ProbePos4_31_FPV_2-tett6roof-under9Mooring30-height100-lowrange/fullpanel-nowind-amp0100-freq1300-per240-depth580-mstop30-run1.csv,fullpanel-nowind-amp0100-freq1300-per240-depth580-mstop30-run1.csv,9373/170,1.30000,0.10000,no,below_90_loose300,20,3840,7.43140,0.37529,0.21399
/Users/ole/Kodevik/wave_project/wavedata/20260327-ProbePos4_31_FPV_2-tett6roof-under9Mooring30-height100-lowrange/fullpanel-nowind-amp0100-freq1300-per240-depth580-mstop30-run1.csv,fullpanel-nowind-amp0100-freq1300-per240-depth580-mstop30-run1.csv,9373/340,1.30000,0.10000,no,below_90_loose300,5,960,7.30885,0.56962,0.14673
/Users/ole/Kodevik/wave_project/wavedata/20260327-ProbePos4_31_FPV_2-tett6roof-under9Mooring30-height100-lowrange/fullpanel-nowind-amp0100-freq1300-per240-depth580-mstop30-run1.csv,fullpanel-nowind-amp0100-freq1300-per240-depth580-mstop30-run1.csv,9373/340,1.30000,0.10000,no,below_90_loose300,8,1536,7.32417,0.55626,0.17028
/Users/ole/Kodevik/wave_project/wavedata/20260327-ProbePos4_31_FPV_2-tett6roof-under9Mooring30-height100-lowrange/fullpanel-nowind-amp0100-freq1300-per240-depth580-mstop30-run1.csv,fullpanel-nowind-amp0100-freq1300-per240-depth580-mstop30-run1.csv,9373/340,1.30000,0.10000,no,below_90_loose300,10,1920,7.33355,0.54688,0.17817
/Users/ole/Kodevik/wave_project/wavedata/20260327-ProbePos4_31_FPV_2-tett6roof-under9Mooring30-height100-lowrange/fullpanel-nowind-amp0100-freq1300-per240-depth580-mstop30-run1.csv,fullpanel-nowind-amp0100-freq1300-per240-depth580-mstop30-run1.csv,9373/340,1.30000,0.10000,no,below_90_loose300,12,2304,7.34856,0.53831,0.18556
/Users/ole/Kodevik/wave_project/wavedata/20260327-ProbePos4_31_FPV_2-tett6roof-under9Mooring30-height100-lowrange/fullpanel-nowind-amp0100-freq1300-per240-depth580-mstop30-run1.csv,fullpanel-nowind-amp0100-freq1300-per240-depth580-mstop30-run1.csv,9373/340,1.30000,0.10000,no,below_90_loose300,15,2880,7.34417,0.52957,0.19367
/Users/ole/Kodevik/wave_project/wavedata/20260327-ProbePos4_31_FPV_2-tett6roof-under9Mooring30-height100-lowrange/fullpanel-nowind-amp0100-freq1300-per240-depth580-mstop30-run1.csv,fullpanel-nowind-amp0100-freq1300-per240-depth580-mstop30-run1.csv,9373/340,1.30000,0.10000,no,below_90_loose300,20,3840,7.36150,0.51210,0.22128
/Users/ole/Kodevik/wave_project/wavedata/20260327-ProbePos4_31_FPV_2-tett6roof-under9Mooring30-height100-lowrange/fullpanel-nowind-amp0100-freq1300-per240-depth580-mstop30-run1.csv,fullpanel-nowind-amp0100-freq1300-per240-depth580-mstop30-run1.csv,12400/250,1.30000,0.10000,no,below_90_loose300,5,960,5.41192,0.04203,0.19728
/Users/ole/Kodevik/wave_project/wavedata/20260327-ProbePos4_31_FPV_2-tett6roof-under9Mooring30-height100-lowrange/fullpanel-nowind-amp0100-freq1300-per240-depth580-mstop30-run1.csv,fullpanel-nowind-amp0100-freq1300-per240-depth580-mstop30-run1.csv,12400/250,1.30000,0.10000,no,below_90_loose300,8,1536,5.31251,0.04613,0.21136
/Users/ole/Kodevik/wave_project/wavedata/20260327-ProbePos4_31_FPV_2-tett6roof-under9Mooring30-height100-lowrange/fullpanel-nowind-amp0100-freq1300-per240-depth580-mstop30-run1.csv,fullpanel-nowind-amp0100-freq1300-per240-depth580-mstop30-run1.csv,12400/250,1.30000,0.10000,no,below_90_loose300,10,1920,5.24982,0.03680,0.23163
/Users/ole/Kodevik/wave_project/wavedata/20260327-ProbePos4_31_FPV_2-tett6roof-under9Mooring30-height100-lowrange/fullpanel-nowind-amp0100-freq1300-per240-depth580-mstop30-run1.csv,fullpanel-nowind-amp0100-freq1300-per240-depth580-mstop30-run1.csv,12400/250,1.30000,0.10000,no,below_90_loose300,12,2304,5.21466,0.04187,0.24022
/Users/ole/Kodevik/wave_project/wavedata/20260327-ProbePos4_31_FPV_2-tett6roof-under9Mooring30-height100-lowrange/fullpanel-nowind-amp0100-freq1300-per240-depth580-mstop30-run1.csv,fullpanel-nowind-amp0100-freq1300-per240-depth580-mstop30-run1.csv,12400/250,1.30000,0.10000,no,below_90_loose300,15,2880,5.19095,0.03316,0.23295
/Users/ole/Kodevik/wave_project/wavedata/20260327-ProbePos4_31_FPV_2-tett6roof-under9Mooring30-height100-lowrange/fullpanel-nowind-amp0100-freq1300-per240-depth580-mstop30-run1.csv,fullpanel-nowind-amp0100-freq1300-per240-depth580-mstop30-run1.csv,12400/250,1.30000,0.10000,no,below_90_loose300,20,3840,5.20405,0.03346,0.22121
/Users/ole/Kodevik/wave_project/wavedata/20260327-ProbePos4_31_FPV_2-tett6roof-under9Mooring30-height100-lowrange/fullpanel-fullwind-amp0100-freq1500-per240-depth580-mstop30-run1.csv,fullpanel-fullwind-amp0100-freq1500-per240-depth580-mstop30-run1.csv,9373/170,1.50000,0.10000,full,below_90_loose300,5,835,8.98779,1.24516,2.34629
/Users/ole/Kodevik/wave_project/wavedata/20260327-ProbePos4_31_FPV_2-tett6roof-under9Mooring30-height100-lowrange/fullpanel-fullwind-amp0100-freq1500-per240-depth580-mstop30-run1.csv,fullpanel-fullwind-amp0100-freq1500-per240-depth580-mstop30-run1.csv,9373/170,1.50000,0.10000,full,below_90_loose300,8,1336,9.23767,0.93710,2.70182
/Users/ole/Kodevik/wave_project/wavedata/20260327-ProbePos4_31_FPV_2-tett6roof-under9Mooring30-height100-lowrange/fullpanel-fullwind-amp0100-freq1500-per240-depth580-mstop30-run1.csv,fullpanel-fullwind-amp0100-freq1500-per240-depth580-mstop30-run1.csv,9373/170,1.50000,0.10000,full,below_90_loose300,10,1670,9.16895,0.54155,2.84054
/Users/ole/Kodevik/wave_project/wavedata/20260327-ProbePos4_31_FPV_2-tett6roof-under9Mooring30-height100-lowrange/fullpanel-fullwind-amp0100-freq1500-per240-depth580-mstop30-run1.csv,fullpanel-fullwind-amp0100-freq1500-per240-depth580-mstop30-run1.csv,9373/170,1.50000,0.10000,full,below_90_loose300,12,2004,9.07923,0.46212,3.00277
/Users/ole/Kodevik/wave_project/wavedata/20260327-ProbePos4_31_FPV_2-tett6roof-under9Mooring30-height100-lowrange/fullpanel-fullwind-amp0100-freq1500-per240-depth580-mstop30-run1.csv,fullpanel-fullwind-amp0100-freq1500-per240-depth580-mstop30-run1.csv,9373/170,1.50000,0.10000,full,below_90_loose300,15,2505,9.17825,0.53892,2.91657
/Users/ole/Kodevik/wave_project/wavedata/20260327-ProbePos4_31_FPV_2-tett6roof-under9Mooring30-height100-lowrange/fullpanel-fullwind-amp0100-freq1500-per240-depth580-mstop30-run1.csv,fullpanel-fullwind-amp0100-freq1500-per240-depth580-mstop30-run1.csv,9373/170,1.50000,0.10000,full,below_90_loose300,20,3340,9.33002,0.29142,3.06698
/Users/ole/Kodevik/wave_project/wavedata/20260327-ProbePos4_31_FPV_2-tett6roof-under9Mooring30-height100-lowrange/fullpanel-fullwind-amp0100-freq1500-per240-depth580-mstop30-run1.csv,fullpanel-fullwind-amp0100-freq1500-per240-depth580-mstop30-run1.csv,9373/340,1.50000,0.10000,full,below_90_loose300,5,835,6.52411,1.22109,3.03514
/Users/ole/Kodevik/wave_project/wavedata/20260327-ProbePos4_31_FPV_2-tett6roof-under9Mooring30-height100-lowrange/fullpanel-fullwind-amp0100-freq1500-per240-depth580-mstop30-run1.csv,fullpanel-fullwind-amp0100-freq1500-per240-depth580-mstop30-run1.csv,9373/340,1.50000,0.10000,full,below_90_loose300,8,1336,6.55663,0.84237,3.52886
/Users/ole/Kodevik/wave_project/wavedata/20260327-ProbePos4_31_FPV_2-tett6roof-under9Mooring30-height100-lowrange/fullpanel-fullwind-amp0100-freq1500-per240-depth580-mstop30-run1.csv,fullpanel-fullwind-amp0100-freq1500-per240-depth580-mstop30-run1.csv,9373/340,1.50000,0.10000,full,below_90_loose300,10,1670,6.43423,0.69839,3.73732
/Users/ole/Kodevik/wave_project/wavedata/20260327-ProbePos4_31_FPV_2-tett6roof-under9Mooring30-height100-lowrange/fullpanel-fullwind-amp0100-freq1500-per240-depth580-mstop30-run1.csv,fullpanel-fullwind-amp0100-freq1500-per240-depth580-mstop30-run1.csv,9373/340,1.50000,0.10000,full,below_90_loose300,12,2004,6.48447,0.95920,3.72599
/Users/ole/Kodevik/wave_project/wavedata/20260327-ProbePos4_31_FPV_2-tett6roof-under9Mooring30-height100-lowrange/fullpanel-fullwind-amp0100-freq1500-per240-depth580-mstop30-run1.csv,fullpanel-fullwind-amp0100-freq1500-per240-depth580-mstop30-run1.csv,9373/340,1.50000,0.10000,full,below_90_loose300,15,2505,6.48980,1.20239,3.76520
/Users/ole/Kodevik/wave_project/wavedata/20260327-ProbePos4_31_FPV_2-tett6roof-under9Mooring30-height100-lowrange/fullpanel-fullwind-amp0100-freq1500-per240-depth580-mstop30-run1.csv,fullpanel-fullwind-amp0100-freq1500-per240-depth580-mstop30-run1.csv,9373/340,1.50000,0.10000,full,below_90_loose300,20,3340,6.79639,0.89368,3.62400
/Users/ole/Kodevik/wave_project/wavedata/20260327-ProbePos4_31_FPV_2-tett6roof-under9Mooring30-height100-lowrange/fullpanel-fullwind-amp0100-freq1500-per240-depth580-mstop30-run1.csv,fullpanel-fullwind-amp0100-freq1500-per240-depth580-mstop30-run1.csv,12400/250,1.50000,0.10000,full,below_90_loose300,5,835,5.62823,0.13385,0.38234
/Users/ole/Kodevik/wave_project/wavedata/20260327-ProbePos4_31_FPV_2-tett6roof-under9Mooring30-height100-lowrange/fullpanel-fullwind-amp0100-freq1500-per240-depth580-mstop30-run1.csv,fullpanel-fullwind-amp0100-freq1500-per240-depth580-mstop30-run1.csv,12400/250,1.50000,0.10000,full,below_90_loose300,8,1336,5.72774,0.13148,0.40575
/Users/ole/Kodevik/wave_project/wavedata/20260327-ProbePos4_31_FPV_2-tett6roof-under9Mooring30-height100-lowrange/fullpanel-fullwind-amp0100-freq1500-per240-depth580-mstop30-run1.csv,fullpanel-fullwind-amp0100-freq1500-per240-depth580-mstop30-run1.csv,12400/250,1.50000,0.10000,full,below_90_loose300,10,1670,5.65992,0.09373,0.43732
/Users/ole/Kodevik/wave_project/wavedata/20260327-ProbePos4_31_FPV_2-tett6roof-under9Mooring30-height100-lowrange/fullpanel-fullwind-amp0100-freq1500-per240-depth580-mstop30-run1.csv,fullpanel-fullwind-amp0100-freq1500-per240-depth580-mstop30-run1.csv,12400/250,1.50000,0.10000,full,below_90_loose300,12,2004,5.59049,0.10331,0.45705
/Users/ole/Kodevik/wave_project/wavedata/20260327-ProbePos4_31_FPV_2-tett6roof-under9Mooring30-height100-lowrange/fullpanel-fullwind-amp0100-freq1500-per240-depth580-mstop30-run1.csv,fullpanel-fullwind-amp0100-freq1500-per240-depth580-mstop30-run1.csv,12400/250,1.50000,0.10000,full,below_90_loose300,15,2505,5.54996,0.07491,0.52292
/Users/ole/Kodevik/wave_project/wavedata/20260327-ProbePos4_31_FPV_2-tett6roof-under9Mooring30-height100-lowrange/fullpanel-fullwind-amp0100-freq1500-per240-depth580-mstop30-run1.csv,fullpanel-fullwind-amp0100-freq1500-per240-depth580-mstop30-run1.csv,12400/250,1.50000,0.10000,full,below_90_loose300,20,3340,5.54761,0.07374,0.55109
/Users/ole/Kodevik/wave_project/wavedata/20260327-ProbePos4_31_FPV_2-tett6roof-under9Mooring30-height100-lowrange/fullpanel-nowind-amp0100-freq1300-per240-depth580-mstop330-run3.csv,fullpanel-nowind-amp0100-freq1300-per240-depth580-mstop330-run3.csv,9373/170,1.30000,0.10000,no,below_90_loose300,5,960,7.57335,0.46628,0.32731
/Users/ole/Kodevik/wave_project/wavedata/20260327-ProbePos4_31_FPV_2-tett6roof-under9Mooring30-height100-lowrange/fullpanel-nowind-amp0100-freq1300-per240-depth580-mstop330-run3.csv,fullpanel-nowind-amp0100-freq1300-per240-depth580-mstop330-run3.csv,9373/170,1.30000,0.10000,no,below_90_loose300,8,1536,7.58219,0.44097,0.35027
/Users/ole/Kodevik/wave_project/wavedata/20260327-ProbePos4_31_FPV_2-tett6roof-under9Mooring30-height100-lowrange/fullpanel-nowind-amp0100-freq1300-per240-depth580-mstop330-run3.csv,fullpanel-nowind-amp0100-freq1300-per240-depth580-mstop330-run3.csv,9373/170,1.30000,0.10000,no,below_90_loose300,10,1920,7.53842,0.40512,0.39687
/Users/ole/Kodevik/wave_project/wavedata/20260327-ProbePos4_31_FPV_2-tett6roof-under9Mooring30-height100-lowrange/fullpanel-nowind-amp0100-freq1300-per240-depth580-mstop330-run3.csv,fullpanel-nowind-amp0100-freq1300-per240-depth580-mstop330-run3.csv,9373/170,1.30000,0.10000,no,below_90_loose300,12,2304,7.61524,0.42817,0.47981
/Users/ole/Kodevik/wave_project/wavedata/20260327-ProbePos4_31_FPV_2-tett6roof-under9Mooring30-height100-lowrange/fullpanel-nowind-amp0100-freq1300-per240-depth580-mstop330-run3.csv,fullpanel-nowind-amp0100-freq1300-per240-depth580-mstop330-run3.csv,9373/170,1.30000,0.10000,no,below_90_loose300,15,2880,7.48147,0.41300,0.73921
/Users/ole/Kodevik/wave_project/wavedata/20260327-ProbePos4_31_FPV_2-tett6roof-under9Mooring30-height100-lowrange/fullpanel-nowind-amp0100-freq1300-per240-depth580-mstop330-run3.csv,fullpanel-nowind-amp0100-freq1300-per240-depth580-mstop330-run3.csv,9373/170,1.30000,0.10000,no,below_90_loose300,20,3840,6.06942,0.31752,1.98933
/Users/ole/Kodevik/wave_project/wavedata/20260327-ProbePos4_31_FPV_2-tett6roof-under9Mooring30-height100-lowrange/fullpanel-nowind-amp0100-freq1300-per240-depth580-mstop330-run3.csv,fullpanel-nowind-amp0100-freq1300-per240-depth580-mstop330-run3.csv,9373/340,1.30000,0.10000,no,below_90_loose300,5,960,7.57316,0.55750,0.27297
/Users/ole/Kodevik/wave_project/wavedata/20260327-ProbePos4_31_FPV_2-tett6roof-under9Mooring30-height100-lowrange/fullpanel-nowind-amp0100-freq1300-per240-depth580-mstop330-run3.csv,fullpanel-nowind-amp0100-freq1300-per240-depth580-mstop330-run3.csv,9373/340,1.30000,0.10000,no,below_90_loose300,8,1536,7.59631,0.53578,0.34731
/Users/ole/Kodevik/wave_project/wavedata/20260327-ProbePos4_31_FPV_2-tett6roof-under9Mooring30-height100-lowrange/fullpanel-nowind-amp0100-freq1300-per240-depth580-mstop330-run3.csv,fullpanel-nowind-amp0100-freq1300-per240-depth580-mstop330-run3.csv,9373/340,1.30000,0.10000,no,below_90_loose300,10,1920,7.55227,0.50042,0.39704
/Users/ole/Kodevik/wave_project/wavedata/20260327-ProbePos4_31_FPV_2-tett6roof-under9Mooring30-height100-lowrange/fullpanel-nowind-amp0100-freq1300-per240-depth580-mstop330-run3.csv,fullpanel-nowind-amp0100-freq1300-per240-depth580-mstop330-run3.csv,9373/340,1.30000,0.10000,no,below_90_loose300,12,2304,7.64156,0.50757,0.48605
/Users/ole/Kodevik/wave_project/wavedata/20260327-ProbePos4_31_FPV_2-tett6roof-under9Mooring30-height100-lowrange/fullpanel-nowind-amp0100-freq1300-per240-depth580-mstop330-run3.csv,fullpanel-nowind-amp0100-freq1300-per240-depth580-mstop330-run3.csv,9373/340,1.30000,0.10000,no,below_90_loose300,15,2880,7.52786,0.44903,0.76027
/Users/ole/Kodevik/wave_project/wavedata/20260327-ProbePos4_31_FPV_2-tett6roof-under9Mooring30-height100-lowrange/fullpanel-nowind-amp0100-freq1300-per240-depth580-mstop330-run3.csv,fullpanel-nowind-amp0100-freq1300-per240-depth580-mstop330-run3.csv,9373/340,1.30000,0.10000,no,below_90_loose300,20,3840,6.11726,0.33285,1.98816
/Users/ole/Kodevik/wave_project/wavedata/20260327-ProbePos4_31_FPV_2-tett6roof-under9Mooring30-height100-lowrange/fullpanel-nowind-amp0100-freq1300-per240-depth580-mstop330-run3.csv,fullpanel-nowind-amp0100-freq1300-per240-depth580-mstop330-run3.csv,12400/250,1.30000,0.10000,no,below_90_loose300,5,960,5.37925,0.12028,0.30752
/Users/ole/Kodevik/wave_project/wavedata/20260327-ProbePos4_31_FPV_2-tett6roof-under9Mooring30-height100-lowrange/fullpanel-nowind-amp0100-freq1300-per240-depth580-mstop330-run3.csv,fullpanel-nowind-amp0100-freq1300-per240-depth580-mstop330-run3.csv,12400/250,1.30000,0.10000,no,below_90_loose300,8,1536,5.31024,0.08772,0.36855
/Users/ole/Kodevik/wave_project/wavedata/20260327-ProbePos4_31_FPV_2-tett6roof-under9Mooring30-height100-lowrange/fullpanel-nowind-amp0100-freq1300-per240-depth580-mstop330-run3.csv,fullpanel-nowind-amp0100-freq1300-per240-depth580-mstop330-run3.csv,12400/250,1.30000,0.10000,no,below_90_loose300,10,1920,5.18138,0.07011,0.41633
/Users/ole/Kodevik/wave_project/wavedata/20260327-ProbePos4_31_FPV_2-tett6roof-under9Mooring30-height100-lowrange/fullpanel-nowind-amp0100-freq1300-per240-depth580-mstop330-run3.csv,fullpanel-nowind-amp0100-freq1300-per240-depth580-mstop330-run3.csv,12400/250,1.30000,0.10000,no,below_90_loose300,12,2304,5.30886,0.06395,0.47925
/Users/ole/Kodevik/wave_project/wavedata/20260327-ProbePos4_31_FPV_2-tett6roof-under9Mooring30-height100-lowrange/fullpanel-nowind-amp0100-freq1300-per240-depth580-mstop330-run3.csv,fullpanel-nowind-amp0100-freq1300-per240-depth580-mstop330-run3.csv,12400/250,1.30000,0.10000,no,below_90_loose300,15,2880,5.26603,0.08657,0.67635
/Users/ole/Kodevik/wave_project/wavedata/20260327-ProbePos4_31_FPV_2-tett6roof-under9Mooring30-height100-lowrange/fullpanel-nowind-amp0100-freq1300-per240-depth580-mstop330-run3.csv,fullpanel-nowind-amp0100-freq1300-per240-depth580-mstop330-run3.csv,12400/250,1.30000,0.10000,no,below_90_loose300,20,3840,4.40319,0.09042,1.27892
/Users/ole/Kodevik/wave_project/wavedata/20260327-ProbePos4_31_FPV_2-tett6roof-under9Mooring30-height100-lowrange/fullpanel-nowind-amp0200-freq1400-per240-depth580-mstop30-run1.csv,fullpanel-nowind-amp0200-freq1400-per240-depth580-mstop30-run1.csv,9373/170,1.40000,0.20000,no,below_90_loose300,5,895,15.32239,0.48987,0.43962
/Users/ole/Kodevik/wave_project/wavedata/20260327-ProbePos4_31_FPV_2-tett6roof-under9Mooring30-height100-lowrange/fullpanel-nowind-amp0200-freq1400-per240-depth580-mstop30-run1.csv,fullpanel-nowind-amp0200-freq1400-per240-depth580-mstop30-run1.csv,9373/170,1.40000,0.20000,no,below_90_loose300,8,1432,15.34294,0.46725,0.41338
/Users/ole/Kodevik/wave_project/wavedata/20260327-ProbePos4_31_FPV_2-tett6roof-under9Mooring30-height100-lowrange/fullpanel-nowind-amp0200-freq1400-per240-depth580-mstop30-run1.csv,fullpanel-nowind-amp0200-freq1400-per240-depth580-mstop30-run1.csv,9373/170,1.40000,0.20000,no,below_90_loose300,10,1790,15.34541,0.45858,0.39958
/Users/ole/Kodevik/wave_project/wavedata/20260327-ProbePos4_31_FPV_2-tett6roof-under9Mooring30-height100-lowrange/fullpanel-nowind-amp0200-freq1400-per240-depth580-mstop30-run1.csv,fullpanel-nowind-amp0200-freq1400-per240-depth580-mstop30-run1.csv,9373/170,1.40000,0.20000,no,below_90_loose300,12,2148,15.35227,0.39208,0.45467
/Users/ole/Kodevik/wave_project/wavedata/20260327-ProbePos4_31_FPV_2-tett6roof-under9Mooring30-height100-lowrange/fullpanel-nowind-amp0200-freq1400-per240-depth580-mstop30-run1.csv,fullpanel-nowind-amp0200-freq1400-per240-depth580-mstop30-run1.csv,9373/170,1.40000,0.20000,no,below_90_loose300,15,2685,15.32378,0.36300,0.48730
/Users/ole/Kodevik/wave_project/wavedata/20260327-ProbePos4_31_FPV_2-tett6roof-under9Mooring30-height100-lowrange/fullpanel-nowind-amp0200-freq1400-per240-depth580-mstop30-run1.csv,fullpanel-nowind-amp0200-freq1400-per240-depth580-mstop30-run1.csv,9373/170,1.40000,0.20000,no,below_90_loose300,20,3580,15.28403,0.33431,0.50589
/Users/ole/Kodevik/wave_project/wavedata/20260327-ProbePos4_31_FPV_2-tett6roof-under9Mooring30-height100-lowrange/fullpanel-nowind-amp0200-freq1400-per240-depth580-mstop30-run1.csv,fullpanel-nowind-amp0200-freq1400-per240-depth580-mstop30-run1.csv,9373/340,1.40000,0.20000,no,below_90_loose300,5,895,15.30230,0.25150,0.47723
/Users/ole/Kodevik/wave_project/wavedata/20260327-ProbePos4_31_FPV_2-tett6roof-under9Mooring30-height100-lowrange/fullpanel-nowind-amp0200-freq1400-per240-depth580-mstop30-run1.csv,fullpanel-nowind-amp0200-freq1400-per240-depth580-mstop30-run1.csv,9373/340,1.40000,0.20000,no,below_90_loose300,8,1432,15.37006,0.21907,0.45312
/Users/ole/Kodevik/wave_project/wavedata/20260327-ProbePos4_31_FPV_2-tett6roof-under9Mooring30-height100-lowrange/fullpanel-nowind-amp0200-freq1400-per240-depth580-mstop30-run1.csv,fullpanel-nowind-amp0200-freq1400-per240-depth580-mstop30-run1.csv,9373/340,1.40000,0.20000,no,below_90_loose300,10,1790,15.40067,0.24104,0.45211
/Users/ole/Kodevik/wave_project/wavedata/20260327-ProbePos4_31_FPV_2-tett6roof-under9Mooring30-height100-lowrange/fullpanel-nowind-amp0200-freq1400-per240-depth580-mstop30-run1.csv,fullpanel-nowind-amp0200-freq1400-per240-depth580-mstop30-run1.csv,9373/340,1.40000,0.20000,no,below_90_loose300,12,2148,15.44605,0.18797,0.45603
/Users/ole/Kodevik/wave_project/wavedata/20260327-ProbePos4_31_FPV_2-tett6roof-under9Mooring30-height100-lowrange/fullpanel-nowind-amp0200-freq1400-per240-depth580-mstop30-run1.csv,fullpanel-nowind-amp0200-freq1400-per240-depth580-mstop30-run1.csv,9373/340,1.40000,0.20000,no,below_90_loose300,15,2685,15.43221,0.13079,0.44332
/Users/ole/Kodevik/wave_project/wavedata/20260327-ProbePos4_31_FPV_2-tett6roof-under9Mooring30-height100-lowrange/fullpanel-nowind-amp0200-freq1400-per240-depth580-mstop30-run1.csv,fullpanel-nowind-amp0200-freq1400-per240-depth580-mstop30-run1.csv,9373/340,1.40000,0.20000,no,below_90_loose300,20,3580,15.36420,0.13170,0.47101
/Users/ole/Kodevik/wave_project/wavedata/20260327-ProbePos4_31_FPV_2-tett6roof-under9Mooring30-height100-lowrange/fullpanel-nowind-amp0200-freq1400-per240-depth580-mstop30-run1.csv,fullpanel-nowind-amp0200-freq1400-per240-depth580-mstop30-run1.csv,12400/250,1.40000,0.20000,no,below_90_loose300,5,895,10.68348,0.52784,0.28722
/Users/ole/Kodevik/wave_project/wavedata/20260327-ProbePos4_31_FPV_2-tett6roof-under9Mooring30-height100-lowrange/fullpanel-nowind-amp0200-freq1400-per240-depth580-mstop30-run1.csv,fullpanel-nowind-amp0200-freq1400-per240-depth580-mstop30-run1.csv,12400/250,1.40000,0.20000,no,below_90_loose300,8,1432,10.71648,0.51224,0.30024
/Users/ole/Kodevik/wave_project/wavedata/20260327-ProbePos4_31_FPV_2-tett6roof-under9Mooring30-height100-lowrange/fullpanel-nowind-amp0200-freq1400-per240-depth580-mstop30-run1.csv,fullpanel-nowind-amp0200-freq1400-per240-depth580-mstop30-run1.csv,12400/250,1.40000,0.20000,no,below_90_loose300,10,1790,10.65007,0.50191,0.36205
/Users/ole/Kodevik/wave_project/wavedata/20260327-ProbePos4_31_FPV_2-tett6roof-under9Mooring30-height100-lowrange/fullpanel-nowind-amp0200-freq1400-per240-depth580-mstop30-run1.csv,fullpanel-nowind-amp0200-freq1400-per240-depth580-mstop30-run1.csv,12400/250,1.40000,0.20000,no,below_90_loose300,12,2148,10.63380,0.47878,0.35912
/Users/ole/Kodevik/wave_project/wavedata/20260327-ProbePos4_31_FPV_2-tett6roof-under9Mooring30-height100-lowrange/fullpanel-nowind-amp0200-freq1400-per240-depth580-mstop30-run1.csv,fullpanel-nowind-amp0200-freq1400-per240-depth580-mstop30-run1.csv,12400/250,1.40000,0.20000,no,below_90_loose300,15,2685,10.68874,0.47988,0.37522
/Users/ole/Kodevik/wave_project/wavedata/20260327-ProbePos4_31_FPV_2-tett6roof-under9Mooring30-height100-lowrange/fullpanel-nowind-amp0200-freq1400-per240-depth580-mstop30-run1.csv,fullpanel-nowind-amp0200-freq1400-per240-depth580-mstop30-run1.csv,12400/250,1.40000,0.20000,no,below_90_loose300,20,3580,10.60248,0.48210,0.39809
/Users/ole/Kodevik/wave_project/wavedata/20260327-ProbePos4_31_FPV_2-tett6roof-under9Mooring30-height100-lowrange/fullpanel-nowind-amp0100-freq1300-per240-depth580-mstop30-run2.csv,fullpanel-nowind-amp0100-freq1300-per240-depth580-mstop30-run2.csv,9373/170,1.30000,0.10000,no,below_90_loose300,5,960,7.35935,0.47333,0.26890
/Users/ole/Kodevik/wave_project/wavedata/20260327-ProbePos4_31_FPV_2-tett6roof-under9Mooring30-height100-lowrange/fullpanel-nowind-amp0100-freq1300-per240-depth580-mstop30-run2.csv,fullpanel-nowind-amp0100-freq1300-per240-depth580-mstop30-run2.csv,9373/170,1.30000,0.10000,no,below_90_loose300,8,1536,7.39747,0.47232,0.27156
/Users/ole/Kodevik/wave_project/wavedata/20260327-ProbePos4_31_FPV_2-tett6roof-under9Mooring30-height100-lowrange/fullpanel-nowind-amp0100-freq1300-per240-depth580-mstop30-run2.csv,fullpanel-nowind-amp0100-freq1300-per240-depth580-mstop30-run2.csv,9373/170,1.30000,0.10000,no,below_90_loose300,10,1920,7.41457,0.46978,0.27017
/Users/ole/Kodevik/wave_project/wavedata/20260327-ProbePos4_31_FPV_2-tett6roof-under9Mooring30-height100-lowrange/fullpanel-nowind-amp0100-freq1300-per240-depth580-mstop30-run2.csv,fullpanel-nowind-amp0100-freq1300-per240-depth580-mstop30-run2.csv,9373/170,1.30000,0.10000,no,below_90_loose300,12,2304,7.43455,0.47700,0.26338
/Users/ole/Kodevik/wave_project/wavedata/20260327-ProbePos4_31_FPV_2-tett6roof-under9Mooring30-height100-lowrange/fullpanel-nowind-amp0100-freq1300-per240-depth580-mstop30-run2.csv,fullpanel-nowind-amp0100-freq1300-per240-depth580-mstop30-run2.csv,9373/170,1.30000,0.10000,no,below_90_loose300,15,2880,7.40660,0.46808,0.25405
/Users/ole/Kodevik/wave_project/wavedata/20260327-ProbePos4_31_FPV_2-tett6roof-under9Mooring30-height100-lowrange/fullpanel-nowind-amp0100-freq1300-per240-depth580-mstop30-run2.csv,fullpanel-nowind-amp0100-freq1300-per240-depth580-mstop30-run2.csv,9373/170,1.30000,0.10000,no,below_90_loose300,20,3840,7.43731,0.45437,0.24961
/Users/ole/Kodevik/wave_project/wavedata/20260327-ProbePos4_31_FPV_2-tett6roof-under9Mooring30-height100-lowrange/fullpanel-nowind-amp0100-freq1300-per240-depth580-mstop30-run2.csv,fullpanel-nowind-amp0100-freq1300-per240-depth580-mstop30-run2.csv,9373/340,1.30000,0.10000,no,below_90_loose300,5,960,7.27391,0.58269,0.27130
/Users/ole/Kodevik/wave_project/wavedata/20260327-ProbePos4_31_FPV_2-tett6roof-under9Mooring30-height100-lowrange/fullpanel-nowind-amp0100-freq1300-per240-depth580-mstop30-run2.csv,fullpanel-nowind-amp0100-freq1300-per240-depth580-mstop30-run2.csv,9373/340,1.30000,0.10000,no,below_90_loose300,8,1536,7.29718,0.59195,0.28272
/Users/ole/Kodevik/wave_project/wavedata/20260327-ProbePos4_31_FPV_2-tett6roof-under9Mooring30-height100-lowrange/fullpanel-nowind-amp0100-freq1300-per240-depth580-mstop30-run2.csv,fullpanel-nowind-amp0100-freq1300-per240-depth580-mstop30-run2.csv,9373/340,1.30000,0.10000,no,below_90_loose300,10,1920,7.32801,0.59399,0.29296
/Users/ole/Kodevik/wave_project/wavedata/20260327-ProbePos4_31_FPV_2-tett6roof-under9Mooring30-height100-lowrange/fullpanel-nowind-amp0100-freq1300-per240-depth580-mstop30-run2.csv,fullpanel-nowind-amp0100-freq1300-per240-depth580-mstop30-run2.csv,9373/340,1.30000,0.10000,no,below_90_loose300,12,2304,7.36856,0.58168,0.29892
/Users/ole/Kodevik/wave_project/wavedata/20260327-ProbePos4_31_FPV_2-tett6roof-under9Mooring30-height100-lowrange/fullpanel-nowind-amp0100-freq1300-per240-depth580-mstop30-run2.csv,fullpanel-nowind-amp0100-freq1300-per240-depth580-mstop30-run2.csv,9373/340,1.30000,0.10000,no,below_90_loose300,15,2880,7.35944,0.56037,0.29345
/Users/ole/Kodevik/wave_project/wavedata/20260327-ProbePos4_31_FPV_2-tett6roof-under9Mooring30-height100-lowrange/fullpanel-nowind-amp0100-freq1300-per240-depth580-mstop30-run2.csv,fullpanel-nowind-amp0100-freq1300-per240-depth580-mstop30-run2.csv,9373/340,1.30000,0.10000,no,below_90_loose300,20,3840,7.41366,0.51967,0.31328
/Users/ole/Kodevik/wave_project/wavedata/20260327-ProbePos4_31_FPV_2-tett6roof-under9Mooring30-height100-lowrange/fullpanel-nowind-amp0100-freq1300-per240-depth580-mstop30-run2.csv,fullpanel-nowind-amp0100-freq1300-per240-depth580-mstop30-run2.csv,12400/250,1.30000,0.10000,no,below_90_loose300,5,960,5.24563,0.09773,0.23464
/Users/ole/Kodevik/wave_project/wavedata/20260327-ProbePos4_31_FPV_2-tett6roof-under9Mooring30-height100-lowrange/fullpanel-nowind-amp0100-freq1300-per240-depth580-mstop30-run2.csv,fullpanel-nowind-amp0100-freq1300-per240-depth580-mstop30-run2.csv,12400/250,1.30000,0.10000,no,below_90_loose300,8,1536,5.19298,0.08005,0.23503
/Users/ole/Kodevik/wave_project/wavedata/20260327-ProbePos4_31_FPV_2-tett6roof-under9Mooring30-height100-lowrange/fullpanel-nowind-amp0100-freq1300-per240-depth580-mstop30-run2.csv,fullpanel-nowind-amp0100-freq1300-per240-depth580-mstop30-run2.csv,12400/250,1.30000,0.10000,no,below_90_loose300,10,1920,5.17521,0.06764,0.22507
/Users/ole/Kodevik/wave_project/wavedata/20260327-ProbePos4_31_FPV_2-tett6roof-under9Mooring30-height100-lowrange/fullpanel-nowind-amp0100-freq1300-per240-depth580-mstop30-run2.csv,fullpanel-nowind-amp0100-freq1300-per240-depth580-mstop30-run2.csv,12400/250,1.30000,0.10000,no,below_90_loose300,12,2304,5.17808,0.06510,0.22759
/Users/ole/Kodevik/wave_project/wavedata/20260327-ProbePos4_31_FPV_2-tett6roof-under9Mooring30-height100-lowrange/fullpanel-nowind-amp0100-freq1300-per240-depth580-mstop30-run2.csv,fullpanel-nowind-amp0100-freq1300-per240-depth580-mstop30-run2.csv,12400/250,1.30000,0.10000,no,below_90_loose300,15,2880,5.18567,0.06117,0.22493
/Users/ole/Kodevik/wave_project/wavedata/20260327-ProbePos4_31_FPV_2-tett6roof-under9Mooring30-height100-lowrange/fullpanel-nowind-amp0100-freq1300-per240-depth580-mstop30-run2.csv,fullpanel-nowind-amp0100-freq1300-per240-depth580-mstop30-run2.csv,12400/250,1.30000,0.10000,no,below_90_loose300,20,3840,5.21354,0.05522,0.22415
/Users/ole/Kodevik/wave_project/wavedata/20260327-ProbePos4_31_FPV_2-tett6roof-under9Mooring30-height100-lowrange/fullpanel-nowind-amp0300-freq1500-per240-depth580-mstop30-run1.csv,fullpanel-nowind-amp0300-freq1500-per240-depth580-mstop30-run1.csv,9373/170,1.50000,0.30000,no,below_90_loose300,5,835,21.33932,3.30145,1.17606
/Users/ole/Kodevik/wave_project/wavedata/20260327-ProbePos4_31_FPV_2-tett6roof-under9Mooring30-height100-lowrange/fullpanel-nowind-amp0300-freq1500-per240-depth580-mstop30-run1.csv,fullpanel-nowind-amp0300-freq1500-per240-depth580-mstop30-run1.csv,9373/170,1.50000,0.30000,no,below_90_loose300,8,1336,21.20924,2.96445,1.08490
/Users/ole/Kodevik/wave_project/wavedata/20260327-ProbePos4_31_FPV_2-tett6roof-under9Mooring30-height100-lowrange/fullpanel-nowind-amp0300-freq1500-per240-depth580-mstop30-run1.csv,fullpanel-nowind-amp0300-freq1500-per240-depth580-mstop30-run1.csv,9373/170,1.50000,0.30000,no,below_90_loose300,10,1670,21.27958,2.97818,1.06906
/Users/ole/Kodevik/wave_project/wavedata/20260327-ProbePos4_31_FPV_2-tett6roof-under9Mooring30-height100-lowrange/fullpanel-nowind-amp0300-freq1500-per240-depth580-mstop30-run1.csv,fullpanel-nowind-amp0300-freq1500-per240-depth580-mstop30-run1.csv,9373/170,1.50000,0.30000,no,below_90_loose300,12,2004,21.23640,2.91780,1.07751
/Users/ole/Kodevik/wave_project/wavedata/20260327-ProbePos4_31_FPV_2-tett6roof-under9Mooring30-height100-lowrange/fullpanel-nowind-amp0300-freq1500-per240-depth580-mstop30-run1.csv,fullpanel-nowind-amp0300-freq1500-per240-depth580-mstop30-run1.csv,9373/170,1.50000,0.30000,no,below_90_loose300,15,2505,21.25326,2.77638,1.04612
/Users/ole/Kodevik/wave_project/wavedata/20260327-ProbePos4_31_FPV_2-tett6roof-under9Mooring30-height100-lowrange/fullpanel-nowind-amp0300-freq1500-per240-depth580-mstop30-run1.csv,fullpanel-nowind-amp0300-freq1500-per240-depth580-mstop30-run1.csv,9373/170,1.50000,0.30000,no,below_90_loose300,20,3340,21.25166,2.68213,1.23771
/Users/ole/Kodevik/wave_project/wavedata/20260327-ProbePos4_31_FPV_2-tett6roof-under9Mooring30-height100-lowrange/fullpanel-nowind-amp0300-freq1500-per240-depth580-mstop30-run1.csv,fullpanel-nowind-amp0300-freq1500-per240-depth580-mstop30-run1.csv,9373/340,1.50000,0.30000,no,below_90_loose300,5,835,20.70945,3.99199,1.24774
/Users/ole/Kodevik/wave_project/wavedata/20260327-ProbePos4_31_FPV_2-tett6roof-under9Mooring30-height100-lowrange/fullpanel-nowind-amp0300-freq1500-per240-depth580-mstop30-run1.csv,fullpanel-nowind-amp0300-freq1500-per240-depth580-mstop30-run1.csv,9373/340,1.50000,0.30000,no,below_90_loose300,8,1336,20.67395,3.71027,1.14595
/Users/ole/Kodevik/wave_project/wavedata/20260327-ProbePos4_31_FPV_2-tett6roof-under9Mooring30-height100-lowrange/fullpanel-nowind-amp0300-freq1500-per240-depth580-mstop30-run1.csv,fullpanel-nowind-amp0300-freq1500-per240-depth580-mstop30-run1.csv,9373/340,1.50000,0.30000,no,below_90_loose300,10,1670,20.77413,3.69174,1.10505
/Users/ole/Kodevik/wave_project/wavedata/20260327-ProbePos4_31_FPV_2-tett6roof-under9Mooring30-height100-lowrange/fullpanel-nowind-amp0300-freq1500-per240-depth580-mstop30-run1.csv,fullpanel-nowind-amp0300-freq1500-per240-depth580-mstop30-run1.csv,9373/340,1.50000,0.30000,no,below_90_loose300,12,2004,20.82242,3.62162,1.08278
/Users/ole/Kodevik/wave_project/wavedata/20260327-ProbePos4_31_FPV_2-tett6roof-under9Mooring30-height100-lowrange/fullpanel-nowind-amp0300-freq1500-per240-depth580-mstop30-run1.csv,fullpanel-nowind-amp0300-freq1500-per240-depth580-mstop30-run1.csv,9373/340,1.50000,0.30000,no,below_90_loose300,15,2505,20.87256,3.59507,1.05844
/Users/ole/Kodevik/wave_project/wavedata/20260327-ProbePos4_31_FPV_2-tett6roof-under9Mooring30-height100-lowrange/fullpanel-nowind-amp0300-freq1500-per240-depth580-mstop30-run1.csv,fullpanel-nowind-amp0300-freq1500-per240-depth580-mstop30-run1.csv,9373/340,1.50000,0.30000,no,below_90_loose300,20,3340,20.94192,3.53672,1.14092
/Users/ole/Kodevik/wave_project/wavedata/20260327-ProbePos4_31_FPV_2-tett6roof-under9Mooring30-height100-lowrange/fullpanel-nowind-amp0300-freq1500-per240-depth580-mstop30-run1.csv,fullpanel-nowind-amp0300-freq1500-per240-depth580-mstop30-run1.csv,12400/250,1.50000,0.30000,no,below_90_loose300,5,835,13.24971,0.02928,0.46663
/Users/ole/Kodevik/wave_project/wavedata/20260327-ProbePos4_31_FPV_2-tett6roof-under9Mooring30-height100-lowrange/fullpanel-nowind-amp0300-freq1500-per240-depth580-mstop30-run1.csv,fullpanel-nowind-amp0300-freq1500-per240-depth580-mstop30-run1.csv,12400/250,1.50000,0.30000,no,below_90_loose300,8,1336,13.10911,0.08418,0.45563
/Users/ole/Kodevik/wave_project/wavedata/20260327-ProbePos4_31_FPV_2-tett6roof-under9Mooring30-height100-lowrange/fullpanel-nowind-amp0300-freq1500-per240-depth580-mstop30-run1.csv,fullpanel-nowind-amp0300-freq1500-per240-depth580-mstop30-run1.csv,12400/250,1.50000,0.30000,no,below_90_loose300,10,1670,13.12760,0.02154,0.46784
/Users/ole/Kodevik/wave_project/wavedata/20260327-ProbePos4_31_FPV_2-tett6roof-under9Mooring30-height100-lowrange/fullpanel-nowind-amp0300-freq1500-per240-depth580-mstop30-run1.csv,fullpanel-nowind-amp0300-freq1500-per240-depth580-mstop30-run1.csv,12400/250,1.50000,0.30000,no,below_90_loose300,12,2004,13.18631,0.02346,0.45949
/Users/ole/Kodevik/wave_project/wavedata/20260327-ProbePos4_31_FPV_2-tett6roof-under9Mooring30-height100-lowrange/fullpanel-nowind-amp0300-freq1500-per240-depth580-mstop30-run1.csv,fullpanel-nowind-amp0300-freq1500-per240-depth580-mstop30-run1.csv,12400/250,1.50000,0.30000,no,below_90_loose300,15,2505,13.19042,0.04074,0.44987
/Users/ole/Kodevik/wave_project/wavedata/20260327-ProbePos4_31_FPV_2-tett6roof-under9Mooring30-height100-lowrange/fullpanel-nowind-amp0300-freq1500-per240-depth580-mstop30-run1.csv,fullpanel-nowind-amp0300-freq1500-per240-depth580-mstop30-run1.csv,12400/250,1.50000,0.30000,no,below_90_loose300,20,3340,13.23620,0.08108,0.44413
/Users/ole/Kodevik/wave_project/wavedata/20260327-ProbePos4_31_FPV_2-tett6roof-under9Mooring30-height100-lowrange/fullpanel-fullwind-amp0100-freq1300-per240-depth580-mstop330-run1.csv,fullpanel-fullwind-amp0100-freq1300-per240-depth580-mstop330-run1.csv,9373/170,1.30000,0.10000,full,below_90_loose300,5,960,7.86036,0.04318,4.69304
/Users/ole/Kodevik/wave_project/wavedata/20260327-ProbePos4_31_FPV_2-tett6roof-under9Mooring30-height100-lowrange/fullpanel-fullwind-amp0100-freq1300-per240-depth580-mstop330-run1.csv,fullpanel-fullwind-amp0100-freq1300-per240-depth580-mstop330-run1.csv,9373/170,1.30000,0.10000,full,below_90_loose300,8,1536,7.80737,0.09183,4.02909
/Users/ole/Kodevik/wave_project/wavedata/20260327-ProbePos4_31_FPV_2-tett6roof-under9Mooring30-height100-lowrange/fullpanel-fullwind-amp0100-freq1300-per240-depth580-mstop330-run1.csv,fullpanel-fullwind-amp0100-freq1300-per240-depth580-mstop330-run1.csv,9373/170,1.30000,0.10000,full,below_90_loose300,10,1920,7.81008,0.34172,3.88684
/Users/ole/Kodevik/wave_project/wavedata/20260327-ProbePos4_31_FPV_2-tett6roof-under9Mooring30-height100-lowrange/fullpanel-fullwind-amp0100-freq1300-per240-depth580-mstop330-run1.csv,fullpanel-fullwind-amp0100-freq1300-per240-depth580-mstop330-run1.csv,9373/170,1.30000,0.10000,full,below_90_loose300,12,2304,7.81438,0.14700,4.00103
/Users/ole/Kodevik/wave_project/wavedata/20260327-ProbePos4_31_FPV_2-tett6roof-under9Mooring30-height100-lowrange/fullpanel-fullwind-amp0100-freq1300-per240-depth580-mstop330-run1.csv,fullpanel-fullwind-amp0100-freq1300-per240-depth580-mstop330-run1.csv,9373/170,1.30000,0.10000,full,below_90_loose300,15,2880,7.66435,0.36342,3.94569
/Users/ole/Kodevik/wave_project/wavedata/20260327-ProbePos4_31_FPV_2-tett6roof-under9Mooring30-height100-lowrange/fullpanel-fullwind-amp0100-freq1300-per240-depth580-mstop330-run1.csv,fullpanel-fullwind-amp0100-freq1300-per240-depth580-mstop330-run1.csv,9373/170,1.30000,0.10000,full,below_90_loose300,20,3840,7.63492,0.60755,3.76761
/Users/ole/Kodevik/wave_project/wavedata/20260327-ProbePos4_31_FPV_2-tett6roof-under9Mooring30-height100-lowrange/fullpanel-fullwind-amp0100-freq1300-per240-depth580-mstop330-run1.csv,fullpanel-fullwind-amp0100-freq1300-per240-depth580-mstop330-run1.csv,9373/340,1.30000,0.10000,full,below_90_loose300,5,960,7.39217,1.12736,3.92177
/Users/ole/Kodevik/wave_project/wavedata/20260327-ProbePos4_31_FPV_2-tett6roof-under9Mooring30-height100-lowrange/fullpanel-fullwind-amp0100-freq1300-per240-depth580-mstop330-run1.csv,fullpanel-fullwind-amp0100-freq1300-per240-depth580-mstop330-run1.csv,9373/340,1.30000,0.10000,full,below_90_loose300,8,1536,7.25691,0.54524,3.96063
/Users/ole/Kodevik/wave_project/wavedata/20260327-ProbePos4_31_FPV_2-tett6roof-under9Mooring30-height100-lowrange/fullpanel-fullwind-amp0100-freq1300-per240-depth580-mstop330-run1.csv,fullpanel-fullwind-amp0100-freq1300-per240-depth580-mstop330-run1.csv,9373/340,1.30000,0.10000,full,below_90_loose300,10,1920,7.47341,0.34773,4.01103
/Users/ole/Kodevik/wave_project/wavedata/20260327-ProbePos4_31_FPV_2-tett6roof-under9Mooring30-height100-lowrange/fullpanel-fullwind-amp0100-freq1300-per240-depth580-mstop330-run1.csv,fullpanel-fullwind-amp0100-freq1300-per240-depth580-mstop330-run1.csv,9373/340,1.30000,0.10000,full,below_90_loose300,12,2304,7.51773,0.40337,4.13232
/Users/ole/Kodevik/wave_project/wavedata/20260327-ProbePos4_31_FPV_2-tett6roof-under9Mooring30-height100-lowrange/fullpanel-fullwind-amp0100-freq1300-per240-depth580-mstop330-run1.csv,fullpanel-fullwind-amp0100-freq1300-per240-depth580-mstop330-run1.csv,9373/340,1.30000,0.10000,full,below_90_loose300,15,2880,7.55721,0.18253,4.30521
/Users/ole/Kodevik/wave_project/wavedata/20260327-ProbePos4_31_FPV_2-tett6roof-under9Mooring30-height100-lowrange/fullpanel-fullwind-amp0100-freq1300-per240-depth580-mstop330-run1.csv,fullpanel-fullwind-amp0100-freq1300-per240-depth580-mstop330-run1.csv,9373/340,1.30000,0.10000,full,below_90_loose300,20,3840,7.57765,0.05138,4.25591
/Users/ole/Kodevik/wave_project/wavedata/20260327-ProbePos4_31_FPV_2-tett6roof-under9Mooring30-height100-lowrange/fullpanel-fullwind-amp0100-freq1300-per240-depth580-mstop330-run1.csv,fullpanel-fullwind-amp0100-freq1300-per240-depth580-mstop330-run1.csv,12400/250,1.30000,0.10000,full,below_90_loose300,5,960,5.80623,0.10435,0.41498
/Users/ole/Kodevik/wave_project/wavedata/20260327-ProbePos4_31_FPV_2-tett6roof-under9Mooring30-height100-lowrange/fullpanel-fullwind-amp0100-freq1300-per240-depth580-mstop330-run1.csv,fullpanel-fullwind-amp0100-freq1300-per240-depth580-mstop330-run1.csv,12400/250,1.30000,0.10000,full,below_90_loose300,8,1536,5.82418,0.10048,0.43927
/Users/ole/Kodevik/wave_project/wavedata/20260327-ProbePos4_31_FPV_2-tett6roof-under9Mooring30-height100-lowrange/fullpanel-fullwind-amp0100-freq1300-per240-depth580-mstop330-run1.csv,fullpanel-fullwind-amp0100-freq1300-per240-depth580-mstop330-run1.csv,12400/250,1.30000,0.10000,full,below_90_loose300,10,1920,5.87645,0.10134,0.47357
/Users/ole/Kodevik/wave_project/wavedata/20260327-ProbePos4_31_FPV_2-tett6roof-under9Mooring30-height100-lowrange/fullpanel-fullwind-amp0100-freq1300-per240-depth580-mstop330-run1.csv,fullpanel-fullwind-amp0100-freq1300-per240-depth580-mstop330-run1.csv,12400/250,1.30000,0.10000,full,below_90_loose300,12,2304,5.86140,0.12639,0.48029
/Users/ole/Kodevik/wave_project/wavedata/20260327-ProbePos4_31_FPV_2-tett6roof-under9Mooring30-height100-lowrange/fullpanel-fullwind-amp0100-freq1300-per240-depth580-mstop330-run1.csv,fullpanel-fullwind-amp0100-freq1300-per240-depth580-mstop330-run1.csv,12400/250,1.30000,0.10000,full,below_90_loose300,15,2880,5.92076,0.11980,0.47669
/Users/ole/Kodevik/wave_project/wavedata/20260327-ProbePos4_31_FPV_2-tett6roof-under9Mooring30-height100-lowrange/fullpanel-fullwind-amp0100-freq1300-per240-depth580-mstop330-run1.csv,fullpanel-fullwind-amp0100-freq1300-per240-depth580-mstop330-run1.csv,12400/250,1.30000,0.10000,full,below_90_loose300,20,3840,5.98685,0.10650,0.47364
/Users/ole/Kodevik/wave_project/wavedata/20260327-ProbePos4_31_FPV_2-tett6roof-under9Mooring30-height100-lowrange/fullpanel-nowind-amp0100-freq1600-per240-depth580-mstop30-run1.csv,fullpanel-nowind-amp0100-freq1600-per240-depth580-mstop30-run1.csv,9373/170,1.60000,0.10000,no,below_90_loose300,5,780,6.86996,0.61204,0.45692
/Users/ole/Kodevik/wave_project/wavedata/20260327-ProbePos4_31_FPV_2-tett6roof-under9Mooring30-height100-lowrange/fullpanel-nowind-amp0100-freq1600-per240-depth580-mstop30-run1.csv,fullpanel-nowind-amp0100-freq1600-per240-depth580-mstop30-run1.csv,9373/170,1.60000,0.10000,no,below_90_loose300,8,1248,6.83195,0.43490,0.47457
/Users/ole/Kodevik/wave_project/wavedata/20260327-ProbePos4_31_FPV_2-tett6roof-under9Mooring30-height100-lowrange/fullpanel-nowind-amp0100-freq1600-per240-depth580-mstop30-run1.csv,fullpanel-nowind-amp0100-freq1600-per240-depth580-mstop30-run1.csv,9373/170,1.60000,0.10000,no,below_90_loose300,10,1560,6.88039,0.32730,0.50732
/Users/ole/Kodevik/wave_project/wavedata/20260327-ProbePos4_31_FPV_2-tett6roof-under9Mooring30-height100-lowrange/fullpanel-nowind-amp0100-freq1600-per240-depth580-mstop30-run1.csv,fullpanel-nowind-amp0100-freq1600-per240-depth580-mstop30-run1.csv,9373/170,1.60000,0.10000,no,below_90_loose300,12,1872,6.90098,0.24418,0.50691
/Users/ole/Kodevik/wave_project/wavedata/20260327-ProbePos4_31_FPV_2-tett6roof-under9Mooring30-height100-lowrange/fullpanel-nowind-amp0100-freq1600-per240-depth580-mstop30-run1.csv,fullpanel-nowind-amp0100-freq1600-per240-depth580-mstop30-run1.csv,9373/170,1.60000,0.10000,no,below_90_loose300,15,2340,6.93049,0.21113,0.47338
/Users/ole/Kodevik/wave_project/wavedata/20260327-ProbePos4_31_FPV_2-tett6roof-under9Mooring30-height100-lowrange/fullpanel-nowind-amp0100-freq1600-per240-depth580-mstop30-run1.csv,fullpanel-nowind-amp0100-freq1600-per240-depth580-mstop30-run1.csv,9373/170,1.60000,0.10000,no,below_90_loose300,20,3120,6.95367,0.22820,0.44671
/Users/ole/Kodevik/wave_project/wavedata/20260327-ProbePos4_31_FPV_2-tett6roof-under9Mooring30-height100-lowrange/fullpanel-nowind-amp0100-freq1600-per240-depth580-mstop30-run1.csv,fullpanel-nowind-amp0100-freq1600-per240-depth580-mstop30-run1.csv,9373/340,1.60000,0.10000,no,below_90_loose300,5,780,7.16154,0.66453,0.48596
/Users/ole/Kodevik/wave_project/wavedata/20260327-ProbePos4_31_FPV_2-tett6roof-under9Mooring30-height100-lowrange/fullpanel-nowind-amp0100-freq1600-per240-depth580-mstop30-run1.csv,fullpanel-nowind-amp0100-freq1600-per240-depth580-mstop30-run1.csv,9373/340,1.60000,0.10000,no,below_90_loose300,8,1248,7.14578,0.50516,0.47832
/Users/ole/Kodevik/wave_project/wavedata/20260327-ProbePos4_31_FPV_2-tett6roof-under9Mooring30-height100-lowrange/fullpanel-nowind-amp0100-freq1600-per240-depth580-mstop30-run1.csv,fullpanel-nowind-amp0100-freq1600-per240-depth580-mstop30-run1.csv,9373/340,1.60000,0.10000,no,below_90_loose300,10,1560,7.20967,0.41516,0.50478
/Users/ole/Kodevik/wave_project/wavedata/20260327-ProbePos4_31_FPV_2-tett6roof-under9Mooring30-height100-lowrange/fullpanel-nowind-amp0100-freq1600-per240-depth580-mstop30-run1.csv,fullpanel-nowind-amp0100-freq1600-per240-depth580-mstop30-run1.csv,9373/340,1.60000,0.10000,no,below_90_loose300,12,1872,7.22773,0.32790,0.49464
/Users/ole/Kodevik/wave_project/wavedata/20260327-ProbePos4_31_FPV_2-tett6roof-under9Mooring30-height100-lowrange/fullpanel-nowind-amp0100-freq1600-per240-depth580-mstop30-run1.csv,fullpanel-nowind-amp0100-freq1600-per240-depth580-mstop30-run1.csv,9373/340,1.60000,0.10000,no,below_90_loose300,15,2340,7.25766,0.29368,0.47340
/Users/ole/Kodevik/wave_project/wavedata/20260327-ProbePos4_31_FPV_2-tett6roof-under9Mooring30-height100-lowrange/fullpanel-nowind-amp0100-freq1600-per240-depth580-mstop30-run1.csv,fullpanel-nowind-amp0100-freq1600-per240-depth580-mstop30-run1.csv,9373/340,1.60000,0.10000,no,below_90_loose300,20,3120,7.26809,0.33255,0.45397
/Users/ole/Kodevik/wave_project/wavedata/20260327-ProbePos4_31_FPV_2-tett6roof-under9Mooring30-height100-lowrange/fullpanel-nowind-amp0100-freq1600-per240-depth580-mstop30-run1.csv,fullpanel-nowind-amp0100-freq1600-per240-depth580-mstop30-run1.csv,12400/250,1.60000,0.10000,no,below_90_loose300,5,780,2.68686,0.14878,0.20589
/Users/ole/Kodevik/wave_project/wavedata/20260327-ProbePos4_31_FPV_2-tett6roof-under9Mooring30-height100-lowrange/fullpanel-nowind-amp0100-freq1600-per240-depth580-mstop30-run1.csv,fullpanel-nowind-amp0100-freq1600-per240-depth580-mstop30-run1.csv,12400/250,1.60000,0.10000,no,below_90_loose300,8,1248,2.74789,0.13694,0.19994
/Users/ole/Kodevik/wave_project/wavedata/20260327-ProbePos4_31_FPV_2-tett6roof-under9Mooring30-height100-lowrange/fullpanel-nowind-amp0100-freq1600-per240-depth580-mstop30-run1.csv,fullpanel-nowind-amp0100-freq1600-per240-depth580-mstop30-run1.csv,12400/250,1.60000,0.10000,no,below_90_loose300,10,1560,2.75078,0.13164,0.19325
/Users/ole/Kodevik/wave_project/wavedata/20260327-ProbePos4_31_FPV_2-tett6roof-under9Mooring30-height100-lowrange/fullpanel-nowind-amp0100-freq1600-per240-depth580-mstop30-run1.csv,fullpanel-nowind-amp0100-freq1600-per240-depth580-mstop30-run1.csv,12400/250,1.60000,0.10000,no,below_90_loose300,12,1872,2.76149,0.12817,0.18428
/Users/ole/Kodevik/wave_project/wavedata/20260327-ProbePos4_31_FPV_2-tett6roof-under9Mooring30-height100-lowrange/fullpanel-nowind-amp0100-freq1600-per240-depth580-mstop30-run1.csv,fullpanel-nowind-amp0100-freq1600-per240-depth580-mstop30-run1.csv,12400/250,1.60000,0.10000,no,below_90_loose300,15,2340,2.75868,0.13431,0.17981
/Users/ole/Kodevik/wave_project/wavedata/20260327-ProbePos4_31_FPV_2-tett6roof-under9Mooring30-height100-lowrange/fullpanel-nowind-amp0100-freq1600-per240-depth580-mstop30-run1.csv,fullpanel-nowind-amp0100-freq1600-per240-depth580-mstop30-run1.csv,12400/250,1.60000,0.10000,no,below_90_loose300,20,3120,2.76044,0.13425,0.17574
/Users/ole/Kodevik/wave_project/wavedata/20260327-ProbePos4_31_FPV_2-tett6roof-under9Mooring30-height100-lowrange/fullpanel-fullwind-amp0300-freq1300-per240-depth580-mstop30-run1.csv,fullpanel-fullwind-amp0300-freq1300-per240-depth580-mstop30-run1.csv,9373/170,1.30000,0.30000,full,below_90_loose300,5,960,22.12437,2.43975,2.20670
/Users/ole/Kodevik/wave_project/wavedata/20260327-ProbePos4_31_FPV_2-tett6roof-under9Mooring30-height100-lowrange/fullpanel-fullwind-amp0300-freq1300-per240-depth580-mstop30-run1.csv,fullpanel-fullwind-amp0300-freq1300-per240-depth580-mstop30-run1.csv,9373/170,1.30000,0.30000,full,below_90_loose300,8,1536,22.20802,2.69750,2.14853
/Users/ole/Kodevik/wave_project/wavedata/20260327-ProbePos4_31_FPV_2-tett6roof-under9Mooring30-height100-lowrange/fullpanel-fullwind-amp0300-freq1300-per240-depth580-mstop30-run1.csv,fullpanel-fullwind-amp0300-freq1300-per240-depth580-mstop30-run1.csv,9373/170,1.30000,0.30000,full,below_90_loose300,10,1920,22.15890,2.60822,2.26752
/Users/ole/Kodevik/wave_project/wavedata/20260327-ProbePos4_31_FPV_2-tett6roof-under9Mooring30-height100-lowrange/fullpanel-fullwind-amp0300-freq1300-per240-depth580-mstop30-run1.csv,fullpanel-fullwind-amp0300-freq1300-per240-depth580-mstop30-run1.csv,9373/170,1.30000,0.30000,full,below_90_loose300,12,2304,22.25847,2.53378,2.22039
/Users/ole/Kodevik/wave_project/wavedata/20260327-ProbePos4_31_FPV_2-tett6roof-under9Mooring30-height100-lowrange/fullpanel-fullwind-amp0300-freq1300-per240-depth580-mstop30-run1.csv,fullpanel-fullwind-amp0300-freq1300-per240-depth580-mstop30-run1.csv,9373/170,1.30000,0.30000,full,below_90_loose300,15,2880,22.31713,2.55819,2.29494
/Users/ole/Kodevik/wave_project/wavedata/20260327-ProbePos4_31_FPV_2-tett6roof-under9Mooring30-height100-lowrange/fullpanel-fullwind-amp0300-freq1300-per240-depth580-mstop30-run1.csv,fullpanel-fullwind-amp0300-freq1300-per240-depth580-mstop30-run1.csv,9373/170,1.30000,0.30000,full,below_90_loose300,20,3840,22.65986,2.50243,2.37464
/Users/ole/Kodevik/wave_project/wavedata/20260327-ProbePos4_31_FPV_2-tett6roof-under9Mooring30-height100-lowrange/fullpanel-fullwind-amp0300-freq1300-per240-depth580-mstop30-run1.csv,fullpanel-fullwind-amp0300-freq1300-per240-depth580-mstop30-run1.csv,9373/340,1.30000,0.30000,full,below_90_loose300,5,960,23.62402,1.32976,3.05252
/Users/ole/Kodevik/wave_project/wavedata/20260327-ProbePos4_31_FPV_2-tett6roof-under9Mooring30-height100-lowrange/fullpanel-fullwind-amp0300-freq1300-per240-depth580-mstop30-run1.csv,fullpanel-fullwind-amp0300-freq1300-per240-depth580-mstop30-run1.csv,9373/340,1.30000,0.30000,full,below_90_loose300,8,1536,23.63359,1.24030,2.84368
/Users/ole/Kodevik/wave_project/wavedata/20260327-ProbePos4_31_FPV_2-tett6roof-under9Mooring30-height100-lowrange/fullpanel-fullwind-amp0300-freq1300-per240-depth580-mstop30-run1.csv,fullpanel-fullwind-amp0300-freq1300-per240-depth580-mstop30-run1.csv,9373/340,1.30000,0.30000,full,below_90_loose300,10,1920,23.50862,1.20992,2.79491
/Users/ole/Kodevik/wave_project/wavedata/20260327-ProbePos4_31_FPV_2-tett6roof-under9Mooring30-height100-lowrange/fullpanel-fullwind-amp0300-freq1300-per240-depth580-mstop30-run1.csv,fullpanel-fullwind-amp0300-freq1300-per240-depth580-mstop30-run1.csv,9373/340,1.30000,0.30000,full,below_90_loose300,12,2304,23.41888,1.21962,2.75032
/Users/ole/Kodevik/wave_project/wavedata/20260327-ProbePos4_31_FPV_2-tett6roof-under9Mooring30-height100-lowrange/fullpanel-fullwind-amp0300-freq1300-per240-depth580-mstop30-run1.csv,fullpanel-fullwind-amp0300-freq1300-per240-depth580-mstop30-run1.csv,9373/340,1.30000,0.30000,full,below_90_loose300,15,2880,23.14627,1.31215,2.68256
/Users/ole/Kodevik/wave_project/wavedata/20260327-ProbePos4_31_FPV_2-tett6roof-under9Mooring30-height100-lowrange/fullpanel-fullwind-amp0300-freq1300-per240-depth580-mstop30-run1.csv,fullpanel-fullwind-amp0300-freq1300-per240-depth580-mstop30-run1.csv,9373/340,1.30000,0.30000,full,below_90_loose300,20,3840,23.31181,1.43815,2.61346
/Users/ole/Kodevik/wave_project/wavedata/20260327-ProbePos4_31_FPV_2-tett6roof-under9Mooring30-height100-lowrange/fullpanel-fullwind-amp0300-freq1300-per240-depth580-mstop30-run1.csv,fullpanel-fullwind-amp0300-freq1300-per240-depth580-mstop30-run1.csv,12400/250,1.30000,0.30000,full,below_90_loose300,5,960,18.76035,1.45154,0.72455
/Users/ole/Kodevik/wave_project/wavedata/20260327-ProbePos4_31_FPV_2-tett6roof-under9Mooring30-height100-lowrange/fullpanel-fullwind-amp0300-freq1300-per240-depth580-mstop30-run1.csv,fullpanel-fullwind-amp0300-freq1300-per240-depth580-mstop30-run1.csv,12400/250,1.30000,0.30000,full,below_90_loose300,8,1536,18.63043,1.31953,0.93540
/Users/ole/Kodevik/wave_project/wavedata/20260327-ProbePos4_31_FPV_2-tett6roof-under9Mooring30-height100-lowrange/fullpanel-fullwind-amp0300-freq1300-per240-depth580-mstop30-run1.csv,fullpanel-fullwind-amp0300-freq1300-per240-depth580-mstop30-run1.csv,12400/250,1.30000,0.30000,full,below_90_loose300,10,1920,18.61835,1.28331,0.94692
/Users/ole/Kodevik/wave_project/wavedata/20260327-ProbePos4_31_FPV_2-tett6roof-under9Mooring30-height100-lowrange/fullpanel-fullwind-amp0300-freq1300-per240-depth580-mstop30-run1.csv,fullpanel-fullwind-amp0300-freq1300-per240-depth580-mstop30-run1.csv,12400/250,1.30000,0.30000,full,below_90_loose300,12,2304,18.72992,1.22500,0.99380
/Users/ole/Kodevik/wave_project/wavedata/20260327-ProbePos4_31_FPV_2-tett6roof-under9Mooring30-height100-lowrange/fullpanel-fullwind-amp0300-freq1300-per240-depth580-mstop30-run1.csv,fullpanel-fullwind-amp0300-freq1300-per240-depth580-mstop30-run1.csv,12400/250,1.30000,0.30000,full,below_90_loose300,15,2880,18.71550,1.24201,0.99796
/Users/ole/Kodevik/wave_project/wavedata/20260327-ProbePos4_31_FPV_2-tett6roof-under9Mooring30-height100-lowrange/fullpanel-fullwind-amp0300-freq1300-per240-depth580-mstop30-run1.csv,fullpanel-fullwind-amp0300-freq1300-per240-depth580-mstop30-run1.csv,12400/250,1.30000,0.30000,full,below_90_loose300,20,3840,18.73192,1.25517,0.95955
/Users/ole/Kodevik/wave_project/wavedata/20260327-ProbePos4_31_FPV_2-tett6roof-under9Mooring30-height100-lowrange/fullpanel-fullwind-amp0300-freq1500-per240-depth580-mstop30-run1.csv,fullpanel-fullwind-amp0300-freq1500-per240-depth580-mstop30-run1.csv,9373/170,1.50000,0.30000,full,below_90_loose300,5,835,23.40317,1.35005,2.05346
/Users/ole/Kodevik/wave_project/wavedata/20260327-ProbePos4_31_FPV_2-tett6roof-under9Mooring30-height100-lowrange/fullpanel-fullwind-amp0300-freq1500-per240-depth580-mstop30-run1.csv,fullpanel-fullwind-amp0300-freq1500-per240-depth580-mstop30-run1.csv,9373/170,1.50000,0.30000,full,below_90_loose300,8,1336,23.65270,1.89342,2.30135
/Users/ole/Kodevik/wave_project/wavedata/20260327-ProbePos4_31_FPV_2-tett6roof-under9Mooring30-height100-lowrange/fullpanel-fullwind-amp0300-freq1500-per240-depth580-mstop30-run1.csv,fullpanel-fullwind-amp0300-freq1500-per240-depth580-mstop30-run1.csv,9373/170,1.50000,0.30000,full,below_90_loose300,10,1670,23.58360,1.84925,2.26967
/Users/ole/Kodevik/wave_project/wavedata/20260327-ProbePos4_31_FPV_2-tett6roof-under9Mooring30-height100-lowrange/fullpanel-fullwind-amp0300-freq1500-per240-depth580-mstop30-run1.csv,fullpanel-fullwind-amp0300-freq1500-per240-depth580-mstop30-run1.csv,9373/170,1.50000,0.30000,full,below_90_loose300,12,2004,23.55641,1.27441,2.58062
/Users/ole/Kodevik/wave_project/wavedata/20260327-ProbePos4_31_FPV_2-tett6roof-under9Mooring30-height100-lowrange/fullpanel-fullwind-amp0300-freq1500-per240-depth580-mstop30-run1.csv,fullpanel-fullwind-amp0300-freq1500-per240-depth580-mstop30-run1.csv,9373/170,1.50000,0.30000,full,below_90_loose300,15,2505,23.52779,1.11972,2.57828
/Users/ole/Kodevik/wave_project/wavedata/20260327-ProbePos4_31_FPV_2-tett6roof-under9Mooring30-height100-lowrange/fullpanel-fullwind-amp0300-freq1500-per240-depth580-mstop30-run1.csv,fullpanel-fullwind-amp0300-freq1500-per240-depth580-mstop30-run1.csv,9373/170,1.50000,0.30000,full,below_90_loose300,20,3340,23.62819,1.03209,2.43506
/Users/ole/Kodevik/wave_project/wavedata/20260327-ProbePos4_31_FPV_2-tett6roof-under9Mooring30-height100-lowrange/fullpanel-fullwind-amp0300-freq1500-per240-depth580-mstop30-run1.csv,fullpanel-fullwind-amp0300-freq1500-per240-depth580-mstop30-run1.csv,9373/340,1.50000,0.30000,full,below_90_loose300,5,835,22.09786,1.92478,2.39997
/Users/ole/Kodevik/wave_project/wavedata/20260327-ProbePos4_31_FPV_2-tett6roof-under9Mooring30-height100-lowrange/fullpanel-fullwind-amp0300-freq1500-per240-depth580-mstop30-run1.csv,fullpanel-fullwind-amp0300-freq1500-per240-depth580-mstop30-run1.csv,9373/340,1.50000,0.30000,full,below_90_loose300,8,1336,21.83728,1.94759,2.15537
/Users/ole/Kodevik/wave_project/wavedata/20260327-ProbePos4_31_FPV_2-tett6roof-under9Mooring30-height100-lowrange/fullpanel-fullwind-amp0300-freq1500-per240-depth580-mstop30-run1.csv,fullpanel-fullwind-amp0300-freq1500-per240-depth580-mstop30-run1.csv,9373/340,1.50000,0.30000,full,below_90_loose300,10,1670,21.77448,1.50836,2.26494
/Users/ole/Kodevik/wave_project/wavedata/20260327-ProbePos4_31_FPV_2-tett6roof-under9Mooring30-height100-lowrange/fullpanel-fullwind-amp0300-freq1500-per240-depth580-mstop30-run1.csv,fullpanel-fullwind-amp0300-freq1500-per240-depth580-mstop30-run1.csv,9373/340,1.50000,0.30000,full,below_90_loose300,12,2004,21.76719,1.22214,2.23714
/Users/ole/Kodevik/wave_project/wavedata/20260327-ProbePos4_31_FPV_2-tett6roof-under9Mooring30-height100-lowrange/fullpanel-fullwind-amp0300-freq1500-per240-depth580-mstop30-run1.csv,fullpanel-fullwind-amp0300-freq1500-per240-depth580-mstop30-run1.csv,9373/340,1.50000,0.30000,full,below_90_loose300,15,2505,21.76539,0.45993,2.64014
/Users/ole/Kodevik/wave_project/wavedata/20260327-ProbePos4_31_FPV_2-tett6roof-under9Mooring30-height100-lowrange/fullpanel-fullwind-amp0300-freq1500-per240-depth580-mstop30-run1.csv,fullpanel-fullwind-amp0300-freq1500-per240-depth580-mstop30-run1.csv,9373/340,1.50000,0.30000,full,below_90_loose300,20,3340,21.98179,0.28233,2.66726
/Users/ole/Kodevik/wave_project/wavedata/20260327-ProbePos4_31_FPV_2-tett6roof-under9Mooring30-height100-lowrange/fullpanel-fullwind-amp0300-freq1500-per240-depth580-mstop30-run1.csv,fullpanel-fullwind-amp0300-freq1500-per240-depth580-mstop30-run1.csv,12400/250,1.50000,0.30000,full,below_90_loose300,5,835,17.12086,0.70219,1.09159
/Users/ole/Kodevik/wave_project/wavedata/20260327-ProbePos4_31_FPV_2-tett6roof-under9Mooring30-height100-lowrange/fullpanel-fullwind-amp0300-freq1500-per240-depth580-mstop30-run1.csv,fullpanel-fullwind-amp0300-freq1500-per240-depth580-mstop30-run1.csv,12400/250,1.50000,0.30000,full,below_90_loose300,8,1336,16.98698,0.74039,1.20109
/Users/ole/Kodevik/wave_project/wavedata/20260327-ProbePos4_31_FPV_2-tett6roof-under9Mooring30-height100-lowrange/fullpanel-fullwind-amp0300-freq1500-per240-depth580-mstop30-run1.csv,fullpanel-fullwind-amp0300-freq1500-per240-depth580-mstop30-run1.csv,12400/250,1.50000,0.30000,full,below_90_loose300,10,1670,16.95735,0.73012,1.24599
/Users/ole/Kodevik/wave_project/wavedata/20260327-ProbePos4_31_FPV_2-tett6roof-under9Mooring30-height100-lowrange/fullpanel-fullwind-amp0300-freq1500-per240-depth580-mstop30-run1.csv,fullpanel-fullwind-amp0300-freq1500-per240-depth580-mstop30-run1.csv,12400/250,1.50000,0.30000,full,below_90_loose300,12,2004,17.02620,0.71685,1.31365
/Users/ole/Kodevik/wave_project/wavedata/20260327-ProbePos4_31_FPV_2-tett6roof-under9Mooring30-height100-lowrange/fullpanel-fullwind-amp0300-freq1500-per240-depth580-mstop30-run1.csv,fullpanel-fullwind-amp0300-freq1500-per240-depth580-mstop30-run1.csv,12400/250,1.50000,0.30000,full,below_90_loose300,15,2505,16.97494,0.73074,1.41007
/Users/ole/Kodevik/wave_project/wavedata/20260327-ProbePos4_31_FPV_2-tett6roof-under9Mooring30-height100-lowrange/fullpanel-fullwind-amp0300-freq1500-per240-depth580-mstop30-run1.csv,fullpanel-fullwind-amp0300-freq1500-per240-depth580-mstop30-run1.csv,12400/250,1.50000,0.30000,full,below_90_loose300,20,3340,16.96264,0.73146,1.39097
/Users/ole/Kodevik/wave_project/wavedata/20260327-ProbePos4_31_FPV_2-tett6roof-under9Mooring30-height100-lowrange/fullpanel-fullwind-amp0100-freq1600-per240-depth580-mstop30-run1.csv,fullpanel-fullwind-amp0100-freq1600-per240-depth580-mstop30-run1.csv,9373/170,1.60000,0.10000,full,below_90_loose300,5,780,8.88472,1.44889,2.20799
/Users/ole/Kodevik/wave_project/wavedata/20260327-ProbePos4_31_FPV_2-tett6roof-under9Mooring30-height100-lowrange/fullpanel-fullwind-amp0100-freq1600-per240-depth580-mstop30-run1.csv,fullpanel-fullwind-amp0100-freq1600-per240-depth580-mstop30-run1.csv,9373/170,1.60000,0.10000,full,below_90_loose300,8,1248,9.15342,1.36026,2.71736
/Users/ole/Kodevik/wave_project/wavedata/20260327-ProbePos4_31_FPV_2-tett6roof-under9Mooring30-height100-lowrange/fullpanel-fullwind-amp0100-freq1600-per240-depth580-mstop30-run1.csv,fullpanel-fullwind-amp0100-freq1600-per240-depth580-mstop30-run1.csv,9373/170,1.60000,0.10000,full,below_90_loose300,10,1560,9.13197,1.64533,2.93786
/Users/ole/Kodevik/wave_project/wavedata/20260327-ProbePos4_31_FPV_2-tett6roof-under9Mooring30-height100-lowrange/fullpanel-fullwind-amp0100-freq1600-per240-depth580-mstop30-run1.csv,fullpanel-fullwind-amp0100-freq1600-per240-depth580-mstop30-run1.csv,9373/170,1.60000,0.10000,full,below_90_loose300,12,1872,9.16675,1.65178,2.89131
/Users/ole/Kodevik/wave_project/wavedata/20260327-ProbePos4_31_FPV_2-tett6roof-under9Mooring30-height100-lowrange/fullpanel-fullwind-amp0100-freq1600-per240-depth580-mstop30-run1.csv,fullpanel-fullwind-amp0100-freq1600-per240-depth580-mstop30-run1.csv,9373/170,1.60000,0.10000,full,below_90_loose300,15,2340,9.25702,1.25266,3.01960
/Users/ole/Kodevik/wave_project/wavedata/20260327-ProbePos4_31_FPV_2-tett6roof-under9Mooring30-height100-lowrange/fullpanel-fullwind-amp0100-freq1600-per240-depth580-mstop30-run1.csv,fullpanel-fullwind-amp0100-freq1600-per240-depth580-mstop30-run1.csv,9373/170,1.60000,0.10000,full,below_90_loose300,20,3120,9.37629,1.07554,3.05063
/Users/ole/Kodevik/wave_project/wavedata/20260327-ProbePos4_31_FPV_2-tett6roof-under9Mooring30-height100-lowrange/fullpanel-fullwind-amp0100-freq1600-per240-depth580-mstop30-run1.csv,fullpanel-fullwind-amp0100-freq1600-per240-depth580-mstop30-run1.csv,9373/340,1.60000,0.10000,full,below_90_loose300,5,780,8.22558,1.20709,2.98191
/Users/ole/Kodevik/wave_project/wavedata/20260327-ProbePos4_31_FPV_2-tett6roof-under9Mooring30-height100-lowrange/fullpanel-fullwind-amp0100-freq1600-per240-depth580-mstop30-run1.csv,fullpanel-fullwind-amp0100-freq1600-per240-depth580-mstop30-run1.csv,9373/340,1.60000,0.10000,full,below_90_loose300,8,1248,8.11540,1.06592,2.80611
/Users/ole/Kodevik/wave_project/wavedata/20260327-ProbePos4_31_FPV_2-tett6roof-under9Mooring30-height100-lowrange/fullpanel-fullwind-amp0100-freq1600-per240-depth580-mstop30-run1.csv,fullpanel-fullwind-amp0100-freq1600-per240-depth580-mstop30-run1.csv,9373/340,1.60000,0.10000,full,below_90_loose300,10,1560,8.07342,0.74543,2.78410
/Users/ole/Kodevik/wave_project/wavedata/20260327-ProbePos4_31_FPV_2-tett6roof-under9Mooring30-height100-lowrange/fullpanel-fullwind-amp0100-freq1600-per240-depth580-mstop30-run1.csv,fullpanel-fullwind-amp0100-freq1600-per240-depth580-mstop30-run1.csv,9373/340,1.60000,0.10000,full,below_90_loose300,12,1872,7.99104,0.74556,2.74036
/Users/ole/Kodevik/wave_project/wavedata/20260327-ProbePos4_31_FPV_2-tett6roof-under9Mooring30-height100-lowrange/fullpanel-fullwind-amp0100-freq1600-per240-depth580-mstop30-run1.csv,fullpanel-fullwind-amp0100-freq1600-per240-depth580-mstop30-run1.csv,9373/340,1.60000,0.10000,full,below_90_loose300,15,2340,8.10545,1.03229,2.72840
/Users/ole/Kodevik/wave_project/wavedata/20260327-ProbePos4_31_FPV_2-tett6roof-under9Mooring30-height100-lowrange/fullpanel-fullwind-amp0100-freq1600-per240-depth580-mstop30-run1.csv,fullpanel-fullwind-amp0100-freq1600-per240-depth580-mstop30-run1.csv,9373/340,1.60000,0.10000,full,below_90_loose300,20,3120,8.12935,0.98789,2.72793
/Users/ole/Kodevik/wave_project/wavedata/20260327-ProbePos4_31_FPV_2-tett6roof-under9Mooring30-height100-lowrange/fullpanel-fullwind-amp0100-freq1600-per240-depth580-mstop30-run1.csv,fullpanel-fullwind-amp0100-freq1600-per240-depth580-mstop30-run1.csv,12400/250,1.60000,0.10000,full,below_90_loose300,5,780,5.11702,0.43739,0.45268
/Users/ole/Kodevik/wave_project/wavedata/20260327-ProbePos4_31_FPV_2-tett6roof-under9Mooring30-height100-lowrange/fullpanel-fullwind-amp0100-freq1600-per240-depth580-mstop30-run1.csv,fullpanel-fullwind-amp0100-freq1600-per240-depth580-mstop30-run1.csv,12400/250,1.60000,0.10000,full,below_90_loose300,8,1248,5.12965,0.44480,0.49596
/Users/ole/Kodevik/wave_project/wavedata/20260327-ProbePos4_31_FPV_2-tett6roof-under9Mooring30-height100-lowrange/fullpanel-fullwind-amp0100-freq1600-per240-depth580-mstop30-run1.csv,fullpanel-fullwind-amp0100-freq1600-per240-depth580-mstop30-run1.csv,12400/250,1.60000,0.10000,full,below_90_loose300,10,1560,5.12271,0.42062,0.53486
/Users/ole/Kodevik/wave_project/wavedata/20260327-ProbePos4_31_FPV_2-tett6roof-under9Mooring30-height100-lowrange/fullpanel-fullwind-amp0100-freq1600-per240-depth580-mstop30-run1.csv,fullpanel-fullwind-amp0100-freq1600-per240-depth580-mstop30-run1.csv,12400/250,1.60000,0.10000,full,below_90_loose300,12,1872,5.09639,0.40123,0.54691
/Users/ole/Kodevik/wave_project/wavedata/20260327-ProbePos4_31_FPV_2-tett6roof-under9Mooring30-height100-lowrange/fullpanel-fullwind-amp0100-freq1600-per240-depth580-mstop30-run1.csv,fullpanel-fullwind-amp0100-freq1600-per240-depth580-mstop30-run1.csv,12400/250,1.60000,0.10000,full,below_90_loose300,15,2340,5.06810,0.38928,0.55701
/Users/ole/Kodevik/wave_project/wavedata/20260327-ProbePos4_31_FPV_2-tett6roof-under9Mooring30-height100-lowrange/fullpanel-fullwind-amp0100-freq1600-per240-depth580-mstop30-run1.csv,fullpanel-fullwind-amp0100-freq1600-per240-depth580-mstop30-run1.csv,12400/250,1.60000,0.10000,full,below_90_loose300,20,3120,5.01455,0.36048,0.59955
/Users/ole/Kodevik/wave_project/wavedata/20260327-ProbePos4_31_FPV_2-tett6roof-under9Mooring30-height100-lowrange/fullpanel-nowind-amp0300-freq1300-per240-depth580-mstop30-run1.csv,fullpanel-nowind-amp0300-freq1300-per240-depth580-mstop30-run1.csv,9373/170,1.30000,0.30000,no,below_90_loose300,5,960,21.55627,2.35380,1.11482
/Users/ole/Kodevik/wave_project/wavedata/20260327-ProbePos4_31_FPV_2-tett6roof-under9Mooring30-height100-lowrange/fullpanel-nowind-amp0300-freq1300-per240-depth580-mstop30-run1.csv,fullpanel-nowind-amp0300-freq1300-per240-depth580-mstop30-run1.csv,9373/170,1.30000,0.30000,no,below_90_loose300,8,1536,21.36286,2.37721,1.09340
/Users/ole/Kodevik/wave_project/wavedata/20260327-ProbePos4_31_FPV_2-tett6roof-under9Mooring30-height100-lowrange/fullpanel-nowind-amp0300-freq1300-per240-depth580-mstop30-run1.csv,fullpanel-nowind-amp0300-freq1300-per240-depth580-mstop30-run1.csv,9373/170,1.30000,0.30000,no,below_90_loose300,10,1920,21.36958,2.37724,1.02696
/Users/ole/Kodevik/wave_project/wavedata/20260327-ProbePos4_31_FPV_2-tett6roof-under9Mooring30-height100-lowrange/fullpanel-nowind-amp0300-freq1300-per240-depth580-mstop30-run1.csv,fullpanel-nowind-amp0300-freq1300-per240-depth580-mstop30-run1.csv,9373/170,1.30000,0.30000,no,below_90_loose300,12,2304,21.27187,2.43981,1.14513
/Users/ole/Kodevik/wave_project/wavedata/20260327-ProbePos4_31_FPV_2-tett6roof-under9Mooring30-height100-lowrange/fullpanel-nowind-amp0300-freq1300-per240-depth580-mstop30-run1.csv,fullpanel-nowind-amp0300-freq1300-per240-depth580-mstop30-run1.csv,9373/170,1.30000,0.30000,no,below_90_loose300,15,2880,21.22045,2.62859,1.42721
/Users/ole/Kodevik/wave_project/wavedata/20260327-ProbePos4_31_FPV_2-tett6roof-under9Mooring30-height100-lowrange/fullpanel-nowind-amp0300-freq1300-per240-depth580-mstop30-run1.csv,fullpanel-nowind-amp0300-freq1300-per240-depth580-mstop30-run1.csv,9373/170,1.30000,0.30000,no,below_90_loose300,20,3840,21.19471,2.73914,1.42520
/Users/ole/Kodevik/wave_project/wavedata/20260327-ProbePos4_31_FPV_2-tett6roof-under9Mooring30-height100-lowrange/fullpanel-nowind-amp0300-freq1300-per240-depth580-mstop30-run1.csv,fullpanel-nowind-amp0300-freq1300-per240-depth580-mstop30-run1.csv,9373/340,1.30000,0.30000,no,below_90_loose300,5,960,22.07851,1.83889,0.59011
/Users/ole/Kodevik/wave_project/wavedata/20260327-ProbePos4_31_FPV_2-tett6roof-under9Mooring30-height100-lowrange/fullpanel-nowind-amp0300-freq1300-per240-depth580-mstop30-run1.csv,fullpanel-nowind-amp0300-freq1300-per240-depth580-mstop30-run1.csv,9373/340,1.30000,0.30000,no,below_90_loose300,8,1536,21.82543,1.90917,0.72850
/Users/ole/Kodevik/wave_project/wavedata/20260327-ProbePos4_31_FPV_2-tett6roof-under9Mooring30-height100-lowrange/fullpanel-nowind-amp0300-freq1300-per240-depth580-mstop30-run1.csv,fullpanel-nowind-amp0300-freq1300-per240-depth580-mstop30-run1.csv,9373/340,1.30000,0.30000,no,below_90_loose300,10,1920,21.77840,2.02267,0.77502
/Users/ole/Kodevik/wave_project/wavedata/20260327-ProbePos4_31_FPV_2-tett6roof-under9Mooring30-height100-lowrange/fullpanel-nowind-amp0300-freq1300-per240-depth580-mstop30-run1.csv,fullpanel-nowind-amp0300-freq1300-per240-depth580-mstop30-run1.csv,9373/340,1.30000,0.30000,no,below_90_loose300,12,2304,21.71182,2.06809,0.80708
/Users/ole/Kodevik/wave_project/wavedata/20260327-ProbePos4_31_FPV_2-tett6roof-under9Mooring30-height100-lowrange/fullpanel-nowind-amp0300-freq1300-per240-depth580-mstop30-run1.csv,fullpanel-nowind-amp0300-freq1300-per240-depth580-mstop30-run1.csv,9373/340,1.30000,0.30000,no,below_90_loose300,15,2880,21.71194,2.06224,0.80205
/Users/ole/Kodevik/wave_project/wavedata/20260327-ProbePos4_31_FPV_2-tett6roof-under9Mooring30-height100-lowrange/fullpanel-nowind-amp0300-freq1300-per240-depth580-mstop30-run1.csv,fullpanel-nowind-amp0300-freq1300-per240-depth580-mstop30-run1.csv,9373/340,1.30000,0.30000,no,below_90_loose300,20,3840,21.75926,2.16268,0.77360
/Users/ole/Kodevik/wave_project/wavedata/20260327-ProbePos4_31_FPV_2-tett6roof-under9Mooring30-height100-lowrange/fullpanel-nowind-amp0300-freq1300-per240-depth580-mstop30-run1.csv,fullpanel-nowind-amp0300-freq1300-per240-depth580-mstop30-run1.csv,12400/250,1.30000,0.30000,no,below_90_loose300,5,960,17.36285,0.46403,0.55045
/Users/ole/Kodevik/wave_project/wavedata/20260327-ProbePos4_31_FPV_2-tett6roof-under9Mooring30-height100-lowrange/fullpanel-nowind-amp0300-freq1300-per240-depth580-mstop30-run1.csv,fullpanel-nowind-amp0300-freq1300-per240-depth580-mstop30-run1.csv,12400/250,1.30000,0.30000,no,below_90_loose300,8,1536,17.28207,0.52770,0.56518
/Users/ole/Kodevik/wave_project/wavedata/20260327-ProbePos4_31_FPV_2-tett6roof-under9Mooring30-height100-lowrange/fullpanel-nowind-amp0300-freq1300-per240-depth580-mstop30-run1.csv,fullpanel-nowind-amp0300-freq1300-per240-depth580-mstop30-run1.csv,12400/250,1.30000,0.30000,no,below_90_loose300,10,1920,17.35028,0.53419,0.59550
/Users/ole/Kodevik/wave_project/wavedata/20260327-ProbePos4_31_FPV_2-tett6roof-under9Mooring30-height100-lowrange/fullpanel-nowind-amp0300-freq1300-per240-depth580-mstop30-run1.csv,fullpanel-nowind-amp0300-freq1300-per240-depth580-mstop30-run1.csv,12400/250,1.30000,0.30000,no,below_90_loose300,12,2304,17.37263,0.54087,0.57020
/Users/ole/Kodevik/wave_project/wavedata/20260327-ProbePos4_31_FPV_2-tett6roof-under9Mooring30-height100-lowrange/fullpanel-nowind-amp0300-freq1300-per240-depth580-mstop30-run1.csv,fullpanel-nowind-amp0300-freq1300-per240-depth580-mstop30-run1.csv,12400/250,1.30000,0.30000,no,below_90_loose300,15,2880,17.41967,0.56944,0.56460
/Users/ole/Kodevik/wave_project/wavedata/20260327-ProbePos4_31_FPV_2-tett6roof-under9Mooring30-height100-lowrange/fullpanel-nowind-amp0300-freq1300-per240-depth580-mstop30-run1.csv,fullpanel-nowind-amp0300-freq1300-per240-depth580-mstop30-run1.csv,12400/250,1.30000,0.30000,no,below_90_loose300,20,3840,17.39974,0.47065,0.61034
/Users/ole/Kodevik/wave_project/wavedata/20260327-ProbePos4_31_FPV_2-tett6roof-under9Mooring30-height100-lowrange/fullpanel-nowind-amp0300-freq1400-per240-depth580-mstop30-run1.csv,fullpanel-nowind-amp0300-freq1400-per240-depth580-mstop30-run1.csv,9373/170,1.40000,0.30000,no,below_90_loose300,5,895,22.03115,2.26732,1.35185
/Users/ole/Kodevik/wave_project/wavedata/20260327-ProbePos4_31_FPV_2-tett6roof-under9Mooring30-height100-lowrange/fullpanel-nowind-amp0300-freq1400-per240-depth580-mstop30-run1.csv,fullpanel-nowind-amp0300-freq1400-per240-depth580-mstop30-run1.csv,9373/170,1.40000,0.30000,no,below_90_loose300,8,1432,21.85104,2.09310,1.35279
/Users/ole/Kodevik/wave_project/wavedata/20260327-ProbePos4_31_FPV_2-tett6roof-under9Mooring30-height100-lowrange/fullpanel-nowind-amp0300-freq1400-per240-depth580-mstop30-run1.csv,fullpanel-nowind-amp0300-freq1400-per240-depth580-mstop30-run1.csv,9373/170,1.40000,0.30000,no,below_90_loose300,10,1790,21.82580,2.06822,1.35395
/Users/ole/Kodevik/wave_project/wavedata/20260327-ProbePos4_31_FPV_2-tett6roof-under9Mooring30-height100-lowrange/fullpanel-nowind-amp0300-freq1400-per240-depth580-mstop30-run1.csv,fullpanel-nowind-amp0300-freq1400-per240-depth580-mstop30-run1.csv,9373/170,1.40000,0.30000,no,below_90_loose300,12,2148,21.81816,2.14984,1.43172
/Users/ole/Kodevik/wave_project/wavedata/20260327-ProbePos4_31_FPV_2-tett6roof-under9Mooring30-height100-lowrange/fullpanel-nowind-amp0300-freq1400-per240-depth580-mstop30-run1.csv,fullpanel-nowind-amp0300-freq1400-per240-depth580-mstop30-run1.csv,9373/170,1.40000,0.30000,no,below_90_loose300,15,2685,18.51866,1.92635,13.19357
/Users/ole/Kodevik/wave_project/wavedata/20260327-ProbePos4_31_FPV_2-tett6roof-under9Mooring30-height100-lowrange/fullpanel-nowind-amp0300-freq1400-per240-depth580-mstop30-run1.csv,fullpanel-nowind-amp0300-freq1400-per240-depth580-mstop30-run1.csv,9373/170,1.40000,0.30000,no,below_90_loose300,20,3580,19.22533,2.00263,11.52902
/Users/ole/Kodevik/wave_project/wavedata/20260327-ProbePos4_31_FPV_2-tett6roof-under9Mooring30-height100-lowrange/fullpanel-nowind-amp0300-freq1400-per240-depth580-mstop30-run1.csv,fullpanel-nowind-amp0300-freq1400-per240-depth580-mstop30-run1.csv,9373/340,1.40000,0.30000,no,below_90_loose300,5,895,22.44824,1.05368,0.88403
/Users/ole/Kodevik/wave_project/wavedata/20260327-ProbePos4_31_FPV_2-tett6roof-under9Mooring30-height100-lowrange/fullpanel-nowind-amp0300-freq1400-per240-depth580-mstop30-run1.csv,fullpanel-nowind-amp0300-freq1400-per240-depth580-mstop30-run1.csv,9373/340,1.40000,0.30000,no,below_90_loose300,8,1432,22.24970,0.85039,1.00573
/Users/ole/Kodevik/wave_project/wavedata/20260327-ProbePos4_31_FPV_2-tett6roof-under9Mooring30-height100-lowrange/fullpanel-nowind-amp0300-freq1400-per240-depth580-mstop30-run1.csv,fullpanel-nowind-amp0300-freq1400-per240-depth580-mstop30-run1.csv,9373/340,1.40000,0.30000,no,below_90_loose300,10,1790,22.19180,0.78817,1.06386
/Users/ole/Kodevik/wave_project/wavedata/20260327-ProbePos4_31_FPV_2-tett6roof-under9Mooring30-height100-lowrange/fullpanel-nowind-amp0300-freq1400-per240-depth580-mstop30-run1.csv,fullpanel-nowind-amp0300-freq1400-per240-depth580-mstop30-run1.csv,9373/340,1.40000,0.30000,no,below_90_loose300,12,2148,22.19911,0.80171,1.05924
/Users/ole/Kodevik/wave_project/wavedata/20260327-ProbePos4_31_FPV_2-tett6roof-under9Mooring30-height100-lowrange/fullpanel-nowind-amp0300-freq1400-per240-depth580-mstop30-run1.csv,fullpanel-nowind-amp0300-freq1400-per240-depth580-mstop30-run1.csv,9373/340,1.40000,0.30000,no,below_90_loose300,15,2685,22.19608,0.87202,1.02985
/Users/ole/Kodevik/wave_project/wavedata/20260327-ProbePos4_31_FPV_2-tett6roof-under9Mooring30-height100-lowrange/fullpanel-nowind-amp0300-freq1400-per240-depth580-mstop30-run1.csv,fullpanel-nowind-amp0300-freq1400-per240-depth580-mstop30-run1.csv,9373/340,1.40000,0.30000,no,below_90_loose300,20,3580,22.07725,0.92702,1.05917
/Users/ole/Kodevik/wave_project/wavedata/20260327-ProbePos4_31_FPV_2-tett6roof-under9Mooring30-height100-lowrange/fullpanel-nowind-amp0300-freq1400-per240-depth580-mstop30-run1.csv,fullpanel-nowind-amp0300-freq1400-per240-depth580-mstop30-run1.csv,12400/250,1.40000,0.30000,no,below_90_loose300,5,895,15.62333,0.43915,0.55560
/Users/ole/Kodevik/wave_project/wavedata/20260327-ProbePos4_31_FPV_2-tett6roof-under9Mooring30-height100-lowrange/fullpanel-nowind-amp0300-freq1400-per240-depth580-mstop30-run1.csv,fullpanel-nowind-amp0300-freq1400-per240-depth580-mstop30-run1.csv,12400/250,1.40000,0.30000,no,below_90_loose300,8,1432,15.67135,0.52776,0.64877
/Users/ole/Kodevik/wave_project/wavedata/20260327-ProbePos4_31_FPV_2-tett6roof-under9Mooring30-height100-lowrange/fullpanel-nowind-amp0300-freq1400-per240-depth580-mstop30-run1.csv,fullpanel-nowind-amp0300-freq1400-per240-depth580-mstop30-run1.csv,12400/250,1.40000,0.30000,no,below_90_loose300,10,1790,15.67330,0.49327,0.64932
/Users/ole/Kodevik/wave_project/wavedata/20260327-ProbePos4_31_FPV_2-tett6roof-under9Mooring30-height100-lowrange/fullpanel-nowind-amp0300-freq1400-per240-depth580-mstop30-run1.csv,fullpanel-nowind-amp0300-freq1400-per240-depth580-mstop30-run1.csv,12400/250,1.40000,0.30000,no,below_90_loose300,12,2148,15.74694,0.50412,0.65211
/Users/ole/Kodevik/wave_project/wavedata/20260327-ProbePos4_31_FPV_2-tett6roof-under9Mooring30-height100-lowrange/fullpanel-nowind-amp0300-freq1400-per240-depth580-mstop30-run1.csv,fullpanel-nowind-amp0300-freq1400-per240-depth580-mstop30-run1.csv,12400/250,1.40000,0.30000,no,below_90_loose300,15,2685,15.72202,0.50416,0.63078
/Users/ole/Kodevik/wave_project/wavedata/20260327-ProbePos4_31_FPV_2-tett6roof-under9Mooring30-height100-lowrange/fullpanel-nowind-amp0300-freq1400-per240-depth580-mstop30-run1.csv,fullpanel-nowind-amp0300-freq1400-per240-depth580-mstop30-run1.csv,12400/250,1.40000,0.30000,no,below_90_loose300,20,3580,15.66329,0.54694,0.61232
/Users/ole/Kodevik/wave_project/wavedata/20260327-ProbePos4_31_FPV_2-tett6roof-under9Mooring30-height100-lowrange/fullpanel-fullwind-amp0200-freq1600-per240-depth580-mstop30-run1.csv,fullpanel-fullwind-amp0200-freq1600-per240-depth580-mstop30-run1.csv,9373/170,1.60000,0.20000,full,below_90_loose300,5,780,17.25430,1.50795,2.24736
/Users/ole/Kodevik/wave_project/wavedata/20260327-ProbePos4_31_FPV_2-tett6roof-under9Mooring30-height100-lowrange/fullpanel-fullwind-amp0200-freq1600-per240-depth580-mstop30-run1.csv,fullpanel-fullwind-amp0200-freq1600-per240-depth580-mstop30-run1.csv,9373/170,1.60000,0.20000,full,below_90_loose300,8,1248,17.42312,1.52915,2.46402
/Users/ole/Kodevik/wave_project/wavedata/20260327-ProbePos4_31_FPV_2-tett6roof-under9Mooring30-height100-lowrange/fullpanel-fullwind-amp0200-freq1600-per240-depth580-mstop30-run1.csv,fullpanel-fullwind-amp0200-freq1600-per240-depth580-mstop30-run1.csv,9373/170,1.60000,0.20000,full,below_90_loose300,10,1560,17.63411,1.82051,2.57372
/Users/ole/Kodevik/wave_project/wavedata/20260327-ProbePos4_31_FPV_2-tett6roof-under9Mooring30-height100-lowrange/fullpanel-fullwind-amp0200-freq1600-per240-depth580-mstop30-run1.csv,fullpanel-fullwind-amp0200-freq1600-per240-depth580-mstop30-run1.csv,9373/170,1.60000,0.20000,full,below_90_loose300,12,1872,17.63971,1.83623,2.48337
/Users/ole/Kodevik/wave_project/wavedata/20260327-ProbePos4_31_FPV_2-tett6roof-under9Mooring30-height100-lowrange/fullpanel-fullwind-amp0200-freq1600-per240-depth580-mstop30-run1.csv,fullpanel-fullwind-amp0200-freq1600-per240-depth580-mstop30-run1.csv,9373/170,1.60000,0.20000,full,below_90_loose300,15,2340,17.59755,1.79891,2.58160
/Users/ole/Kodevik/wave_project/wavedata/20260327-ProbePos4_31_FPV_2-tett6roof-under9Mooring30-height100-lowrange/fullpanel-fullwind-amp0200-freq1600-per240-depth580-mstop30-run1.csv,fullpanel-fullwind-amp0200-freq1600-per240-depth580-mstop30-run1.csv,9373/170,1.60000,0.20000,full,below_90_loose300,20,3120,17.50730,1.89356,2.51754
/Users/ole/Kodevik/wave_project/wavedata/20260327-ProbePos4_31_FPV_2-tett6roof-under9Mooring30-height100-lowrange/fullpanel-fullwind-amp0200-freq1600-per240-depth580-mstop30-run1.csv,fullpanel-fullwind-amp0200-freq1600-per240-depth580-mstop30-run1.csv,9373/340,1.60000,0.20000,full,below_90_loose300,5,780,13.96615,2.03698,2.43476
/Users/ole/Kodevik/wave_project/wavedata/20260327-ProbePos4_31_FPV_2-tett6roof-under9Mooring30-height100-lowrange/fullpanel-fullwind-amp0200-freq1600-per240-depth580-mstop30-run1.csv,fullpanel-fullwind-amp0200-freq1600-per240-depth580-mstop30-run1.csv,9373/340,1.60000,0.20000,full,below_90_loose300,8,1248,13.59453,2.54252,2.52539
/Users/ole/Kodevik/wave_project/wavedata/20260327-ProbePos4_31_FPV_2-tett6roof-under9Mooring30-height100-lowrange/fullpanel-fullwind-amp0200-freq1600-per240-depth580-mstop30-run1.csv,fullpanel-fullwind-amp0200-freq1600-per240-depth580-mstop30-run1.csv,9373/340,1.60000,0.20000,full,below_90_loose300,10,1560,13.58125,2.64503,2.48521
/Users/ole/Kodevik/wave_project/wavedata/20260327-ProbePos4_31_FPV_2-tett6roof-under9Mooring30-height100-lowrange/fullpanel-fullwind-amp0200-freq1600-per240-depth580-mstop30-run1.csv,fullpanel-fullwind-amp0200-freq1600-per240-depth580-mstop30-run1.csv,9373/340,1.60000,0.20000,full,below_90_loose300,12,1872,13.55348,2.60369,2.41428
/Users/ole/Kodevik/wave_project/wavedata/20260327-ProbePos4_31_FPV_2-tett6roof-under9Mooring30-height100-lowrange/fullpanel-fullwind-amp0200-freq1600-per240-depth580-mstop30-run1.csv,fullpanel-fullwind-amp0200-freq1600-per240-depth580-mstop30-run1.csv,9373/340,1.60000,0.20000,full,below_90_loose300,15,2340,13.58872,2.59499,2.36439
/Users/ole/Kodevik/wave_project/wavedata/20260327-ProbePos4_31_FPV_2-tett6roof-under9Mooring30-height100-lowrange/fullpanel-fullwind-amp0200-freq1600-per240-depth580-mstop30-run1.csv,fullpanel-fullwind-amp0200-freq1600-per240-depth580-mstop30-run1.csv,9373/340,1.60000,0.20000,full,below_90_loose300,20,3120,13.75986,2.63837,2.50157
/Users/ole/Kodevik/wave_project/wavedata/20260327-ProbePos4_31_FPV_2-tett6roof-under9Mooring30-height100-lowrange/fullpanel-fullwind-amp0200-freq1600-per240-depth580-mstop30-run1.csv,fullpanel-fullwind-amp0200-freq1600-per240-depth580-mstop30-run1.csv,12400/250,1.60000,0.20000,full,below_90_loose300,5,780,10.23894,1.02312,0.82791
/Users/ole/Kodevik/wave_project/wavedata/20260327-ProbePos4_31_FPV_2-tett6roof-under9Mooring30-height100-lowrange/fullpanel-fullwind-amp0200-freq1600-per240-depth580-mstop30-run1.csv,fullpanel-fullwind-amp0200-freq1600-per240-depth580-mstop30-run1.csv,12400/250,1.60000,0.20000,full,below_90_loose300,8,1248,10.22186,0.90060,0.85201
/Users/ole/Kodevik/wave_project/wavedata/20260327-ProbePos4_31_FPV_2-tett6roof-under9Mooring30-height100-lowrange/fullpanel-fullwind-amp0200-freq1600-per240-depth580-mstop30-run1.csv,fullpanel-fullwind-amp0200-freq1600-per240-depth580-mstop30-run1.csv,12400/250,1.60000,0.20000,full,below_90_loose300,10,1560,10.16268,0.91867,0.95326
/Users/ole/Kodevik/wave_project/wavedata/20260327-ProbePos4_31_FPV_2-tett6roof-under9Mooring30-height100-lowrange/fullpanel-fullwind-amp0200-freq1600-per240-depth580-mstop30-run1.csv,fullpanel-fullwind-amp0200-freq1600-per240-depth580-mstop30-run1.csv,12400/250,1.60000,0.20000,full,below_90_loose300,12,1872,10.09596,0.89868,1.02299
/Users/ole/Kodevik/wave_project/wavedata/20260327-ProbePos4_31_FPV_2-tett6roof-under9Mooring30-height100-lowrange/fullpanel-fullwind-amp0200-freq1600-per240-depth580-mstop30-run1.csv,fullpanel-fullwind-amp0200-freq1600-per240-depth580-mstop30-run1.csv,12400/250,1.60000,0.20000,full,below_90_loose300,15,2340,10.06428,0.82737,1.08146
/Users/ole/Kodevik/wave_project/wavedata/20260327-ProbePos4_31_FPV_2-tett6roof-under9Mooring30-height100-lowrange/fullpanel-fullwind-amp0200-freq1600-per240-depth580-mstop30-run1.csv,fullpanel-fullwind-amp0200-freq1600-per240-depth580-mstop30-run1.csv,12400/250,1.60000,0.20000,full,below_90_loose300,20,3120,10.10711,0.80614,1.10451
/Users/ole/Kodevik/wave_project/wavedata/20260327-ProbePos4_31_FPV_2-tett6roof-under9Mooring30-height100-lowrange/fullpanel-fullwind-amp0300-freq1400-per240-depth580-mstop30-run1.csv,fullpanel-fullwind-amp0300-freq1400-per240-depth580-mstop30-run1.csv,9373/170,1.40000,0.30000,full,below_90_loose300,5,895,22.97697,3.12546,1.94154
/Users/ole/Kodevik/wave_project/wavedata/20260327-ProbePos4_31_FPV_2-tett6roof-under9Mooring30-height100-lowrange/fullpanel-fullwind-amp0300-freq1400-per240-depth580-mstop30-run1.csv,fullpanel-fullwind-amp0300-freq1400-per240-depth580-mstop30-run1.csv,9373/170,1.40000,0.30000,full,below_90_loose300,8,1432,22.91363,3.20207,2.05717
/Users/ole/Kodevik/wave_project/wavedata/20260327-ProbePos4_31_FPV_2-tett6roof-under9Mooring30-height100-lowrange/fullpanel-fullwind-amp0300-freq1400-per240-depth580-mstop30-run1.csv,fullpanel-fullwind-amp0300-freq1400-per240-depth580-mstop30-run1.csv,9373/170,1.40000,0.30000,full,below_90_loose300,10,1790,22.98737,3.37633,2.15509
/Users/ole/Kodevik/wave_project/wavedata/20260327-ProbePos4_31_FPV_2-tett6roof-under9Mooring30-height100-lowrange/fullpanel-fullwind-amp0300-freq1400-per240-depth580-mstop30-run1.csv,fullpanel-fullwind-amp0300-freq1400-per240-depth580-mstop30-run1.csv,9373/170,1.40000,0.30000,full,below_90_loose300,12,2148,22.87564,3.41774,2.43286
/Users/ole/Kodevik/wave_project/wavedata/20260327-ProbePos4_31_FPV_2-tett6roof-under9Mooring30-height100-lowrange/fullpanel-fullwind-amp0300-freq1400-per240-depth580-mstop30-run1.csv,fullpanel-fullwind-amp0300-freq1400-per240-depth580-mstop30-run1.csv,9373/170,1.40000,0.30000,full,below_90_loose300,15,2685,22.83655,3.37936,2.73285
/Users/ole/Kodevik/wave_project/wavedata/20260327-ProbePos4_31_FPV_2-tett6roof-under9Mooring30-height100-lowrange/fullpanel-fullwind-amp0300-freq1400-per240-depth580-mstop30-run1.csv,fullpanel-fullwind-amp0300-freq1400-per240-depth580-mstop30-run1.csv,9373/170,1.40000,0.30000,full,below_90_loose300,20,3580,22.79221,3.28976,3.10327
/Users/ole/Kodevik/wave_project/wavedata/20260327-ProbePos4_31_FPV_2-tett6roof-under9Mooring30-height100-lowrange/fullpanel-fullwind-amp0300-freq1400-per240-depth580-mstop30-run1.csv,fullpanel-fullwind-amp0300-freq1400-per240-depth580-mstop30-run1.csv,9373/340,1.40000,0.30000,full,below_90_loose300,5,895,23.25260,1.43820,1.83640
/Users/ole/Kodevik/wave_project/wavedata/20260327-ProbePos4_31_FPV_2-tett6roof-under9Mooring30-height100-lowrange/fullpanel-fullwind-amp0300-freq1400-per240-depth580-mstop30-run1.csv,fullpanel-fullwind-amp0300-freq1400-per240-depth580-mstop30-run1.csv,9373/340,1.40000,0.30000,full,below_90_loose300,8,1432,23.07357,1.55468,2.00201
/Users/ole/Kodevik/wave_project/wavedata/20260327-ProbePos4_31_FPV_2-tett6roof-under9Mooring30-height100-lowrange/fullpanel-fullwind-amp0300-freq1400-per240-depth580-mstop30-run1.csv,fullpanel-fullwind-amp0300-freq1400-per240-depth580-mstop30-run1.csv,9373/340,1.40000,0.30000,full,below_90_loose300,10,1790,23.14855,1.89606,2.05601
/Users/ole/Kodevik/wave_project/wavedata/20260327-ProbePos4_31_FPV_2-tett6roof-under9Mooring30-height100-lowrange/fullpanel-fullwind-amp0300-freq1400-per240-depth580-mstop30-run1.csv,fullpanel-fullwind-amp0300-freq1400-per240-depth580-mstop30-run1.csv,9373/340,1.40000,0.30000,full,below_90_loose300,12,2148,22.99880,2.17543,2.33532
/Users/ole/Kodevik/wave_project/wavedata/20260327-ProbePos4_31_FPV_2-tett6roof-under9Mooring30-height100-lowrange/fullpanel-fullwind-amp0300-freq1400-per240-depth580-mstop30-run1.csv,fullpanel-fullwind-amp0300-freq1400-per240-depth580-mstop30-run1.csv,9373/340,1.40000,0.30000,full,below_90_loose300,15,2685,23.06109,2.61301,2.52205
/Users/ole/Kodevik/wave_project/wavedata/20260327-ProbePos4_31_FPV_2-tett6roof-under9Mooring30-height100-lowrange/fullpanel-fullwind-amp0300-freq1400-per240-depth580-mstop30-run1.csv,fullpanel-fullwind-amp0300-freq1400-per240-depth580-mstop30-run1.csv,9373/340,1.40000,0.30000,full,below_90_loose300,20,3580,23.02696,2.62939,2.59197
/Users/ole/Kodevik/wave_project/wavedata/20260327-ProbePos4_31_FPV_2-tett6roof-under9Mooring30-height100-lowrange/fullpanel-fullwind-amp0300-freq1400-per240-depth580-mstop30-run1.csv,fullpanel-fullwind-amp0300-freq1400-per240-depth580-mstop30-run1.csv,12400/250,1.40000,0.30000,full,below_90_loose300,5,895,17.22073,1.24732,0.81398
/Users/ole/Kodevik/wave_project/wavedata/20260327-ProbePos4_31_FPV_2-tett6roof-under9Mooring30-height100-lowrange/fullpanel-fullwind-amp0300-freq1400-per240-depth580-mstop30-run1.csv,fullpanel-fullwind-amp0300-freq1400-per240-depth580-mstop30-run1.csv,12400/250,1.40000,0.30000,full,below_90_loose300,8,1432,17.24608,1.24642,0.96065
/Users/ole/Kodevik/wave_project/wavedata/20260327-ProbePos4_31_FPV_2-tett6roof-under9Mooring30-height100-lowrange/fullpanel-fullwind-amp0300-freq1400-per240-depth580-mstop30-run1.csv,fullpanel-fullwind-amp0300-freq1400-per240-depth580-mstop30-run1.csv,12400/250,1.40000,0.30000,full,below_90_loose300,10,1790,17.26184,1.19258,0.98298
/Users/ole/Kodevik/wave_project/wavedata/20260327-ProbePos4_31_FPV_2-tett6roof-under9Mooring30-height100-lowrange/fullpanel-fullwind-amp0300-freq1400-per240-depth580-mstop30-run1.csv,fullpanel-fullwind-amp0300-freq1400-per240-depth580-mstop30-run1.csv,12400/250,1.40000,0.30000,full,below_90_loose300,12,2148,17.19772,1.15904,1.14961
/Users/ole/Kodevik/wave_project/wavedata/20260327-ProbePos4_31_FPV_2-tett6roof-under9Mooring30-height100-lowrange/fullpanel-fullwind-amp0300-freq1400-per240-depth580-mstop30-run1.csv,fullpanel-fullwind-amp0300-freq1400-per240-depth580-mstop30-run1.csv,12400/250,1.40000,0.30000,full,below_90_loose300,15,2685,17.20928,1.12168,1.29949
/Users/ole/Kodevik/wave_project/wavedata/20260327-ProbePos4_31_FPV_2-tett6roof-under9Mooring30-height100-lowrange/fullpanel-fullwind-amp0300-freq1400-per240-depth580-mstop30-run1.csv,fullpanel-fullwind-amp0300-freq1400-per240-depth580-mstop30-run1.csv,12400/250,1.40000,0.30000,full,below_90_loose300,20,3580,17.22694,1.08565,1.46088
/Users/ole/Kodevik/wave_project/wavedata/20260327-ProbePos4_31_FPV_2-tett6roof-under9Mooring30-height100-lowrange/fullpanel-nowind-amp0200-freq1600-per240-depth580-mstop30-run1.csv,fullpanel-nowind-amp0200-freq1600-per240-depth580-mstop30-run1.csv,9373/170,1.60000,0.20000,no,below_90_loose300,5,780,14.74796,1.53320,1.26509
/Users/ole/Kodevik/wave_project/wavedata/20260327-ProbePos4_31_FPV_2-tett6roof-under9Mooring30-height100-lowrange/fullpanel-nowind-amp0200-freq1600-per240-depth580-mstop30-run1.csv,fullpanel-nowind-amp0200-freq1600-per240-depth580-mstop30-run1.csv,9373/170,1.60000,0.20000,no,below_90_loose300,8,1248,14.94024,1.48344,1.19452
/Users/ole/Kodevik/wave_project/wavedata/20260327-ProbePos4_31_FPV_2-tett6roof-under9Mooring30-height100-lowrange/fullpanel-nowind-amp0200-freq1600-per240-depth580-mstop30-run1.csv,fullpanel-nowind-amp0200-freq1600-per240-depth580-mstop30-run1.csv,9373/170,1.60000,0.20000,no,below_90_loose300,10,1560,14.93983,1.55422,1.14469
/Users/ole/Kodevik/wave_project/wavedata/20260327-ProbePos4_31_FPV_2-tett6roof-under9Mooring30-height100-lowrange/fullpanel-nowind-amp0200-freq1600-per240-depth580-mstop30-run1.csv,fullpanel-nowind-amp0200-freq1600-per240-depth580-mstop30-run1.csv,9373/170,1.60000,0.20000,no,below_90_loose300,12,1872,14.91435,1.64949,1.13227
/Users/ole/Kodevik/wave_project/wavedata/20260327-ProbePos4_31_FPV_2-tett6roof-under9Mooring30-height100-lowrange/fullpanel-nowind-amp0200-freq1600-per240-depth580-mstop30-run1.csv,fullpanel-nowind-amp0200-freq1600-per240-depth580-mstop30-run1.csv,9373/170,1.60000,0.20000,no,below_90_loose300,15,2340,14.92129,1.55856,1.07056
/Users/ole/Kodevik/wave_project/wavedata/20260327-ProbePos4_31_FPV_2-tett6roof-under9Mooring30-height100-lowrange/fullpanel-nowind-amp0200-freq1600-per240-depth580-mstop30-run1.csv,fullpanel-nowind-amp0200-freq1600-per240-depth580-mstop30-run1.csv,9373/170,1.60000,0.20000,no,below_90_loose300,20,3120,14.95368,1.58924,1.04669
/Users/ole/Kodevik/wave_project/wavedata/20260327-ProbePos4_31_FPV_2-tett6roof-under9Mooring30-height100-lowrange/fullpanel-nowind-amp0200-freq1600-per240-depth580-mstop30-run1.csv,fullpanel-nowind-amp0200-freq1600-per240-depth580-mstop30-run1.csv,9373/340,1.60000,0.20000,no,below_90_loose300,5,780,14.85718,1.11072,0.96739
/Users/ole/Kodevik/wave_project/wavedata/20260327-ProbePos4_31_FPV_2-tett6roof-under9Mooring30-height100-lowrange/fullpanel-nowind-amp0200-freq1600-per240-depth580-mstop30-run1.csv,fullpanel-nowind-amp0200-freq1600-per240-depth580-mstop30-run1.csv,9373/340,1.60000,0.20000,no,below_90_loose300,8,1248,15.04061,1.14961,0.96061
/Users/ole/Kodevik/wave_project/wavedata/20260327-ProbePos4_31_FPV_2-tett6roof-under9Mooring30-height100-lowrange/fullpanel-nowind-amp0200-freq1600-per240-depth580-mstop30-run1.csv,fullpanel-nowind-amp0200-freq1600-per240-depth580-mstop30-run1.csv,9373/340,1.60000,0.20000,no,below_90_loose300,10,1560,15.10748,1.13296,0.89342
/Users/ole/Kodevik/wave_project/wavedata/20260327-ProbePos4_31_FPV_2-tett6roof-under9Mooring30-height100-lowrange/fullpanel-nowind-amp0200-freq1600-per240-depth580-mstop30-run1.csv,fullpanel-nowind-amp0200-freq1600-per240-depth580-mstop30-run1.csv,9373/340,1.60000,0.20000,no,below_90_loose300,12,1872,15.13286,1.10149,0.84413
/Users/ole/Kodevik/wave_project/wavedata/20260327-ProbePos4_31_FPV_2-tett6roof-under9Mooring30-height100-lowrange/fullpanel-nowind-amp0200-freq1600-per240-depth580-mstop30-run1.csv,fullpanel-nowind-amp0200-freq1600-per240-depth580-mstop30-run1.csv,9373/340,1.60000,0.20000,no,below_90_loose300,15,2340,15.15537,1.10869,0.77232
/Users/ole/Kodevik/wave_project/wavedata/20260327-ProbePos4_31_FPV_2-tett6roof-under9Mooring30-height100-lowrange/fullpanel-nowind-amp0200-freq1600-per240-depth580-mstop30-run1.csv,fullpanel-nowind-amp0200-freq1600-per240-depth580-mstop30-run1.csv,9373/340,1.60000,0.20000,no,below_90_loose300,20,3120,15.20410,1.27389,0.76541
/Users/ole/Kodevik/wave_project/wavedata/20260327-ProbePos4_31_FPV_2-tett6roof-under9Mooring30-height100-lowrange/fullpanel-nowind-amp0200-freq1600-per240-depth580-mstop30-run1.csv,fullpanel-nowind-amp0200-freq1600-per240-depth580-mstop30-run1.csv,12400/250,1.60000,0.20000,no,below_90_loose300,5,780,7.29170,0.41783,0.38004
/Users/ole/Kodevik/wave_project/wavedata/20260327-ProbePos4_31_FPV_2-tett6roof-under9Mooring30-height100-lowrange/fullpanel-nowind-amp0200-freq1600-per240-depth580-mstop30-run1.csv,fullpanel-nowind-amp0200-freq1600-per240-depth580-mstop30-run1.csv,12400/250,1.60000,0.20000,no,below_90_loose300,8,1248,7.16946,0.40033,0.37143
/Users/ole/Kodevik/wave_project/wavedata/20260327-ProbePos4_31_FPV_2-tett6roof-under9Mooring30-height100-lowrange/fullpanel-nowind-amp0200-freq1600-per240-depth580-mstop30-run1.csv,fullpanel-nowind-amp0200-freq1600-per240-depth580-mstop30-run1.csv,12400/250,1.60000,0.20000,no,below_90_loose300,10,1560,7.13748,0.41298,0.34878
/Users/ole/Kodevik/wave_project/wavedata/20260327-ProbePos4_31_FPV_2-tett6roof-under9Mooring30-height100-lowrange/fullpanel-nowind-amp0200-freq1600-per240-depth580-mstop30-run1.csv,fullpanel-nowind-amp0200-freq1600-per240-depth580-mstop30-run1.csv,12400/250,1.60000,0.20000,no,below_90_loose300,12,1872,7.09197,0.41733,0.35474
/Users/ole/Kodevik/wave_project/wavedata/20260327-ProbePos4_31_FPV_2-tett6roof-under9Mooring30-height100-lowrange/fullpanel-nowind-amp0200-freq1600-per240-depth580-mstop30-run1.csv,fullpanel-nowind-amp0200-freq1600-per240-depth580-mstop30-run1.csv,12400/250,1.60000,0.20000,no,below_90_loose300,15,2340,7.02059,0.41670,0.36858
/Users/ole/Kodevik/wave_project/wavedata/20260327-ProbePos4_31_FPV_2-tett6roof-under9Mooring30-height100-lowrange/fullpanel-nowind-amp0200-freq1600-per240-depth580-mstop30-run1.csv,fullpanel-nowind-amp0200-freq1600-per240-depth580-mstop30-run1.csv,12400/250,1.60000,0.20000,no,below_90_loose300,20,3120,7.00562,0.41185,0.35116
/Users/ole/Kodevik/wave_project/wavedata/20260327-ProbePos4_31_FPV_2-tett6roof-under9Mooring30-height100-lowrange/fullpanel-fullwind-amp0100-freq1700-per240-depth580-mstop30-run1.csv,fullpanel-fullwind-amp0100-freq1700-per240-depth580-mstop30-run1.csv,9373/170,1.70000,0.10000,full,below_90_loose300,5,735,8.02384,2.21272,2.73286
/Users/ole/Kodevik/wave_project/wavedata/20260327-ProbePos4_31_FPV_2-tett6roof-under9Mooring30-height100-lowrange/fullpanel-fullwind-amp0100-freq1700-per240-depth580-mstop30-run1.csv,fullpanel-fullwind-amp0100-freq1700-per240-depth580-mstop30-run1.csv,9373/170,1.70000,0.10000,full,below_90_loose300,8,1176,8.10688,2.53309,2.50999
/Users/ole/Kodevik/wave_project/wavedata/20260327-ProbePos4_31_FPV_2-tett6roof-under9Mooring30-height100-lowrange/fullpanel-fullwind-amp0100-freq1700-per240-depth580-mstop30-run1.csv,fullpanel-fullwind-amp0100-freq1700-per240-depth580-mstop30-run1.csv,9373/170,1.70000,0.10000,full,below_90_loose300,10,1470,8.10918,1.86227,2.55668
/Users/ole/Kodevik/wave_project/wavedata/20260327-ProbePos4_31_FPV_2-tett6roof-under9Mooring30-height100-lowrange/fullpanel-fullwind-amp0100-freq1700-per240-depth580-mstop30-run1.csv,fullpanel-fullwind-amp0100-freq1700-per240-depth580-mstop30-run1.csv,9373/170,1.70000,0.10000,full,below_90_loose300,12,1764,8.15877,1.85772,2.56259
/Users/ole/Kodevik/wave_project/wavedata/20260327-ProbePos4_31_FPV_2-tett6roof-under9Mooring30-height100-lowrange/fullpanel-fullwind-amp0100-freq1700-per240-depth580-mstop30-run1.csv,fullpanel-fullwind-amp0100-freq1700-per240-depth580-mstop30-run1.csv,9373/170,1.70000,0.10000,full,below_90_loose300,15,2205,8.19434,1.72754,2.61214
/Users/ole/Kodevik/wave_project/wavedata/20260327-ProbePos4_31_FPV_2-tett6roof-under9Mooring30-height100-lowrange/fullpanel-fullwind-amp0100-freq1700-per240-depth580-mstop30-run1.csv,fullpanel-fullwind-amp0100-freq1700-per240-depth580-mstop30-run1.csv,9373/170,1.70000,0.10000,full,below_90_loose300,20,2940,8.50980,1.46566,2.49572
/Users/ole/Kodevik/wave_project/wavedata/20260327-ProbePos4_31_FPV_2-tett6roof-under9Mooring30-height100-lowrange/fullpanel-fullwind-amp0100-freq1700-per240-depth580-mstop30-run1.csv,fullpanel-fullwind-amp0100-freq1700-per240-depth580-mstop30-run1.csv,9373/340,1.70000,0.10000,full,below_90_loose300,5,735,8.16913,1.11679,2.43890
/Users/ole/Kodevik/wave_project/wavedata/20260327-ProbePos4_31_FPV_2-tett6roof-under9Mooring30-height100-lowrange/fullpanel-fullwind-amp0100-freq1700-per240-depth580-mstop30-run1.csv,fullpanel-fullwind-amp0100-freq1700-per240-depth580-mstop30-run1.csv,9373/340,1.70000,0.10000,full,below_90_loose300,8,1176,8.45412,0.38267,2.54746
/Users/ole/Kodevik/wave_project/wavedata/20260327-ProbePos4_31_FPV_2-tett6roof-under9Mooring30-height100-lowrange/fullpanel-fullwind-amp0100-freq1700-per240-depth580-mstop30-run1.csv,fullpanel-fullwind-amp0100-freq1700-per240-depth580-mstop30-run1.csv,9373/340,1.70000,0.10000,full,below_90_loose300,10,1470,8.47053,0.10779,2.46001
/Users/ole/Kodevik/wave_project/wavedata/20260327-ProbePos4_31_FPV_2-tett6roof-under9Mooring30-height100-lowrange/fullpanel-fullwind-amp0100-freq1700-per240-depth580-mstop30-run1.csv,fullpanel-fullwind-amp0100-freq1700-per240-depth580-mstop30-run1.csv,9373/340,1.70000,0.10000,full,below_90_loose300,12,1764,8.42218,0.12688,2.41579
/Users/ole/Kodevik/wave_project/wavedata/20260327-ProbePos4_31_FPV_2-tett6roof-under9Mooring30-height100-lowrange/fullpanel-fullwind-amp0100-freq1700-per240-depth580-mstop30-run1.csv,fullpanel-fullwind-amp0100-freq1700-per240-depth580-mstop30-run1.csv,9373/340,1.70000,0.10000,full,below_90_loose300,15,2205,8.47303,0.14573,2.57421
/Users/ole/Kodevik/wave_project/wavedata/20260327-ProbePos4_31_FPV_2-tett6roof-under9Mooring30-height100-lowrange/fullpanel-fullwind-amp0100-freq1700-per240-depth580-mstop30-run1.csv,fullpanel-fullwind-amp0100-freq1700-per240-depth580-mstop30-run1.csv,9373/340,1.70000,0.10000,full,below_90_loose300,20,2940,8.40405,0.34926,2.43594
/Users/ole/Kodevik/wave_project/wavedata/20260327-ProbePos4_31_FPV_2-tett6roof-under9Mooring30-height100-lowrange/fullpanel-fullwind-amp0100-freq1700-per240-depth580-mstop30-run1.csv,fullpanel-fullwind-amp0100-freq1700-per240-depth580-mstop30-run1.csv,12400/250,1.70000,0.10000,full,below_90_loose300,5,735,4.23152,0.37161,0.48758
/Users/ole/Kodevik/wave_project/wavedata/20260327-ProbePos4_31_FPV_2-tett6roof-under9Mooring30-height100-lowrange/fullpanel-fullwind-amp0100-freq1700-per240-depth580-mstop30-run1.csv,fullpanel-fullwind-amp0100-freq1700-per240-depth580-mstop30-run1.csv,12400/250,1.70000,0.10000,full,below_90_loose300,8,1176,4.25389,0.35460,0.48731
/Users/ole/Kodevik/wave_project/wavedata/20260327-ProbePos4_31_FPV_2-tett6roof-under9Mooring30-height100-lowrange/fullpanel-fullwind-amp0100-freq1700-per240-depth580-mstop30-run1.csv,fullpanel-fullwind-amp0100-freq1700-per240-depth580-mstop30-run1.csv,12400/250,1.70000,0.10000,full,below_90_loose300,10,1470,4.26080,0.31138,0.48988
/Users/ole/Kodevik/wave_project/wavedata/20260327-ProbePos4_31_FPV_2-tett6roof-under9Mooring30-height100-lowrange/fullpanel-fullwind-amp0100-freq1700-per240-depth580-mstop30-run1.csv,fullpanel-fullwind-amp0100-freq1700-per240-depth580-mstop30-run1.csv,12400/250,1.70000,0.10000,full,below_90_loose300,12,1764,4.30566,0.33138,0.48258
/Users/ole/Kodevik/wave_project/wavedata/20260327-ProbePos4_31_FPV_2-tett6roof-under9Mooring30-height100-lowrange/fullpanel-fullwind-amp0100-freq1700-per240-depth580-mstop30-run1.csv,fullpanel-fullwind-amp0100-freq1700-per240-depth580-mstop30-run1.csv,12400/250,1.70000,0.10000,full,below_90_loose300,15,2205,4.32933,0.33409,0.47691
/Users/ole/Kodevik/wave_project/wavedata/20260327-ProbePos4_31_FPV_2-tett6roof-under9Mooring30-height100-lowrange/fullpanel-fullwind-amp0100-freq1700-per240-depth580-mstop30-run1.csv,fullpanel-fullwind-amp0100-freq1700-per240-depth580-mstop30-run1.csv,12400/250,1.70000,0.10000,full,below_90_loose300,20,2940,4.30575,0.32765,0.48005
