path,name,freq_hz,amp_V,wind,mooring,N_in,N_out,A_in_nearest,A_in_parabolic,A_out_nearest,A_out_parabolic,f_in_peak,f_out_peak,outin_nearest,outin_parabolic,delta_outin
/Users/ole/Kodevik/wave_project/wavedata/20260307-ProbPos4_31_FPV_2-tett6roof/fullpanel-fullwind-amp0100-freq1500-per40-depth580-mstop30-run1.csv,fullpanel-fullwind-amp0100-freq1500-per40-depth580-mstop30-run1.csv,1.5000,0.1000,full,above_50,3028,2840,7.6495,7.6523,4.6994,4.6995,1.4878,1.4963,0.6143,0.6141,-0.0002
/Users/ole/Kodevik/wave_project/wavedata/20260307-ProbPos4_31_FPV_2-tett6roof/fullpanel-nowind-amp0100-freq1800-per40-depth580-mstop30-run1.csv,fullpanel-nowind-amp0100-freq1800-per40-depth580-mstop30-run1.csv,1.8000,0.1000,no,above_50,3062,3040,7.0504,7.0512,1.1538,1.1538,1.7954,1.8091,0.1637,0.1636,-0.0000
/Users/ole/Kodevik/wave_project/wavedata/20260307-ProbPos4_31_FPV_2-tett6roof/fullpanel-fullwind-amp0200-freq0700-per40-depth580-mstop30-run1.csv,fullpanel-fullwind-amp0200-freq0700-per40-depth580-mstop30-run1.csv,0.7000,0.2000,full,above_50,8205,8214,10.6119,10.6122,10.9650,10.9650,0.7010,0.6999,1.0333,1.0332,-0.0000
/Users/ole/Kodevik/wave_project/wavedata/20260307-ProbPos4_31_FPV_2-tett6roof/fullpanel-fullwind-amp0200-freq1600-per40-depth580-mstop30-run1.csv,fullpanel-fullwind-amp0200-freq1600-per40-depth580-mstop30-run1.csv,1.6000,0.2000,full,above_50,2516,2675,13.8360,13.8375,8.9071,8.9075,1.5888,1.5894,0.6438,0.6437,-0.0000
/Users/ole/Kodevik/wave_project/wavedata/20260307-ProbPos4_31_FPV_2-tett6roof/fullpanel-nowind-amp0200-freq1600-per40-depth580-mstop30-run1.csv,fullpanel-nowind-amp0200-freq1600-per40-depth580-mstop30-run1.csv,1.6000,0.2000,no,above_50,2499,2650,15.3738,15.3739,6.8153,6.8157,1.6005,1.6031,0.4433,0.4433,0.0000
/Users/ole/Kodevik/wave_project/wavedata/20260307-ProbPos4_31_FPV_2-tett6roof/fullpanel-fullwind-amp0200-freq0700-per40-depth580-mstop30-run2.csv,fullpanel-fullwind-amp0200-freq0700-per40-depth580-mstop30-run2.csv,0.7000,0.2000,full,above_50,8225,8211,10.6025,10.6026,11.0313,11.0317,0.6992,0.7001,1.0404,1.0405,0.0000
/Users/ole/Kodevik/wave_project/wavedata/20260307-ProbPos4_31_FPV_2-tett6roof/fullpanel-fullwind-amp0100-freq1800-per40-depth580-mstop30-run1.csv,fullpanel-fullwind-amp0100-freq1800-per40-depth580-mstop30-run1.csv,1.8000,0.1000,full,above_50,3056,3045,8.8706,8.8743,3.6485,3.6533,1.8015,1.8031,0.4113,0.4117,0.0004
/Users/ole/Kodevik/wave_project/wavedata/20260307-ProbPos4_31_FPV_2-tett6roof/fullpanel-nowind-amp0100-freq1500-per40-depth580-mstop30-run1.csv,fullpanel-nowind-amp0100-freq1500-per40-depth580-mstop30-run1.csv,1.5000,0.1000,no,above_50,3170,2830,7.8266,7.8266,3.0907,3.0908,1.4985,1.5015,0.3949,0.3949,0.0000
/Users/ole/Kodevik/wave_project/wavedata/20260307-ProbPos4_31_FPV_2-tett6roof/fullpanel-nowind-amp0100-freq1700-per40-depth580-mstop30-run1.csv,fullpanel-nowind-amp0100-freq1700-per40-depth580-mstop30-run1.csv,1.7000,0.1000,no,above_50,3234,3236,6.9815,6.9815,1.4652,1.4653,1.7007,1.6990,0.2099,0.2099,0.0000
/Users/ole/Kodevik/wave_project/wavedata/20260307-ProbPos4_31_FPV_2-tett6roof/fullpanel-nowind-amp0200-freq1400-per40-depth580-mstop30-run1.csv,fullpanel-nowind-amp0200-freq1400-per40-depth580-mstop30-run1.csv,1.4000,0.2000,no,above_50,3749,3036,13.8109,13.8110,10.2923,10.2925,1.4003,1.4002,0.7452,0.7452,0.0000
/Users/ole/Kodevik/wave_project/wavedata/20260307-ProbPos4_31_FPV_2-tett6roof/fullpanel-fullwind-amp0200-freq1900-per40-depth580-mstop30-run1.csv,fullpanel-fullwind-amp0200-freq1900-per40-depth580-mstop30-run1.csv,1.9000,0.2000,full,above_50,2943,2944,9.0375,11.0320,6.2618,6.2873,1.9218,1.8744,0.6929,0.5699,-0.1230
/Users/ole/Kodevik/wave_project/wavedata/20260307-ProbPos4_31_FPV_2-tett6roof/fullpanel-fullwind-amp0200-freq0800-per40-depth580-mstop30-run1.csv,fullpanel-fullwind-amp0200-freq0800-per40-depth580-mstop30-run1.csv,0.8000,0.2000,full,above_50,7304,7189,9.1477,9.2547,11.6834,11.6836,0.7922,0.8000,1.2772,1.2624,-0.0148
/Users/ole/Kodevik/wave_project/wavedata/20260307-ProbPos4_31_FPV_2-tett6roof/fullpanel-fullwind-amp0200-freq1400-per40-depth580-mstop30-run1.csv,fullpanel-fullwind-amp0200-freq1400-per40-depth580-mstop30-run1.csv,1.4000,0.2000,full,above_50,3763,3044,16.6938,16.6946,10.3975,10.3975,1.3956,1.3962,0.6228,0.6228,-0.0000
/Users/ole/Kodevik/wave_project/wavedata/20260307-ProbPos4_31_FPV_2-tett6roof/fullpanel-fullwind-amp0100-freq1700-per40-depth580-mstop30-run1.csv,fullpanel-fullwind-amp0100-freq1700-per40-depth580-mstop30-run1.csv,1.7000,0.1000,full,above_50,3265,3238,8.6406,8.6448,3.7664,3.7664,1.6864,1.6983,0.4359,0.4357,-0.0002
/Users/ole/Kodevik/wave_project/wavedata/20260307-ProbPos4_31_FPV_2-tett6roof/fullpanel-fullwind-amp0100-freq1400-per40-depth580-mstop30-run1.csv,fullpanel-fullwind-amp0100-freq1400-per40-depth580-mstop30-run1.csv,1.4000,0.1000,full,above_50,3736,3041,8.1104,8.1107,4.7540,4.7541,1.4048,1.3980,0.5862,0.5862,-0.0000
/Users/ole/Kodevik/wave_project/wavedata/20260307-ProbPos4_31_FPV_2-tett6roof/fullpanel-fullwind-amp0200-freq1700-per40-depth580-mstop30-run1.csv,fullpanel-fullwind-amp0200-freq1700-per40-depth580-mstop30-run1.csv,1.7000,0.2000,full,above_50,3264,3245,15.4840,15.5015,8.4467,8.4469,1.6880,1.6952,0.5455,0.5449,-0.0006
/Users/ole/Kodevik/wave_project/wavedata/20260307-ProbPos4_31_FPV_2-tett6roof/fullpanel-fullwind-amp0200-freq0600-per40-depth580-mstop30-run1.csv,fullpanel-fullwind-amp0200-freq0600-per40-depth580-mstop30-run1.csv,0.6000,0.2000,full,above_50,9614,9576,8.7675,8.7676,7.4083,7.4100,0.5982,0.6001,0.8450,0.8452,0.0002
/Users/ole/Kodevik/wave_project/wavedata/20260307-ProbPos4_31_FPV_2-tett6roof/fullpanel-fullwind-amp0100-freq1400-per40-depth580-mstop30-run2.csv,fullpanel-fullwind-amp0100-freq1400-per40-depth580-mstop30-run2.csv,1.4000,0.1000,full,above_50,3765,3035,7.8608,7.8608,4.8762,4.8762,1.3945,1.4002,0.6203,0.6203,-0.0000
/Users/ole/Kodevik/wave_project/wavedata/20260307-ProbPos4_31_FPV_2-tett6roof/fullpanel-nowind-amp0100-freq1400-per40-depth580-mstop30-run1.csv,fullpanel-nowind-amp0100-freq1400-per40-depth580-mstop30-run1.csv,1.4000,0.1000,no,above_50,3752,3038,7.1135,7.1135,4.0660,4.0660,1.3993,1.3992,0.5716,0.5716,0.0000
/Users/ole/Kodevik/wave_project/wavedata/20260307-ProbPos4_31_FPV_2-tett6roof/fullpanel-nowind-amp0100-freq1600-per40-depth580-mstop30-run1.csv,fullpanel-nowind-amp0100-freq1600-per40-depth580-mstop30-run1.csv,1.6000,0.1000,no,above_50,2501,2646,7.7663,7.7663,2.2562,2.2562,1.5994,1.6062,0.2905,0.2905,-0.0000
/Users/ole/Kodevik/wave_project/wavedata/20260307-ProbPos4_31_FPV_2-tett6roof/fullpanel-fullwind-amp0200-freq0900-per40-depth580-mstop30-run1.csv,fullpanel-fullwind-amp0200-freq0900-per40-depth580-mstop30-run1.csv,0.9000,0.2000,full,above_50,6521,6397,9.0189,9.3546,11.9393,11.9393,0.8932,0.8989,1.3238,1.2763,-0.0475
/Users/ole/Kodevik/wave_project/wavedata/20260307-ProbPos4_31_FPV_2-tett6roof/fullpanel-fullwind-amp0200-freq1800-per40-depth580-mstop30-run1.csv,fullpanel-fullwind-amp0200-freq1800-per40-depth580-mstop30-run1.csv,1.8000,0.2000,full,above_50,2982,3090,12.8629,13.1532,7.9476,7.9501,1.7783,1.7814,0.6179,0.6044,-0.0134
/Users/ole/Kodevik/wave_project/wavedata/20260307-ProbPos4_31_FPV_2-tett6roof/fullpanel-nowind-amp0200-freq1500-per40-depth580-mstop30-run1.csv,fullpanel-nowind-amp0200-freq1500-per40-depth580-mstop30-run1.csv,1.5000,0.2000,no,above_50,3003,2832,14.6586,14.6587,8.5527,8.5529,1.4986,1.5011,0.5835,0.5835,0.0000
/Users/ole/Kodevik/wave_project/wavedata/20260307-ProbPos4_31_FPV_2-tett6roof/fullpanel-fullwind-amp0200-freq1500-per40-depth580-mstop30-run1.csv,fullpanel-fullwind-amp0200-freq1500-per40-depth580-mstop30-run1.csv,1.5000,0.2000,full,above_50,3010,2842,16.0964,16.0965,10.0279,10.0280,1.4951,1.4957,0.6230,0.6230,0.0000
/Users/ole/Kodevik/wave_project/wavedata/20260307-ProbPos4_31_FPV_2-tett6roof/fullpanel-fullwind-amp0100-freq1600-per40-depth580-mstop30-run1.csv,fullpanel-fullwind-amp0100-freq1600-per40-depth580-mstop30-run1.csv,1.6000,0.1000,full,above_50,2517,2657,8.2772,8.2773,4.4097,4.4097,1.5888,1.5997,0.5327,0.5327,-0.0000
/Users/ole/Kodevik/wave_project/wavedata/20260307-ProbPos4_31_FPV_2-tett6roof/fullpanel-fullwind-amp0100-freq1000-per40-depth580-mstop30-run1.csv,fullpanel-fullwind-amp0100-freq1000-per40-depth580-mstop30-run1.csv,1.0000,0.1000,full,above_50,5727,5753,7.0586,7.0587,6.0510,6.0510,1.0039,0.9995,0.8573,0.8572,-0.0000
/Users/ole/Kodevik/wave_project/wavedata/20260307-ProbPos4_31_FPV_2-tett6roof/fullpanel-nowind-amp0100-freq1000-per40-depth580-mstop30-run1.csv,fullpanel-nowind-amp0100-freq1000-per40-depth580-mstop30-run1.csv,1.0000,0.1000,no,above_50,5755,5756,7.1569,7.1569,6.5636,6.5638,0.9992,0.9988,0.9171,0.9171,0.0000
/Users/ole/Kodevik/wave_project/wavedata/20260307-ProbPos4_31_FPV_2-tett6roof/fullpanel-fullwind-amp0100-freq1300-per40-depth580-mstop90-run3.csv,fullpanel-fullwind-amp0100-freq1300-per40-depth580-mstop90-run3.csv,1.3000,0.1000,full,above_50,4413,3277,8.0131,8.0134,5.0227,5.0227,1.3026,1.2969,0.6268,0.6268,-0.0000
/Users/ole/Kodevik/wave_project/wavedata/20260307-ProbPos4_31_FPV_2-tett6roof/fullpanel-nowind-amp0200-freq1300-per40-depth580-mstop30-run1.csv,fullpanel-nowind-amp0200-freq1300-per40-depth580-mstop30-run1.csv,1.3000,0.2000,no,above_50,4422,3272,14.8933,14.8933,10.9943,10.9943,1.3003,1.2987,0.7382,0.7382,0.0000
/Users/ole/Kodevik/wave_project/wavedata/20260307-ProbPos4_31_FPV_2-tett6roof/fullpanel-nowind-amp0200-freq1100-per40-depth580-mstop30-run1.csv,fullpanel-nowind-amp0200-freq1100-per40-depth580-mstop30-run1.csv,1.1000,0.2000,no,above_50,5228,5225,14.8337,14.8337,12.9832,12.9832,1.0999,1.1005,0.8753,0.8753,-0.0000
/Users/ole/Kodevik/wave_project/wavedata/20260307-ProbPos4_31_FPV_2-tett6roof/fullpanel-nowind-amp0100-freq1200-per40-depth580-mstop30-run1.csv,fullpanel-nowind-amp0100-freq1200-per40-depth580-mstop30-run1.csv,1.2000,0.1000,no,above_50,4790,4789,7.7708,7.7709,5.8851,5.8851,1.2005,1.2005,0.7573,0.7573,0.0000
/Users/ole/Kodevik/wave_project/wavedata/20260307-ProbPos4_31_FPV_2-tett6roof/fullpanel-fullwind-amp0100-freq1200-per40-depth580-mstop30-run1.csv,fullpanel-fullwind-amp0100-freq1200-per40-depth580-mstop30-run1.csv,1.2000,0.1000,full,above_50,4793,4795,8.0515,8.0525,5.4171,5.4171,1.2003,1.1993,0.6728,0.6727,-0.0001
/Users/ole/Kodevik/wave_project/wavedata/20260307-ProbPos4_31_FPV_2-tett6roof/fullpanel-fullwind-amp0200-freq1100-per40-depth580-mstop30-run1.csv,fullpanel-fullwind-amp0200-freq1100-per40-depth580-mstop30-run1.csv,1.1000,0.2000,full,above_50,5224,5226,14.7356,14.7356,12.4434,12.4434,1.1008,1.1002,0.8444,0.8444,-0.0000
/Users/ole/Kodevik/wave_project/wavedata/20260307-ProbPos4_31_FPV_2-tett6roof/fullpanel-fullwind-amp0200-freq1200-per40-depth580-mstop30-run1.csv,fullpanel-fullwind-amp0200-freq1200-per40-depth580-mstop30-run1.csv,1.2000,0.2000,full,above_50,4808,4797,15.2140,15.2141,12.0604,12.0605,1.1961,1.1988,0.7927,0.7927,-0.0000
/Users/ole/Kodevik/wave_project/wavedata/20260307-ProbPos4_31_FPV_2-tett6roof/fullpanel-fullwind-amp0100-freq1100-per40-depth580-mstop30-run1.csv,fullpanel-fullwind-amp0100-freq1100-per40-depth580-mstop30-run1.csv,1.1000,0.1000,full,above_50,5228,5227,7.2751,7.2753,5.7991,5.7991,1.0996,1.1000,0.7971,0.7971,-0.0000
/Users/ole/Kodevik/wave_project/wavedata/20260307-ProbPos4_31_FPV_2-tett6roof/fullpanel-nowind-amp0100-freq1300-per40-depth580-mstop30-run5.csv,fullpanel-nowind-amp0100-freq1300-per40-depth580-mstop30-run5.csv,1.3000,0.1000,no,above_50,4419,3272,7.5820,7.5821,5.2502,5.2502,1.3010,1.2992,0.6925,0.6925,0.0000
/Users/ole/Kodevik/wave_project/wavedata/20260307-ProbPos4_31_FPV_2-tett6roof/fullpanel-nowind-amp0100-freq1100-per40-depth580-mstop30-run1.csv,fullpanel-nowind-amp0100-freq1100-per40-depth580-mstop30-run1.csv,1.1000,0.1000,no,above_50,5227,5226,7.3469,7.3469,6.3225,6.3225,1.1000,1.1002,0.8606,0.8606,-0.0000
/Users/ole/Kodevik/wave_project/wavedata/20260307-ProbPos4_31_FPV_2-tett6roof/fullpanel-fullwind-amp0100-freq1100-per40-depth580-mstop30-run2.csv,fullpanel-fullwind-amp0100-freq1100-per40-depth580-mstop30-run2.csv,1.1000,0.1000,full,above_50,5219,5223,7.5394,7.5404,5.7644,5.7644,1.1023,1.1009,0.7646,0.7645,-0.0001
/Users/ole/Kodevik/wave_project/wavedata/20260307-ProbPos4_31_FPV_2-tett6roof/fullpanel-nowind-amp0200-freq1200-per40-depth580-mstop30-run1.csv,fullpanel-nowind-amp0200-freq1200-per40-depth580-mstop30-run1.csv,1.2000,0.2000,no,above_50,4794,4789,15.5722,15.5722,12.4402,12.4402,1.1994,1.2006,0.7989,0.7989,0.0000
/Users/ole/Kodevik/wave_project/wavedata/20260307-ProbPos4_31_FPV_2-tett6roof/fullpanel-nowind-amp0100-freq1300-per40-depth580-mstop30-run4.csv,fullpanel-nowind-amp0100-freq1300-per40-depth580-mstop30-run4.csv,1.3000,0.1000,no,above_50,4420,3273,7.6033,7.6034,5.2096,5.2096,1.3007,1.2986,0.6852,0.6852,-0.0000
/Users/ole/Kodevik/wave_project/wavedata/20260307-ProbPos4_31_FPV_2-tett6roof/fullpanel-nowind-amp0200-freq1000-per40-depth580-mstop30-run1.csv,fullpanel-nowind-amp0200-freq1000-per40-depth580-mstop30-run1.csv,1.0000,0.2000,no,above_50,5756,5755,14.1165,14.1166,13.4081,13.4083,0.9991,0.9990,0.9498,0.9498,0.0000
/Users/ole/Kodevik/wave_project/wavedata/20260307-ProbPos4_31_FPV_2-tett6roof/fullpanel-fullwind-amp0100-freq1300-per40-depth580-mstop30-run2.csv,fullpanel-fullwind-amp0100-freq1300-per40-depth580-mstop30-run2.csv,1.3000,0.1000,full,above_50,4418,3272,8.1266,8.1268,5.1479,5.1479,1.3013,1.2988,0.6335,0.6335,-0.0000
/Users/ole/Kodevik/wave_project/wavedata/20260307-ProbPos4_31_FPV_2-tett6roof/fullpanel-nowind-amp0100-freq1300-per40-depth580-mstop30-run1.csv,fullpanel-nowind-amp0100-freq1300-per40-depth580-mstop30-run1.csv,1.3000,0.1000,no,above_50,4418,3275,7.2306,7.2307,4.7698,4.7699,1.3013,1.2973,0.6597,0.6597,0.0000
/Users/ole/Kodevik/wave_project/wavedata/20260307-ProbPos4_31_FPV_2-tett6roof/fullpanel-nowind-amp0100-freq1300-per40-depth580-mstop30-run3.csv,fullpanel-nowind-amp0100-freq1300-per40-depth580-mstop30-run3.csv,1.3000,0.1000,no,above_50,4422,3270,7.5550,7.5554,4.9964,4.9964,1.2999,1.2998,0.6613,0.6613,-0.0000
/Users/ole/Kodevik/wave_project/wavedata/20260307-ProbPos4_31_FPV_2-tett6roof/fullpanel-fullwind-amp0100-freq1300-per40-depth580-mstop30-run1.csv,fullpanel-fullwind-amp0100-freq1300-per40-depth580-mstop30-run1.csv,1.3000,0.1000,full,above_50,4416,3267,7.6365,7.6370,4.9368,4.9369,1.3016,1.3011,0.6465,0.6464,-0.0000
/Users/ole/Kodevik/wave_project/wavedata/20260307-ProbPos4_31_FPV_2-tett6roof/fullpanel-fullwind-amp0200-freq1000-per40-depth580-mstop30-run1.csv,fullpanel-fullwind-amp0200-freq1000-per40-depth580-mstop30-run1.csv,1.0000,0.2000,full,above_50,5743,5754,14.0634,14.0634,12.8000,12.8000,1.0013,0.9992,0.9102,0.9102,-0.0000
/Users/ole/Kodevik/wave_project/wavedata/20260307-ProbPos4_31_FPV_2-tett6roof/fullpanel-fullwind-amp0200-freq1300-per40-depth580-mstop90-run1.csv,fullpanel-fullwind-amp0200-freq1300-per40-depth580-mstop90-run1.csv,1.3000,0.2000,full,above_50,4442,3280,15.7326,15.7327,10.9592,10.9592,1.2943,1.2957,0.6966,0.6966,-0.0000
/Users/ole/Kodevik/wave_project/wavedata/20260307-ProbPos4_31_FPV_2-tett6roof/fullpanel-nowind-amp0100-freq1300-per40-depth580-mstop30-run2.csv,fullpanel-nowind-amp0100-freq1300-per40-depth580-mstop30-run2.csv,1.3000,0.1000,no,above_50,4421,3272,7.4201,7.4205,5.0256,5.0256,1.3002,1.2991,0.6773,0.6773,-0.0000
/Users/ole/Kodevik/wave_project/wavedata/20260312-ProbPos4_31_FPV_2-tett6roof/fullpanel-fullwind-amp0300-freq1700-per40-depth580-mstop30-run1.csv,fullpanel-fullwind-amp0300-freq1700-per40-depth580-mstop30-run1.csv,1.7000,0.3000,full,above_50,3316,3273,15.1394,17.2823,14.9607,14.9623,1.6902,1.6812,0.9882,0.8658,-0.1224
/Users/ole/Kodevik/wave_project/wavedata/20260312-ProbPos4_31_FPV_2-tett6roof/fullpanel-fullwind-amp0300-freq0600-per40-depth580-mstop30-run1.csv,fullpanel-fullwind-amp0300-freq0600-per40-depth580-mstop30-run1.csv,0.6000,0.3000,full,above_50,9719,9582,11.0421,11.1025,11.5696,11.5709,0.5940,0.5998,1.0478,1.0422,-0.0056
/Users/ole/Kodevik/wave_project/wavedata/20260312-ProbPos4_31_FPV_2-tett6roof/fullpanel-nowind-amp0300-freq1700-per40-depth580-mstop30-run1.csv,fullpanel-nowind-amp0300-freq1700-per40-depth580-mstop30-run1.csv,1.7000,0.3000,no,above_50,3292,3233,12.8707,13.7114,5.7788,5.7789,1.7002,1.7015,0.4490,0.4215,-0.0275
/Users/ole/Kodevik/wave_project/wavedata/20260312-ProbPos4_31_FPV_2-tett6roof/fullpanel-nowind-amp0300-freq0600-per40-depth580-mstop30-run1.csv,fullpanel-nowind-amp0300-freq0600-per40-depth580-mstop30-run1.csv,0.6000,0.3000,no,above_50,9581,9589,12.9601,12.9602,11.3345,11.3354,0.6001,0.5994,0.8746,0.8746,0.0001
/Users/ole/Kodevik/wave_project/wavedata/20260312-ProbPos4_31_FPV_2-tett6roof/fullpanel-fullwind-amp0300-freq0900-per40-depth580-mstop30-run1.csv,fullpanel-fullwind-amp0300-freq0900-per40-depth580-mstop30-run1.csv,0.9000,0.3000,full,above_50,6379,6394,19.5597,19.5598,18.7548,18.7549,0.9015,0.8992,0.9588,0.9588,0.0000
/Users/ole/Kodevik/wave_project/wavedata/20260312-ProbPos4_31_FPV_2-tett6roof/fullpanel-nowind-amp0300-freq1500-per40-depth580-mstop30-run1.csv,fullpanel-nowind-amp0300-freq1500-per40-depth580-mstop30-run1.csv,1.5000,0.3000,no,above_50,3004,2834,22.1420,22.1420,12.6725,12.6725,1.4980,1.4998,0.5723,0.5723,0.0000
/Users/ole/Kodevik/wave_project/wavedata/20260312-ProbPos4_31_FPV_2-tett6roof/fullpanel-fullwind-amp0300-freq1800-per40-depth580-mstop30-run1.csv,fullpanel-fullwind-amp0300-freq1800-per40-depth580-mstop30-run1.csv,1.8000,0.3000,full,above_50,3055,3071,15.8988,15.9371,14.8557,14.8560,1.8064,1.7913,0.9344,0.9322,-0.0022
/Users/ole/Kodevik/wave_project/wavedata/20260312-ProbPos4_31_FPV_2-tett6roof/fullpanel-nowind-amp0300-freq0900-per40-depth580-mstop30-run1.csv,fullpanel-nowind-amp0300-freq0900-per40-depth580-mstop30-run1.csv,0.9000,0.3000,no,above_50,6387,6390,19.8975,19.8975,18.9440,18.9440,0.9003,0.8998,0.9521,0.9521,-0.0000
/Users/ole/Kodevik/wave_project/wavedata/20260312-ProbPos4_31_FPV_2-tett6roof/fullpanel-nowind-amp0300-freq1800-per40-depth580-mstop30-run1.csv,fullpanel-nowind-amp0300-freq1800-per40-depth580-mstop30-run1.csv,1.8000,0.3000,no,above_50,3025,3044,14.9899,15.0747,3.5537,3.5555,1.8102,1.8048,0.2371,0.2359,-0.0012
/Users/ole/Kodevik/wave_project/wavedata/20260312-ProbPos4_31_FPV_2-tett6roof/fullpanel-fullwind-amp0300-freq1500-per40-depth580-mstop30-run1.csv,fullpanel-fullwind-amp0300-freq1500-per40-depth580-mstop30-run1.csv,1.5000,0.3000,full,above_50,3006,2676,24.4564,24.4570,16.5677,16.5686,1.4966,1.4955,0.6774,0.6775,0.0000
/Users/ole/Kodevik/wave_project/wavedata/20260312-ProbPos4_31_FPV_2-tett6roof/fullpanel-fullwind-amp0300-freq0700-per40-depth580-mstop30-run1.csv,fullpanel-fullwind-amp0300-freq0700-per40-depth580-mstop30-run1.csv,0.7000,0.3000,full,above_50,8044,8213,9.8140,10.8872,16.3298,16.3299,0.6975,0.7000,1.6639,1.4999,-0.1640
/Users/ole/Kodevik/wave_project/wavedata/20260312-ProbPos4_31_FPV_2-tett6roof/fullpanel-fullwind-amp0300-freq1600-per40-depth580-mstop30-run1.csv,fullpanel-fullwind-amp0300-freq1600-per40-depth580-mstop30-run1.csv,1.6000,0.3000,full,above_50,2516,2671,25.7104,25.7104,16.3878,16.3885,1.5898,1.5918,0.6374,0.6374,0.0000
/Users/ole/Kodevik/wave_project/wavedata/20260312-ProbPos4_31_FPV_2-tett6roof/fullpanel-nowind-amp0300-freq0700-per40-depth580-mstop30-run1.csv,fullpanel-nowind-amp0300-freq0700-per40-depth580-mstop30-run1.csv,0.7000,0.3000,no,above_50,8216,8212,15.9788,15.9791,16.1075,16.1077,0.7000,0.7001,1.0081,1.0080,-0.0000
/Users/ole/Kodevik/wave_project/wavedata/20260312-ProbPos4_31_FPV_2-tett6roof/fullpanel-nowind-amp0300-freq1600-per40-depth580-mstop30-run1.csv,fullpanel-nowind-amp0300-freq1600-per40-depth580-mstop30-run1.csv,1.6000,0.3000,no,above_50,2500,2653,21.4447,21.4447,10.0327,10.0327,1.6000,1.6022,0.4678,0.4678,0.0000
/Users/ole/Kodevik/wave_project/wavedata/20260312-ProbPos4_31_FPV_2-tett6roof/fullpanel-nowind-amp0300-freq2000-per40-depth580-mstop30-run1.csv,fullpanel-nowind-amp0300-freq2000-per40-depth580-mstop30-run1.csv,2.0000,0.3000,no,above_50,2725,2792,5.8436,5.9226,1.4400,1.5381,2.0387,2.0044,0.2464,0.2597,0.0133
/Users/ole/Kodevik/wave_project/wavedata/20260312-ProbPos4_31_FPV_2-tett6roof/fullpanel-fullwind-amp0300-freq1900-per40-depth580-mstop30-run1.csv,fullpanel-fullwind-amp0300-freq1900-per40-depth580-mstop30-run1.csv,1.9000,0.3000,full,above_50,2955,2898,10.6508,11.0126,11.8940,11.8946,1.8922,1.8973,1.1167,1.0801,-0.0366
/Users/ole/Kodevik/wave_project/wavedata/20260312-ProbPos4_31_FPV_2-tett6roof/fullpanel-nowind-amp0300-freq1400-per40-depth580-mstop30-run1.csv,fullpanel-nowind-amp0300-freq1400-per40-depth580-mstop30-run1.csv,1.4000,0.3000,no,above_50,3763,3041,20.2729,20.2731,14.8266,14.8275,1.3954,1.3969,0.7314,0.7314,0.0000
/Users/ole/Kodevik/wave_project/wavedata/20260312-ProbPos4_31_FPV_2-tett6roof/fullpanel-nowind-amp0300-freq0500-per40-depth580-mstop30-run1.csv,fullpanel-nowind-amp0300-freq0500-per40-depth580-mstop30-run1.csv,0.5000,0.3000,no,above_50,11508,11476,9.8229,9.8240,9.8889,9.8894,0.4994,0.5012,1.0067,1.0067,-0.0001
/Users/ole/Kodevik/wave_project/wavedata/20260312-ProbPos4_31_FPV_2-tett6roof/fullpanel-fullwind-amp0300-freq0800-per40-depth580-mstop30-run1.csv,fullpanel-fullwind-amp0300-freq0800-per40-depth580-mstop30-run1.csv,0.8000,0.3000,full,above_50,7189,7192,17.6338,17.6338,17.5118,17.5120,0.7999,0.7996,0.9931,0.9931,0.0000
/Users/ole/Kodevik/wave_project/wavedata/20260312-ProbPos4_31_FPV_2-tett6roof/fullpanel-fullwind-amp0300-freq1400-per40-depth580-mstop30-run1.csv,fullpanel-fullwind-amp0300-freq1400-per40-depth580-mstop30-run1.csv,1.4000,0.3000,full,above_50,3757,3047,23.7443,23.7443,16.8737,16.8737,1.3974,1.3949,0.7106,0.7106,-0.0000
/Users/ole/Kodevik/wave_project/wavedata/20260312-ProbPos4_31_FPV_2-tett6roof/fullpanel-nowind-amp0300-freq1900-per40-depth580-mstop30-run1.csv,fullpanel-nowind-amp0300-freq1900-per40-depth580-mstop30-run1.csv,1.9000,0.3000,no,above_50,2905,2899,7.3202,8.2057,2.0550,2.0558,1.9440,1.8990,0.2807,0.2505,-0.0302
/Users/ole/Kodevik/wave_project/wavedata/20260312-ProbPos4_31_FPV_2-tett6roof/fullpanel-nowind-amp0300-freq0800-per40-depth580-mstop30-run1.csv,fullpanel-nowind-amp0300-freq0800-per40-depth580-mstop30-run1.csv,0.8000,0.3000,no,above_50,7188,7183,17.5467,17.5467,16.9789,16.9789,0.8000,0.8005,0.9676,0.9676,-0.0000
/Users/ole/Kodevik/wave_project/wavedata/20260312-ProbPos4_31_FPV_2-tett6roof/fullpanel-fullwind-amp0300-freq2000-per40-depth580-mstop30-run1.csv,fullpanel-fullwind-amp0300-freq2000-per40-depth580-mstop30-run1.csv,2.0000,0.3000,full,above_50,2728,2708,5.2577,6.6913,4.7870,5.0128,1.9495,2.0024,0.9105,0.7491,-0.1613
/Users/ole/Kodevik/wave_project/wavedata/20260312-ProbPos4_31_FPV_2-tett6roof/fullpanel-fullwind-amp0300-freq1200-per40-depth580-mstop30-run1.csv,fullpanel-fullwind-amp0300-freq1200-per40-depth580-mstop30-run1.csv,1.2000,0.3000,full,above_50,4809,4799,23.3961,23.3961,19.0900,19.0900,1.1958,1.1982,0.8160,0.8159,-0.0000
/Users/ole/Kodevik/wave_project/wavedata/20260312-ProbPos4_31_FPV_2-tett6roof/fullpanel-nowind-amp0300-freq1200-per40-depth580-mstop30-run1.csv,fullpanel-nowind-amp0300-freq1200-per40-depth580-mstop30-run1.csv,1.2000,0.3000,no,above_50,4802,4788,22.4826,22.4834,19.0823,19.0824,1.1977,1.2008,0.8488,0.8487,-0.0000
/Users/ole/Kodevik/wave_project/wavedata/20260312-ProbPos4_31_FPV_2-tett6roof/fullpanel-nowind-amp0300-freq1000-per40-depth580-mstop30-run1.csv,fullpanel-nowind-amp0300-freq1000-per40-depth580-mstop30-run1.csv,1.0000,0.3000,no,above_50,5755,5753,21.1924,21.1925,20.2221,20.2223,0.9992,0.9993,0.9542,0.9542,0.0000
/Users/ole/Kodevik/wave_project/wavedata/20260312-ProbPos4_31_FPV_2-tett6roof/fullpanel-fullwind-amp0300-freq1000-per40-depth580-mstop30-run1.csv,fullpanel-fullwind-amp0300-freq1000-per40-depth580-mstop30-run1.csv,1.0000,0.3000,full,above_50,5754,5759,21.5311,21.5312,19.8839,19.8839,0.9994,0.9984,0.9235,0.9235,0.0000
/Users/ole/Kodevik/wave_project/wavedata/20260312-ProbPos4_31_FPV_2-tett6roof/fullpanel-fullwind-amp0300-freq1300-per40-depth580-mstop30-run1.csv,fullpanel-fullwind-amp0300-freq1300-per40-depth580-mstop30-run1.csv,1.3000,0.3000,full,above_50,4449,3281,22.6082,22.6085,17.5588,17.5588,1.2926,1.2954,0.7767,0.7766,-0.0000
/Users/ole/Kodevik/wave_project/wavedata/20260312-ProbPos4_31_FPV_2-tett6roof/fullpanel-fullwind-amp0300-freq1300-per40-depth580-mstop30-run2.csv,fullpanel-fullwind-amp0300-freq1300-per40-depth580-mstop30-run2.csv,1.3000,0.3000,full,above_50,4441,3284,23.1644,23.1646,17.7059,17.7059,1.2949,1.2942,0.7644,0.7644,-0.0000
/Users/ole/Kodevik/wave_project/wavedata/20260312-ProbPos4_31_FPV_2-tett6roof/fullpanel-nowind-amp0300-freq1300-per40-depth580-mstop30-run1.csv,fullpanel-nowind-amp0300-freq1300-per40-depth580-mstop30-run1.csv,1.3000,0.3000,no,above_50,4422,3269,22.2250,22.2250,17.4365,17.4366,1.3003,1.3000,0.7845,0.7845,0.0000
/Users/ole/Kodevik/wave_project/wavedata/20260312-ProbPos4_31_FPV_2-tett6roof/fullpanel-nowind-amp0300-freq1100-per40-depth580-mstop30-run1.csv,fullpanel-nowind-amp0300-freq1100-per40-depth580-mstop30-run1.csv,1.1000,0.3000,no,above_50,5229,5227,22.1761,22.1761,20.0512,20.0512,1.0997,1.1000,0.9042,0.9042,-0.0000
/Users/ole/Kodevik/wave_project/wavedata/20260312-ProbPos4_31_FPV_2-tett6roof/fullpanel-nowind-amp0100-freq1300-per40-depth580-mstop30-run1.csv,fullpanel-nowind-amp0100-freq1300-per40-depth580-mstop30-run1.csv,1.3000,0.1000,no,above_50,4421,3274,7.5111,7.5113,4.3436,4.3438,1.3003,1.2985,0.5783,0.5783,0.0000
/Users/ole/Kodevik/wave_project/wavedata/20260312-ProbPos4_31_FPV_2-tett6roof/fullpanel-fullwind-amp0300-freq1100-per40-depth580-mstop30-run1.csv,fullpanel-fullwind-amp0300-freq1100-per40-depth580-mstop30-run1.csv,1.1000,0.3000,full,above_50,5239,5231,23.4027,23.4027,19.7810,19.7810,1.0975,1.0992,0.8452,0.8452,-0.0000
/Users/ole/Kodevik/wave_project/wavedata/20260313-ProbePos4_31_FPV_2-tett6roof/fullpanel-nowind-amp0300-freq1700-per240-depth580-mstop30-run1.csv,fullpanel-nowind-amp0300-freq1700-per240-depth580-mstop30-run1.csv,1.7000,0.3000,no,above_50,29722,29720,20.5205,20.5205,5.6998,5.6998,1.6991,1.6992,0.2778,0.2778,0.0000
/Users/ole/Kodevik/wave_project/wavedata/20260313-ProbePos4_31_FPV_2-tett6roof/fullpanel-nowind-amp0200-freq1300-per240-depth580-mstop30-run1.csv,fullpanel-nowind-amp0200-freq1300-per240-depth580-mstop30-run1.csv,1.3000,0.2000,no,above_50,4424,3268,15.4037,15.4037,11.4050,11.4052,1.2997,1.3008,0.7404,0.7404,0.0000
/Users/ole/Kodevik/wave_project/wavedata/20260313-ProbePos4_31_FPV_2-tett6roof/fullpanel-nowind-amp0100-freq1400-per240-depth580-mstop30-run1.csv,fullpanel-nowind-amp0100-freq1400-per240-depth580-mstop30-run1.csv,1.4000,0.1000,no,above_50,3573,3031,7.7803,7.7803,4.3919,4.3920,1.3993,1.4018,0.5645,0.5645,0.0000
/Users/ole/Kodevik/wave_project/wavedata/20260313-ProbePos4_31_FPV_2-tett6roof/fullpanel-nowind-amp0100-freq1900-per240-depth580-mstop30-run1.csv,fullpanel-nowind-amp0100-freq1900-per240-depth580-mstop30-run1.csv,1.9000,0.1000,no,above_50,26710,26621,6.9309,6.9309,0.8888,0.8945,1.9000,1.8980,0.1282,0.1291,0.0008
/Users/ole/Kodevik/wave_project/wavedata/20260313-ProbePos4_31_FPV_2-tett6roof/fullpanel-nowind-amp0200-freq1500-per240-depth580-mstop30-run1.csv,fullpanel-nowind-amp0200-freq1500-per240-depth580-mstop30-run1.csv,1.5000,0.2000,no,above_50,3006,2832,15.0285,15.0286,8.6607,8.6610,1.4972,1.5012,0.5763,0.5763,0.0000
/Users/ole/Kodevik/wave_project/wavedata/20260313-ProbePos4_31_FPV_2-tett6roof/fullpanel-nowind-amp0300-freq1100-per240-depth580-mstop30-run1.csv,fullpanel-nowind-amp0300-freq1100-per240-depth580-mstop30-run1.csv,1.1000,0.3000,no,above_50,46141,46141,21.4615,21.4616,19.9163,19.9164,1.0999,1.0999,0.9280,0.9280,0.0000
/Users/ole/Kodevik/wave_project/wavedata/20260313-ProbePos4_31_FPV_2-tett6roof/fullpanel-nowind-amp0200-freq0700-per240-depth580-mstop30-run1.csv,fullpanel-nowind-amp0200-freq0700-per240-depth580-mstop30-run1.csv,0.7000,0.2000,no,above_50,55719,55352,11.8270,11.8272,12.2429,12.2431,0.7000,0.7000,1.0352,1.0352,-0.0000
/Users/ole/Kodevik/wave_project/wavedata/20260313-ProbePos4_31_FPV_2-tett6roof/fullpanel-nowind-amp0100-freq1500-per240-depth580-mstop30-run2.csv,fullpanel-nowind-amp0100-freq1500-per240-depth580-mstop30-run2.csv,1.5000,0.1000,no,above_50,3166,2829,8.0218,8.0218,3.3624,3.3625,1.5003,1.5018,0.4192,0.4192,0.0000
/Users/ole/Kodevik/wave_project/wavedata/20260313-ProbePos4_31_FPV_2-tett6roof/fullpanel-nowind-amp0200-freq1200-per240-depth580-mstop30-run1.csv,fullpanel-nowind-amp0200-freq1200-per240-depth580-mstop30-run1.csv,1.2000,0.2000,no,above_50,42290,42294,15.1612,15.1613,13.2542,13.2542,1.2001,1.1999,0.8742,0.8742,-0.0000
/Users/ole/Kodevik/wave_project/wavedata/20260313-ProbePos4_31_FPV_2-tett6roof/fullpanel-nowind-amp0100-freq0800-per11-depth580-mstop30-run1.csv,fullpanel-nowind-amp0100-freq0800-per11-depth580-mstop30-run1.csv,0.8000,0.1000,no,above_50,1523,1478,13.8631,13.9924,9.7807,9.9185,0.8028,0.8224,0.7055,0.7088,0.0033
/Users/ole/Kodevik/wave_project/wavedata/20260313-ProbePos4_31_FPV_2-tett6roof/fullpanel-nowind-amp0100-freq1500-per240-depth580-mstop30-run1.csv,fullpanel-nowind-amp0100-freq1500-per240-depth580-mstop30-run1.csv,1.5000,0.1000,no,above_50,3169,2829,8.1402,8.1403,3.0444,3.0446,1.4991,1.5017,0.3740,0.3740,0.0000
/Users/ole/Kodevik/wave_project/wavedata/20260313-ProbePos4_31_FPV_2-tett6roof/fullpanel-nowind-amp0100-freq1300-per240-depth580-mstop30-run1.csv,fullpanel-nowind-amp0100-freq1300-per240-depth580-mstop30-run1.csv,1.3000,0.1000,no,above_50,4422,3266,7.5011,7.5011,4.6751,4.6753,1.3002,1.3008,0.6233,0.6233,0.0000
/Users/ole/Kodevik/wave_project/wavedata/20260313-ProbePos4_31_FPV_2-tett6roof/fullpanel-nowind-amp0300-freq0900-per240-depth580-mstop30-run1.csv,fullpanel-nowind-amp0300-freq0900-per240-depth580-mstop30-run1.csv,0.9000,0.3000,no,above_50,56391,56393,20.3585,20.3586,18.8451,18.8451,0.9000,0.8999,0.9257,0.9257,-0.0000
/Users/ole/Kodevik/wave_project/wavedata/20260313-ProbePos4_31_FPV_2-tett6roof/fullpanel-nowind-amp0200-freq1400-per240-depth580-mstop30-run1.csv,fullpanel-nowind-amp0200-freq1400-per240-depth580-mstop30-run1.csv,1.4000,0.2000,no,above_50,3753,3037,14.8510,14.8510,10.5572,10.5572,1.3989,1.3994,0.7109,0.7109,0.0000
/Users/ole/Kodevik/wave_project/wavedata/20260313-ProbePos4_31_FPV_2-tett6roof/fullpanel-nowind-amp0100-freq1300-per240-depth580-mstop30-run2.csv,fullpanel-nowind-amp0100-freq1300-per240-depth580-mstop30-run2.csv,1.3000,0.1000,no,above_50,4421,3265,7.6517,7.6518,5.1015,5.1017,1.3005,1.3013,0.6667,0.6667,0.0000
/Users/ole/Kodevik/wave_project/wavedata/20260313-ProbePos4_31_FPV_2-tett6roof/fullpanel-nowind-amp0300-freq1000-per240-depth580-mstop30-run1.csv,fullpanel-nowind-amp0300-freq1000-per240-depth580-mstop30-run1.csv,1.0000,0.3000,no,above_50,50753,50754,21.1288,21.1288,19.8876,19.8876,0.9999,0.9999,0.9413,0.9413,0.0000
/Users/ole/Kodevik/wave_project/wavedata/20260313-ProbePos4_31_FPV_2-tett6roof/fullpanel-nowind-amp0200-freq0800-per240-depth580-mstop30-run1.csv,fullpanel-nowind-amp0200-freq0800-per240-depth580-mstop30-run1.csv,0.8000,0.2000,no,above_50,55621,54681,11.5493,11.5493,11.6043,11.6043,0.8001,0.8001,1.0048,1.0048,0.0000
/Users/ole/Kodevik/wave_project/wavedata/20260313-ProbePos4_31_FPV_2-tett6roof/fullpanel-nowind-amp0300-freq1500-per240-depth580-mstop30-run1.csv,fullpanel-nowind-amp0300-freq1500-per240-depth580-mstop30-run1.csv,1.5000,0.3000,no,above_50,3015,2833,21.3728,21.3731,12.3056,12.3056,1.4923,1.5001,0.5758,0.5758,-0.0000
/Users/ole/Kodevik/wave_project/wavedata/20260313-ProbePos4_31_FPV_2-tett6roof/fullpanel-nowind-amp0200-freq1100-per240-depth580-mstop30-run1.csv,fullpanel-nowind-amp0200-freq1100-per240-depth580-mstop30-run1.csv,1.1000,0.2000,no,above_50,46136,46137,14.4713,14.4713,13.5884,13.5885,1.1000,1.1000,0.9390,0.9390,0.0000
/Users/ole/Kodevik/wave_project/wavedata/20260313-ProbePos4_31_FPV_2-tett6roof/fullpanel-nowind-amp0100-freq0900-per240-depth580-mstop30-run1.csv,fullpanel-nowind-amp0100-freq0900-per240-depth580-mstop30-run1.csv,0.9000,0.1000,no,above_50,56386,56391,6.9644,6.9645,6.1551,6.1551,0.9000,0.9000,0.8838,0.8838,-0.0000
/Users/ole/Kodevik/wave_project/wavedata/20260313-ProbePos4_31_FPV_2-tett6roof/fullpanel-nowind-amp0100-freq1000-per240-depth580-mstop30-run1.csv,fullpanel-nowind-amp0100-freq1000-per240-depth580-mstop30-run1.csv,1.0000,0.1000,no,above_50,50757,50757,7.5351,7.5351,6.6170,6.6170,0.9999,0.9999,0.8782,0.8782,-0.0000
/Users/ole/Kodevik/wave_project/wavedata/20260313-ProbePos4_31_FPV_2-tett6roof/fullpanel-nowind-amp0200-freq1700-per240-depth580-mstop30-run1.csv,fullpanel-nowind-amp0200-freq1700-per240-depth580-mstop30-run1.csv,1.7000,0.2000,no,above_50,29715,29719,14.3965,14.3966,4.6536,4.6536,1.6995,1.6992,0.3232,0.3232,0.0000
/Users/ole/Kodevik/wave_project/wavedata/20260313-ProbePos4_31_FPV_2-tett6roof/fullpanel-nowind-amp0300-freq1300-per240-depth580-mstop30-run1.csv,fullpanel-nowind-amp0300-freq1300-per240-depth580-mstop30-run1.csv,1.3000,0.3000,no,above_50,4619,3268,22.7166,22.7166,17.0337,17.0337,1.2990,1.3006,0.7498,0.7498,0.0000
/Users/ole/Kodevik/wave_project/wavedata/20260313-ProbePos4_31_FPV_2-tett6roof/fullpanel-nowind-amp0300-freq1800-per240-depth580-mstop30-run1.csv,fullpanel-nowind-amp0300-freq1800-per240-depth580-mstop30-run1.csv,1.8000,0.3000,no,above_50,28111,28061,17.1489,17.1551,4.8412,4.8421,1.7963,1.7995,0.2823,0.2823,-0.0001
/Users/ole/Kodevik/wave_project/wavedata/20260313-ProbePos4_31_FPV_2-tett6roof/fullpanel-nowind-amp0200-freq0900-per240-depth580-mstop30-run1.csv,fullpanel-nowind-amp0200-freq0900-per240-depth580-mstop30-run1.csv,0.9000,0.2000,no,above_50,55275,54169,13.9355,13.9356,12.6740,12.6740,0.9000,0.9000,0.9095,0.9095,-0.0000
/Users/ole/Kodevik/wave_project/wavedata/20260313-ProbePos4_31_FPV_2-tett6roof/fullpanel-nowind-amp0300-freq1400-per240-depth580-mstop30-run1.csv,fullpanel-nowind-amp0300-freq1400-per240-depth580-mstop30-run1.csv,1.4000,0.3000,no,above_50,3747,3039,20.5794,20.5794,14.7351,14.7351,1.4011,1.3985,0.7160,0.7160,-0.0000
/Users/ole/Kodevik/wave_project/wavedata/20260313-ProbePos4_31_FPV_2-tett6roof/fullpanel-nowind-amp0200-freq1000-per240-depth580-mstop30-run1.csv,fullpanel-nowind-amp0200-freq1000-per240-depth580-mstop30-run1.csv,1.0000,0.2000,no,above_50,50758,50756,14.2368,14.2368,13.2351,13.2351,0.9998,0.9999,0.9296,0.9296,-0.0000
/Users/ole/Kodevik/wave_project/wavedata/20260313-ProbePos4_31_FPV_2-tett6roof/fullpanel-nowind-amp0100-freq1700-per240-depth580-mstop30-run1.csv,fullpanel-nowind-amp0100-freq1700-per240-depth580-mstop30-run1.csv,1.7000,0.1000,no,above_50,29709,29699,7.1224,7.1224,1.6299,1.6299,1.6998,1.7004,0.2288,0.2288,0.0000
/Users/ole/Kodevik/wave_project/wavedata/20260313-ProbePos4_31_FPV_2-tett6roof/fullpanel-nowind-amp0100-freq0500-per240-depth580-mstop30-run1.csv,fullpanel-nowind-amp0100-freq0500-per240-depth580-mstop30-run1.csv,0.5000,0.1000,no,above_50,101510,101466,3.0237,3.0237,2.7953,2.7953,0.4999,0.5002,0.9244,0.9244,0.0000
/Users/ole/Kodevik/wave_project/wavedata/20260313-ProbePos4_31_FPV_2-tett6roof/fullpanel-nowind-amp0100-freq0800-per240-depth580-mstop30-run1.csv,fullpanel-nowind-amp0100-freq0800-per240-depth580-mstop30-run1.csv,0.8000,0.1000,no,above_50,63432,63432,5.9603,5.9603,6.2701,6.2702,0.8001,0.8001,1.0520,1.0520,0.0000
/Users/ole/Kodevik/wave_project/wavedata/20260313-ProbePos4_31_FPV_2-tett6roof/fullpanel-nowind-amp0200-freq1600-per240-depth580-mstop30-run1.csv,fullpanel-nowind-amp0200-freq1600-per240-depth580-mstop30-run1.csv,1.6000,0.2000,no,above_50,2498,2655,13.9292,13.9299,6.6405,6.6406,1.6020,1.6011,0.4767,0.4767,-0.0000
/Users/ole/Kodevik/wave_project/wavedata/20260313-ProbePos4_31_FPV_2-tett6roof/fullpanel-nowind-amp0300-freq1200-per240-depth580-mstop30-run1.csv,fullpanel-nowind-amp0300-freq1200-per240-depth580-mstop30-run1.csv,1.2000,0.3000,no,above_50,42299,42297,22.5480,22.5481,19.1339,19.1340,1.1998,1.1999,0.8486,0.8486,0.0000
/Users/ole/Kodevik/wave_project/wavedata/20260314-ProbePos4_31_FPV_2-tett6roof/fullpanel-fullwind-amp0100-freq1200-per240-depth580-mstop30-run1.csv,fullpanel-fullwind-amp0100-freq1200-per240-depth580-mstop30-run1.csv,1.2000,0.1000,full,above_50,42286,42292,7.9551,7.9551,5.8305,5.8305,1.2001,1.2000,0.7329,0.7329,-0.0000
/Users/ole/Kodevik/wave_project/wavedata/20260314-ProbePos4_31_FPV_2-tett6roof/fullpanel-fullwind-amp0300-freq0800-per240-depth580-mstop30-run1.csv,fullpanel-fullwind-amp0300-freq0800-per240-depth580-mstop30-run1.csv,0.8000,0.3000,full,above_50,63445,63437,17.8420,17.8420,18.2138,18.2138,0.7999,0.8000,1.0208,1.0208,-0.0000
/Users/ole/Kodevik/wave_project/wavedata/20260314-ProbePos4_31_FPV_2-tett6roof/fullpanel-fullwind-amp0200-freq1500-per240-depth580-mstop30-run1.csv,fullpanel-fullwind-amp0200-freq1500-per240-depth580-mstop30-run1.csv,1.5000,0.2000,full,above_50,3003,2842,14.5238,14.5253,8.7733,8.7734,1.4976,1.4957,0.6041,0.6040,-0.0001
/Users/ole/Kodevik/wave_project/wavedata/20260314-ProbePos4_31_FPV_2-tett6roof/fullpanel-fullwind-amp0200-freq0700-per240-depth580-mstop30-run1.csv,fullpanel-fullwind-amp0200-freq0700-per240-depth580-mstop30-run1.csv,0.7000,0.2000,full,above_50,72525,72503,11.1000,11.1003,12.1257,12.1258,0.6998,0.7000,1.0924,1.0924,-0.0000
/Users/ole/Kodevik/wave_project/wavedata/20260314-ProbePos4_31_FPV_2-tett6roof/fullpanel-fullwind-amp0300-freq1100-per240-depth580-mstop30-run1.csv,fullpanel-fullwind-amp0300-freq1100-per240-depth580-mstop30-run1.csv,1.1000,0.3000,full,above_50,46138,46141,23.4042,23.4042,19.9779,19.9779,1.1000,1.0999,0.8536,0.8536,-0.0000
/Users/ole/Kodevik/wave_project/wavedata/20260314-ProbePos4_31_FPV_2-tett6roof/fullpanel-fullwind-amp0300-freq1700-per240-depth580-mstop30-run1.csv,fullpanel-fullwind-amp0300-freq1700-per240-depth580-mstop30-run1.csv,1.7000,0.3000,full,above_50,29714,29714,22.7223,22.7287,13.0185,13.0187,1.6997,1.6995,0.5729,0.5728,-0.0001
/Users/ole/Kodevik/wave_project/wavedata/20260314-ProbePos4_31_FPV_2-tett6roof/fullpanel-fullwind-amp0200-freq1300-per240-depth580-mstop30-run1.csv,fullpanel-fullwind-amp0200-freq1300-per240-depth580-mstop30-run1.csv,1.3000,0.2000,full,above_50,4631,3276,15.7980,15.7982,11.2592,11.2599,1.2954,1.2967,0.7127,0.7127,0.0000
/Users/ole/Kodevik/wave_project/wavedata/20260314-ProbePos4_31_FPV_2-tett6roof/fullpanel-fullwind-amp0200-freq1800-per240-depth580-mstop30-run1.csv,fullpanel-fullwind-amp0200-freq1800-per240-depth580-mstop30-run1.csv,1.8000,0.2000,full,above_50,28057,28097,16.4617,16.4632,4.1119,4.1208,1.7998,1.7978,0.2498,0.2503,0.0005
/Users/ole/Kodevik/wave_project/wavedata/20260314-ProbePos4_31_FPV_2-tett6roof/fullpanel-nowind-amp0100-freq1200-per240-depth580-mstop30-run1.csv,fullpanel-nowind-amp0100-freq1200-per240-depth580-mstop30-run1.csv,1.2000,0.1000,no,above_50,42291,42289,7.5712,7.5712,5.7367,5.7368,1.2000,1.2001,0.7577,0.7577,0.0000
/Users/ole/Kodevik/wave_project/wavedata/20260314-ProbePos4_31_FPV_2-tett6roof/fullpanel-fullwind-amp0200-freq1800-per240-depth580-mstop30-run2.csv,fullpanel-fullwind-amp0200-freq1800-per240-depth580-mstop30-run2.csv,1.8000,0.2000,full,above_50,28060,28101,16.9033,16.9044,4.3955,4.4112,1.7998,1.7977,0.2600,0.2610,0.0009
/Users/ole/Kodevik/wave_project/wavedata/20260314-ProbePos4_31_FPV_2-tett6roof/fullpanel-fullwind-amp0100-freq1300-per240-depth580-mstop30-run1.csv,fullpanel-fullwind-amp0100-freq1300-per240-depth580-mstop30-run1.csv,1.3000,0.1000,full,above_50,4521,3268,5.2082,5.4706,5.4465,5.4465,1.3076,1.3006,1.0457,0.9956,-0.0501
/Users/ole/Kodevik/wave_project/wavedata/20260314-ProbePos4_31_FPV_2-tett6roof/fullpanel-fullwind-amp0300-freq0900-per240-depth580-mstop30-run1.csv,fullpanel-fullwind-amp0300-freq0900-per240-depth580-mstop30-run1.csv,0.9000,0.3000,full,above_50,56393,56392,19.8083,19.8083,18.6257,18.6257,0.8999,0.8999,0.9403,0.9403,0.0000
/Users/ole/Kodevik/wave_project/wavedata/20260314-ProbePos4_31_FPV_2-tett6roof/fullpanel-fullwind-amp0200-freq1400-per240-depth580-mstop30-run1.csv,fullpanel-fullwind-amp0200-freq1400-per240-depth580-mstop30-run1.csv,1.4000,0.2000,full,above_50,3772,3043,16.1472,16.1510,9.5319,9.5320,1.3929,1.3965,0.5903,0.5902,-0.0001
/Users/ole/Kodevik/wave_project/wavedata/20260314-ProbePos4_31_FPV_2-tett6roof/fullpanel-fullwind-amp0200-freq0600-per240-depth580-mstop30-run1.csv,fullpanel-fullwind-amp0200-freq0600-per240-depth580-mstop30-run1.csv,0.6000,0.2000,full,above_50,84801,84582,5.8242,6.1454,7.0389,7.0389,0.6003,0.6000,1.2086,1.1454,-0.0632
/Users/ole/Kodevik/wave_project/wavedata/20260314-ProbePos4_31_FPV_2-tett6roof/fullpanel-fullwind-amp0300-freq1000-per240-depth580-mstop30-run1.csv,fullpanel-fullwind-amp0300-freq1000-per240-depth580-mstop30-run1.csv,1.0000,0.3000,full,above_50,50750,50755,21.7132,21.7132,20.0849,20.0849,1.0000,0.9999,0.9250,0.9250,-0.0000
/Users/ole/Kodevik/wave_project/wavedata/20260314-ProbePos4_31_FPV_2-tett6roof/fullpanel-fullwind-amp0300-freq1600-per240-depth580-mstop30-run1.csv,fullpanel-fullwind-amp0300-freq1600-per240-depth580-mstop30-run1.csv,1.6000,0.3000,full,above_50,2515,2669,26.0007,26.0016,15.4465,15.4472,1.5910,1.5930,0.5941,0.5941,0.0000
/Users/ole/Kodevik/wave_project/wavedata/20260314-ProbePos4_31_FPV_2-tett6roof/fullpanel-fullwind-amp0200-freq1200-per240-depth580-mstop30-run1.csv,fullpanel-fullwind-amp0200-freq1200-per240-depth580-mstop30-run1.csv,1.2000,0.2000,full,above_50,42312,42307,15.8660,15.8661,11.7782,11.7783,1.1994,1.1996,0.7424,0.7424,-0.0000
/Users/ole/Kodevik/wave_project/wavedata/20260314-ProbePos4_31_FPV_2-tett6roof/fullpanel-nowind-amp0100-freq1300-per240-depth580-mstop30-run1.csv,fullpanel-nowind-amp0100-freq1300-per240-depth580-mstop30-run1.csv,1.3000,0.1000,no,above_50,4420,3265,7.6439,7.6440,4.7650,4.7650,1.3007,1.3014,0.6234,0.6234,0.0000
/Users/ole/Kodevik/wave_project/wavedata/20260314-ProbePos4_31_FPV_2-tett6roof/fullpanel-fullwind-amp0200-freq1900-per240-depth580-mstop30-run1.csv,fullpanel-fullwind-amp0200-freq1900-per240-depth580-mstop30-run1.csv,1.9000,0.2000,full,above_50,26601,26625,18.7734,18.7778,3.6417,3.6433,1.8986,1.8964,0.1940,0.1940,0.0000
/Users/ole/Kodevik/wave_project/wavedata/20260314-ProbePos4_31_FPV_2-tett6roof/fullpanel-fullwind-amp0200-freq1700-per240-depth580-mstop30-run1.csv,fullpanel-fullwind-amp0200-freq1700-per240-depth580-mstop30-run1.csv,1.7000,0.2000,full,above_50,29725,29739,18.6593,18.6593,5.5308,5.5316,1.6989,1.6982,0.2964,0.2965,0.0000
/Users/ole/Kodevik/wave_project/wavedata/20260314-ProbePos4_31_FPV_2-tett6roof/fullpanel-fullwind-amp0200-freq0500-per240-depth580-mstop30-run1.csv,fullpanel-fullwind-amp0200-freq0500-per240-depth580-mstop30-run1.csv,0.5000,0.2000,full,above_50,101480,101467,6.1525,6.1525,6.3074,6.3074,0.5001,0.5002,1.0252,1.0252,-0.0000
/Users/ole/Kodevik/wave_project/wavedata/20260314-ProbePos4_31_FPV_2-tett6roof/fullpanel-fullwind-amp0300-freq1300-per240-depth580-mstop30-run1.csv,fullpanel-fullwind-amp0300-freq1300-per240-depth580-mstop30-run1.csv,1.3000,0.3000,full,above_50,4428,3277,22.6183,22.6185,17.0832,17.0832,1.2988,1.2969,0.7553,0.7553,-0.0000
/Users/ole/Kodevik/wave_project/wavedata/20260314-ProbePos4_31_FPV_2-tett6roof/fullpanel-fullwind-amp0300-freq1800-per240-depth580-mstop30-run1.csv,fullpanel-fullwind-amp0300-freq1800-per240-depth580-mstop30-run1.csv,1.8000,0.3000,full,above_50,28077,28080,22.2565,22.2663,11.9746,11.9839,1.7988,1.7987,0.5380,0.5382,0.0002
/Users/ole/Kodevik/wave_project/wavedata/20260314-ProbePos4_31_FPV_2-tett6roof/fullpanel-fullwind-amp0200-freq0800-per240-depth580-mstop30-run1.csv,fullpanel-fullwind-amp0200-freq0800-per240-depth580-mstop30-run1.csv,0.8000,0.2000,full,above_50,63286,63431,7.9448,8.4120,12.2036,12.2037,0.8003,0.8001,1.5360,1.4508,-0.0853
/Users/ole/Kodevik/wave_project/wavedata/20260314-ProbePos4_31_FPV_2-tett6roof/fullpanel-fullwind-amp0300-freq1500-per240-depth580-mstop30-run1.csv,fullpanel-fullwind-amp0300-freq1500-per240-depth580-mstop30-run1.csv,1.5000,0.3000,full,above_50,3006,2674,24.9077,24.9078,16.6556,16.6563,1.4968,1.4965,0.6687,0.6687,0.0000
/Users/ole/Kodevik/wave_project/wavedata/20260314-ProbePos4_31_FPV_2-tett6roof/fullpanel-fullwind-amp0200-freq1100-per240-depth580-mstop30-run1.csv,fullpanel-fullwind-amp0200-freq1100-per240-depth580-mstop30-run1.csv,1.1000,0.2000,full,above_50,46131,46142,14.9199,14.9199,12.7661,12.7661,1.1001,1.0999,0.8556,0.8556,-0.0000
/Users/ole/Kodevik/wave_project/wavedata/20260314-ProbePos4_31_FPV_2-tett6roof/fullpanel-fullwind-amp0300-freq0700-per240-depth580-mstop30-run1.csv,fullpanel-fullwind-amp0300-freq0700-per240-depth580-mstop30-run1.csv,0.7000,0.3000,full,above_50,72523,72499,16.6059,16.6064,17.5836,17.5837,0.6998,0.7000,1.0589,1.0589,-0.0000
/Users/ole/Kodevik/wave_project/wavedata/20260314-ProbePos4_31_FPV_2-tett6roof/fullpanel-nowind-amp0300-freq1800-per240-depth580-mstop30-run1.csv,fullpanel-nowind-amp0300-freq1800-per240-depth580-mstop30-run1.csv,1.8000,0.3000,no,above_50,28092,28061,20.5981,20.6039,6.2597,6.2631,1.7978,1.7994,0.3039,0.3040,0.0001
/Users/ole/Kodevik/wave_project/wavedata/20260314-ProbePos4_31_FPV_2-tett6roof/fullpanel-fullwind-amp0200-freq1600-per240-depth580-mstop30-run1.csv,fullpanel-fullwind-amp0200-freq1600-per240-depth580-mstop30-run1.csv,1.6000,0.2000,full,above_50,2511,2666,19.9105,19.9105,7.3818,7.3818,1.5931,1.5943,0.3707,0.3707,0.0000
/Users/ole/Kodevik/wave_project/wavedata/20260314-ProbePos4_31_FPV_2-tett6roof/fullpanel-fullwind-amp0300-freq1200-per240-depth580-mstop30-run1.csv,fullpanel-fullwind-amp0300-freq1200-per240-depth580-mstop30-run1.csv,1.2000,0.3000,full,above_50,42307,42300,24.7119,24.7120,18.4238,18.4239,1.1996,1.1998,0.7455,0.7455,-0.0000
/Users/ole/Kodevik/wave_project/wavedata/20260314-ProbePos4_31_FPV_2-tett6roof/fullpanel-fullwind-amp0300-freq1900-per240-depth580-mstop30-run1.csv,fullpanel-fullwind-amp0300-freq1900-per240-depth580-mstop30-run1.csv,1.9000,0.3000,full,above_50,26702,26715,24.5458,24.5459,9.3641,9.3692,1.9006,1.8994,0.3815,0.3817,0.0002
/Users/ole/Kodevik/wave_project/wavedata/20260314-ProbePos4_31_FPV_2-tett6roof/fullpanel-fullwind-amp0200-freq0900-per240-depth580-mstop30-run1.csv,fullpanel-fullwind-amp0200-freq0900-per240-depth580-mstop30-run1.csv,0.9000,0.2000,full,above_50,56416,56390,12.9012,12.9013,11.7462,11.7462,0.8996,0.9000,0.9105,0.9105,-0.0000
/Users/ole/Kodevik/wave_project/wavedata/20260314-ProbePos4_31_FPV_2-tett6roof/fullpanel-fullwind-amp0300-freq1400-per240-depth580-mstop30-run1.csv,fullpanel-fullwind-amp0300-freq1400-per240-depth580-mstop30-run1.csv,1.4000,0.3000,full,above_50,3758,2863,24.8260,24.8274,17.1022,17.1022,1.3965,1.3972,0.6889,0.6888,-0.0000
/Users/ole/Kodevik/wave_project/wavedata/20260314-ProbePos4_31_FPV_2-tett6roof/fullpanel-fullwind-amp0200-freq1000-per240-depth580-mstop30-run1.csv,fullpanel-fullwind-amp0200-freq1000-per240-depth580-mstop30-run1.csv,1.0000,0.2000,full,above_50,50744,50751,14.1564,14.1564,12.8845,12.8845,1.0001,1.0000,0.9102,0.9102,0.0000
/Users/ole/Kodevik/wave_project/wavedata/20260314-ProbePos4_31_FPV_2-tett6roof/fullpanel-fullwind-amp0300-freq0600-per240-depth580-mstop30-run1.csv,fullpanel-fullwind-amp0300-freq0600-per240-depth580-mstop30-run1.csv,0.6000,0.3000,full,above_50,84747,84576,10.0439,10.2001,11.1191,11.1192,0.5993,0.6001,1.1070,1.0901,-0.0169
/Users/ole/Kodevik/wave_project/wavedata/20260316-ProbePos4_31_FPV_2-tett6roof/fullpanel-nowind-amp0100-freq1600-per240-depth580-mstop30-run1.csv,fullpanel-nowind-amp0100-freq1600-per240-depth580-mstop30-run1.csv,1.6000,0.1000,no,above_50,2499,2652,8.3578,8.3580,2.3580,2.3580,1.6011,1.6023,0.2821,0.2821,-0.0000
/Users/ole/Kodevik/wave_project/wavedata/20260316-ProbePos4_31_FPV_2-tett6roof/fullpanel-nowind-amp0200-freq1600-per240-depth580-mstop30-run1.csv,fullpanel-nowind-amp0200-freq1600-per240-depth580-mstop30-run1.csv,1.6000,0.2000,no,above_50,2501,2649,15.1122,15.1122,6.7725,6.7734,1.5994,1.6033,0.4481,0.4482,0.0001
/Users/ole/Kodevik/wave_project/wavedata/20260316-ProbePos4_31_FPV_2-tett6roof-under9Mooring/fullpanel-nowind-amp0300-freq1000-per40-depth580-mstop30-run1.csv,fullpanel-nowind-amp0300-freq1000-per40-depth580-mstop30-run1.csv,1.0000,0.3000,no,below_90_loose230,5755,5753,21.1877,21.1877,19.7371,19.7373,0.9991,0.9994,0.9315,0.9315,0.0000
/Users/ole/Kodevik/wave_project/wavedata/20260316-ProbePos4_31_FPV_2-tett6roof-under9Mooring/fullpanel-nowind-amp0100-freq1300-per40-depth580-mstop30-run1.csv,fullpanel-nowind-amp0100-freq1300-per40-depth580-mstop30-run1.csv,1.3000,0.1000,no,below_90_loose230,4420,3269,7.3533,7.3535,4.9662,4.9663,1.3006,1.3003,0.6754,0.6754,-0.0000
/Users/ole/Kodevik/wave_project/wavedata/20260319-ProbePos4_31_FPV_2-tett6roof-under9Mooring/fullpanel-nowind-amp0100-freq1400-per240-depth580-mstop30-run1.csv,fullpanel-nowind-amp0100-freq1400-per240-depth580-mstop30-run1.csv,1.4000,0.1000,no,below_90_loose230,3752,3034,7.9854,7.9854,4.2012,4.2012,1.3992,1.4009,0.5261,0.5261,0.0000
/Users/ole/Kodevik/wave_project/wavedata/20260319-ProbePos4_31_FPV_2-tett6roof-under9Mooring/fullpanel-fullwind-amp0100-freq1400-per240-depth580-mstop30-run2.csv,fullpanel-fullwind-amp0100-freq1400-per240-depth580-mstop30-run2.csv,1.4000,0.1000,full,below_90_loose230,3746,3035,8.3374,8.3374,5.7274,5.7274,1.4015,1.4000,0.6870,0.6870,0.0000
/Users/ole/Kodevik/wave_project/wavedata/20260319-ProbePos4_31_FPV_2-tett6roof-under9Mooring/fullpanel-fullwind-amp0100-freq1400-per240-depth580-mstop30-run1.csv,fullpanel-fullwind-amp0100-freq1400-per240-depth580-mstop30-run1.csv,1.4000,0.1000,full,below_90_loose230,3741,3039,7.5592,7.5599,5.7255,5.7255,1.4027,1.3986,0.7574,0.7574,-0.0001
/Users/ole/Kodevik/wave_project/wavedata/20260319-ProbePos4_31_FPV_2-tett6roof-under9Mooring/fullpanel-fullwind-amp0100-freq1300-per240-depth580-mstop30-run1.csv,fullpanel-fullwind-amp0100-freq1300-per240-depth580-mstop30-run1.csv,1.3000,0.1000,full,below_90_loose230,4571,3264,7.0834,7.0939,5.6580,5.6580,1.3102,1.3021,0.7988,0.7976,-0.0012
/Users/ole/Kodevik/wave_project/wavedata/20260319-ProbePos4_31_FPV_2-tett6roof-under9Mooring/fullpanel-nowind-amp0100-freq1500-per240-depth580-mstop30-run1.csv,fullpanel-nowind-amp0100-freq1500-per240-depth580-mstop30-run1.csv,1.5000,0.1000,no,below_90_loose230,3169,2830,7.7481,7.7481,3.2918,3.2919,1.4988,1.5012,0.4249,0.4249,0.0000
/Users/ole/Kodevik/wave_project/wavedata/20260319-ProbePos4_31_FPV_2-tett6roof-under9Mooring/fullpanel-nowind-amp0100-freq1300-per240-depth580-mstop30-run1.csv,fullpanel-nowind-amp0100-freq1300-per240-depth580-mstop30-run1.csv,1.3000,0.1000,no,below_90_loose230,4423,3266,7.1499,7.1502,4.9448,4.9448,1.2997,1.3012,0.6916,0.6916,-0.0000
/Users/ole/Kodevik/wave_project/wavedata/20260319-ProbePos4_31_FPV_2-tett6roof-under9Mooring/fullpanel-fullwind-amp0100-freq1500-per240-depth580-mstop30-run1.csv,fullpanel-fullwind-amp0100-freq1500-per240-depth580-mstop30-run1.csv,1.5000,0.1000,full,below_90_loose230,2995,2833,8.6084,8.6084,5.6079,5.6079,1.5025,1.5003,0.6515,0.6515,0.0000
/Users/ole/Kodevik/wave_project/wavedata/20260319-ProbePos4_31_FPV_2-tett6roof-under9Mooring/fullpanel-nowind-amp0100-freq1300-per240-depth580-mstop30-run2.csv,fullpanel-nowind-amp0100-freq1300-per240-depth580-mstop30-run2.csv,1.3000,0.1000,no,below_90_loose230,4423,3270,7.1776,7.1777,5.0262,5.0263,1.2998,1.2999,0.7003,0.7003,-0.0000
/Users/ole/Kodevik/wave_project/wavedata/20260319-ProbePos4_31_FPV_2-tett6roof-under9Mooring/fullpanel-nowind-amp0100-freq1600-per240-depth580-mstop30-run1.csv,fullpanel-nowind-amp0100-freq1600-per240-depth580-mstop30-run1.csv,1.6000,0.1000,no,below_90_loose230,2499,2651,7.5918,7.5918,2.5364,2.5364,1.6009,1.6028,0.3341,0.3341,0.0000
/Users/ole/Kodevik/wave_project/wavedata/20260319-ProbePos4_31_FPV_2-tett6roof-under9Mooring/fullpanel-fullwind-amp0100-freq1600-per240-depth580-mstop30-run1.csv,fullpanel-fullwind-amp0100-freq1600-per240-depth580-mstop30-run1.csv,1.6000,0.1000,full,below_90_loose230,2526,2661,9.1166,9.1314,5.0552,5.0553,1.5880,1.5975,0.5545,0.5536,-0.0009
/Users/ole/Kodevik/wave_project/wavedata/20260319-ProbePos4_31_FPV_2-tett6roof-under9Mooring/fullpanel-nowind-amp0100-freq1700-per240-depth580-mstop30-run1.csv,fullpanel-nowind-amp0100-freq1700-per240-depth580-mstop30-run1.csv,1.7000,0.1000,no,below_90_loose230,29713,29692,6.0783,6.0784,1.6087,1.6089,1.6996,1.7007,0.2647,0.2647,0.0000
/Users/ole/Kodevik/wave_project/wavedata/20260319-ProbePos4_31_FPV_2-tett6roof-under9Mooring/fullpanel-fullwind-amp0100-freq1700-per240-depth580-mstop30-run1.csv,fullpanel-fullwind-amp0100-freq1700-per240-depth580-mstop30-run1.csv,1.7000,0.1000,full,below_90_loose230,29716,29724,9.6174,9.6177,4.5197,4.5197,1.6995,1.6989,0.4699,0.4699,-0.0000
/Users/ole/Kodevik/wave_project/wavedata/20260321-ProbePos4_31_FPV_2-tett6roof-under9Mooring-height100-RENAMED/fullpanel-nowind-amp0200-freq1300-per240-depth580-mstop30-run1.csv,fullpanel-nowind-amp0200-freq1300-per240-depth580-mstop30-run1.csv,1.3000,0.2000,no,below_90_loose230,4425,3270,15.3018,15.3022,11.8131,11.8131,1.2997,1.2996,0.7720,0.7720,-0.0000
/Users/ole/Kodevik/wave_project/wavedata/20260321-ProbePos4_31_FPV_2-tett6roof-under9Mooring-height100-RENAMED/fullpanel-nowind-amp0100-freq1400-per240-depth580-mstop30-run1.csv,fullpanel-nowind-amp0100-freq1400-per240-depth580-mstop30-run1.csv,1.4000,0.1000,no,below_90_loose230,3574,3035,7.9349,7.9349,3.8988,3.8989,1.3990,1.4004,0.4914,0.4914,0.0000
/Users/ole/Kodevik/wave_project/wavedata/20260321-ProbePos4_31_FPV_2-tett6roof-under9Mooring-height100-RENAMED/fullpanel-nowind-amp0100-freq1500-per240-depth580-mstop30-run2.csv,fullpanel-nowind-amp0100-freq1500-per240-depth580-mstop30-run2.csv,1.5000,0.1000,no,below_90_loose230,3168,2832,8.3931,8.3931,3.4180,3.4180,1.4994,1.5009,0.4072,0.4072,0.0000
/Users/ole/Kodevik/wave_project/wavedata/20260321-ProbePos4_31_FPV_2-tett6roof-under9Mooring-height100-RENAMED/fullpanel-nowind-amp0100-freq1500-per240-depth580-mstop30-run1.csv,fullpanel-nowind-amp0100-freq1500-per240-depth580-mstop30-run1.csv,1.5000,0.1000,no,below_90_loose230,3168,2834,8.3168,8.3168,3.4159,3.4160,1.4995,1.5000,0.4107,0.4107,0.0000
/Users/ole/Kodevik/wave_project/wavedata/20260321-ProbePos4_31_FPV_2-tett6roof-under9Mooring-height100-RENAMED/fullpanel-nowind-amp0100-freq1300-per240-depth580-mstop30-run1.csv,fullpanel-nowind-amp0100-freq1300-per240-depth580-mstop30-run1.csv,1.3000,0.1000,no,below_90_loose230,4424,3271,7.6153,7.6154,4.7551,4.7552,1.2998,1.2997,0.6244,0.6244,0.0000
/Users/ole/Kodevik/wave_project/wavedata/20260321-ProbePos4_31_FPV_2-tett6roof-under9Mooring-height100-RENAMED/fullpanel-nowind-amp0200-freq1400-per240-depth580-mstop30-run1.csv,fullpanel-nowind-amp0200-freq1400-per240-depth580-mstop30-run1.csv,1.4000,0.2000,no,below_90_loose230,3751,3035,15.2290,15.2290,10.3641,10.3642,1.3996,1.4005,0.6806,0.6806,0.0000
/Users/ole/Kodevik/wave_project/wavedata/20260321-ProbePos4_31_FPV_2-tett6roof-under9Mooring-height100-RENAMED/fullpanel-nowind-amp0100-freq1600-per240-depth580-mstop30-run1.csv,fullpanel-nowind-amp0100-freq1600-per240-depth580-mstop30-run1.csv,1.6000,0.1000,no,below_90_loose230,2499,2648,7.7339,7.7339,2.4560,2.4563,1.6006,1.6039,0.3176,0.3176,0.0000
/Users/ole/Kodevik/wave_project/wavedata/20260321-ProbePos4_31_FPV_2-tett6roof-under9Mooring-height100-RENAMED/fullpanel-nowind-amp0100-freq1700-per240-depth580-mstop30-run1.csv,fullpanel-nowind-amp0100-freq1700-per240-depth580-mstop30-run1.csv,1.7000,0.1000,no,below_90_loose230,29709,29693,6.8269,6.8269,1.7940,1.7940,1.6998,1.7007,0.2628,0.2628,0.0000
/Users/ole/Kodevik/wave_project/wavedata/20260323-ProbePos4_31_FPV_2-tett6roof-under9Mooring-height100/fullpanel-fullwind-amp0100-freq1500-per40-depth580-mstop30-run1.csv,fullpanel-fullwind-amp0100-freq1500-per40-depth580-mstop30-run1.csv,1.5000,0.1000,full,below_90_loose230,3006,2839,8.4233,8.4235,5.3857,5.3858,1.4973,1.4973,0.6394,0.6394,-0.0000
/Users/ole/Kodevik/wave_project/wavedata/20260323-ProbePos4_31_FPV_2-tett6roof-under9Mooring-height100/fullpanel-fullwind-amp0300-freq1700-per40-depth580-mstop30-run1.csv,fullpanel-fullwind-amp0300-freq1700-per40-depth580-mstop30-run1.csv,1.7000,0.3000,full,below_90_loose230,3319,3266,15.0634,16.0916,15.3214,15.3215,1.7034,1.6841,1.0171,0.9521,-0.0650
/Users/ole/Kodevik/wave_project/wavedata/20260323-ProbePos4_31_FPV_2-tett6roof-under9Mooring-height100/fullpanel-fullwind-amp0200-freq1600-per40-depth580-mstop30-run1.csv,fullpanel-fullwind-amp0200-freq1600-per40-depth580-mstop30-run1.csv,1.6000,0.2000,full,below_90_loose230,2498,2667,15.8511,15.8525,10.5288,10.5292,1.6023,1.5941,0.6642,0.6642,-0.0000
/Users/ole/Kodevik/wave_project/wavedata/20260323-ProbePos4_31_FPV_2-tett6roof-under9Mooring-height100/fullpanel-nowind-amp0300-freq1700-per80-depth580-mstop30-run1.csv,fullpanel-nowind-amp0300-freq1700-per80-depth580-mstop30-run1.csv,1.7000,0.3000,no,below_90_loose230,8509,8537,20.0462,20.0618,9.1336,9.1337,1.7032,1.6984,0.4556,0.4553,-0.0003
/Users/ole/Kodevik/wave_project/wavedata/20260323-ProbePos4_31_FPV_2-tett6roof-under9Mooring-height100/fullpanel-nowind-amp0300-freq1700-per40-depth580-mstop30-run1.csv,fullpanel-nowind-amp0300-freq1700-per40-depth580-mstop30-run1.csv,1.7000,0.3000,no,below_90_loose230,3297,3231,14.7291,15.2606,8.9848,8.9850,1.6883,1.7027,0.6100,0.5888,-0.0212
/Users/ole/Kodevik/wave_project/wavedata/20260323-ProbePos4_31_FPV_2-tett6roof-under9Mooring-height100/fullpanel-fullwind-amp0200-freq1500-per240-depth580-mstop30-run1.csv,fullpanel-fullwind-amp0200-freq1500-per240-depth580-mstop30-run1.csv,1.5000,0.2000,full,below_90_loose230,3009,2840,17.0021,17.0021,11.2407,11.2407,1.4955,1.4966,0.6611,0.6611,0.0000
/Users/ole/Kodevik/wave_project/wavedata/20260323-ProbePos4_31_FPV_2-tett6roof-under9Mooring-height100/fullpanel-nowind-amp0200-freq1600-per40-depth580-mstop30-run1.csv,fullpanel-nowind-amp0200-freq1600-per40-depth580-mstop30-run1.csv,1.6000,0.2000,no,below_90_loose230,2499,2655,15.3065,15.3065,7.2426,7.2426,1.6007,1.6007,0.4732,0.4732,-0.0000
/Users/ole/Kodevik/wave_project/wavedata/20260323-ProbePos4_31_FPV_2-tett6roof-under9Mooring-height100/fullpanel-nowind-amp0100-freq1500-per40-depth580-mstop30-run1.csv,fullpanel-nowind-amp0100-freq1500-per40-depth580-mstop30-run1.csv,1.5000,0.1000,no,below_90_loose230,3170,2831,8.0484,8.0485,3.3439,3.3439,1.4987,1.5014,0.4155,0.4155,-0.0000
/Users/ole/Kodevik/wave_project/wavedata/20260323-ProbePos4_31_FPV_2-tett6roof-under9Mooring-height100/fullpanel-fullwind-amp0200-freq1600-per40-depth580-mstop30-run2.csv,fullpanel-fullwind-amp0200-freq1600-per40-depth580-mstop30-run2.csv,1.6000,0.2000,full,below_90_loose230,2514,2663,17.4445,17.4446,10.2602,10.2608,1.5908,1.5966,0.5882,0.5882,0.0000
/Users/ole/Kodevik/wave_project/wavedata/20260323-ProbePos4_31_FPV_2-tett6roof-under9Mooring-height100/fullpanel-fullwind-amp0200-freq1400-per40-depth580-mstop30-run2.csv,fullpanel-fullwind-amp0200-freq1400-per40-depth580-mstop30-run2.csv,1.4000,0.2000,full,below_90_loose230,3751,3051,16.0077,16.0078,11.6068,11.6074,1.3999,1.3924,0.7251,0.7251,0.0000
/Users/ole/Kodevik/wave_project/wavedata/20260323-ProbePos4_31_FPV_2-tett6roof-under9Mooring-height100/fullpanel-nowind-amp0100-freq1700-per40-depth580-mstop30-run1.csv,fullpanel-nowind-amp0100-freq1700-per40-depth580-mstop30-run1.csv,1.7000,0.1000,no,below_90_loose230,3234,3234,6.5756,6.5760,1.7498,1.7498,1.7012,1.7006,0.2661,0.2661,-0.0000
/Users/ole/Kodevik/wave_project/wavedata/20260323-ProbePos4_31_FPV_2-tett6roof-under9Mooring-height100/fullpanel-fullwind-amp0300-freq1500-per40-depth580-mstop30-run2.csv,fullpanel-fullwind-amp0300-freq1500-per40-depth580-mstop30-run2.csv,1.5000,0.3000,full,below_90_loose230,3005,2683,23.1309,23.1310,17.0586,17.0587,1.4977,1.4911,0.7375,0.7375,0.0000
/Users/ole/Kodevik/wave_project/wavedata/20260323-ProbePos4_31_FPV_2-tett6roof-under9Mooring-height100/fullpanel-nowind-amp0200-freq1400-per40-depth580-mstop30-run1.csv,fullpanel-nowind-amp0200-freq1400-per40-depth580-mstop30-run1.csv,1.4000,0.2000,no,below_90_loose230,3750,3036,14.9151,14.9152,10.7465,10.7465,1.4002,1.3999,0.7205,0.7205,-0.0000
/Users/ole/Kodevik/wave_project/wavedata/20260323-ProbePos4_31_FPV_2-tett6roof-under9Mooring-height100/fullpanel-nowind-amp0300-freq1500-per40-depth580-mstop30-run1.csv,fullpanel-nowind-amp0300-freq1500-per40-depth580-mstop30-run1.csv,1.5000,0.3000,no,below_90_loose230,3002,2839,22.0145,22.0145,13.2553,13.2553,1.4990,1.4971,0.6021,0.6021,0.0000
/Users/ole/Kodevik/wave_project/wavedata/20260323-ProbePos4_31_FPV_2-tett6roof-under9Mooring-height100/fullpanel-fullwind-amp0300-freq1800-per40-depth580-mstop30-run1.csv,fullpanel-fullwind-amp0300-freq1800-per40-depth580-mstop30-run1.csv,1.8000,0.3000,full,below_90_loose230,3072,3076,14.9136,15.0410,14.1610,14.1641,1.8023,1.7893,0.9495,0.9417,-0.0078
/Users/ole/Kodevik/wave_project/wavedata/20260323-ProbePos4_31_FPV_2-tett6roof-under9Mooring-height100/fullpanel-fullwind-amp0200-freq1400-per40-depth580-mstop30-run1.csv,fullpanel-fullwind-amp0200-freq1400-per40-depth580-mstop30-run1.csv,1.4000,0.2000,full,below_90_loose230,3748,3053,15.6678,15.6678,11.5240,11.5240,1.4008,1.3920,0.7355,0.7355,0.0000
/Users/ole/Kodevik/wave_project/wavedata/20260323-ProbePos4_31_FPV_2-tett6roof-under9Mooring-height100/fullpanel-fullwind-amp0100-freq1700-per40-depth580-mstop30-run1.csv,fullpanel-fullwind-amp0100-freq1700-per40-depth580-mstop30-run1.csv,1.7000,0.1000,full,below_90_loose230,3241,3238,8.7727,8.7727,4.3526,4.3527,1.6968,1.6990,0.4962,0.4962,0.0000
/Users/ole/Kodevik/wave_project/wavedata/20260323-ProbePos4_31_FPV_2-tett6roof-under9Mooring-height100/fullpanel-fullwind-amp0100-freq1400-per40-depth580-mstop30-run1.csv,fullpanel-fullwind-amp0100-freq1400-per40-depth580-mstop30-run1.csv,1.4000,0.1000,full,below_90_loose230,3718,3044,7.6030,7.6053,5.6165,5.6165,1.4108,1.3960,0.7387,0.7385,-0.0002
/Users/ole/Kodevik/wave_project/wavedata/20260323-ProbePos4_31_FPV_2-tett6roof-under9Mooring-height100/fullpanel-fullwind-amp0200-freq1700-per40-depth580-mstop30-run1.csv,fullpanel-fullwind-amp0200-freq1700-per40-depth580-mstop30-run1.csv,1.7000,0.2000,full,below_90_loose230,3273,3254,15.9520,15.9594,9.5053,9.5056,1.6822,1.6897,0.5959,0.5956,-0.0002
/Users/ole/Kodevik/wave_project/wavedata/20260323-ProbePos4_31_FPV_2-tett6roof-under9Mooring-height100/fullpanel-fullwind-amp0300-freq1600-per40-depth580-mstop30-run1.csv,fullpanel-fullwind-amp0300-freq1600-per40-depth580-mstop30-run1.csv,1.6000,0.3000,full,below_90_loose230,2507,2669,24.5161,24.5167,16.5073,16.5075,1.5950,1.5927,0.6733,0.6733,-0.0000
/Users/ole/Kodevik/wave_project/wavedata/20260323-ProbePos4_31_FPV_2-tett6roof-under9Mooring-height100/fullpanel-nowind-amp0200-freq1500-per30-depth580-mstop30-run1.csv,fullpanel-nowind-amp0200-freq1500-per30-depth580-mstop30-run1.csv,1.5000,0.2000,no,below_90_loose230,2332,2329,14.0635,14.0636,8.9618,8.9623,1.5005,1.5020,0.6372,0.6373,0.0000
/Users/ole/Kodevik/wave_project/wavedata/20260323-ProbePos4_31_FPV_2-tett6roof-under9Mooring-height100/fullpanel-nowind-amp0200-freq1700-per40-depth580-mstop30-run1.csv,fullpanel-nowind-amp0200-freq1700-per40-depth580-mstop30-run1.csv,1.7000,0.2000,no,below_90_loose230,3249,3240,14.3835,14.3851,5.1697,5.1698,1.6937,1.6979,0.3594,0.3594,-0.0000
/Users/ole/Kodevik/wave_project/wavedata/20260323-ProbePos4_31_FPV_2-tett6roof-under9Mooring-height100/fullpanel-nowind-amp0300-freq1600-per40-depth580-mstop30-run1.csv,fullpanel-nowind-amp0300-freq1600-per40-depth580-mstop30-run1.csv,1.6000,0.3000,no,below_90_loose230,2506,2656,20.6826,20.6826,11.2502,11.2502,1.5961,1.6000,0.5439,0.5439,0.0000
/Users/ole/Kodevik/wave_project/wavedata/20260323-ProbePos4_31_FPV_2-tett6roof-under9Mooring-height100/fullpanel-nowind-amp0300-freq1600-per80-depth580-mstop30-run1.csv,fullpanel-nowind-amp0300-freq1600-per80-depth580-mstop30-run1.csv,1.6000,0.3000,no,below_90_loose230,2503,2654,20.6821,20.6821,11.2560,11.2561,1.5982,1.6011,0.5442,0.5442,0.0000
/Users/ole/Kodevik/wave_project/wavedata/20260323-ProbePos4_31_FPV_2-tett6roof-under9Mooring-height100/fullpanel-fullwind-amp0200-freq1400-per240-depth580-mstop30-run1.csv,fullpanel-fullwind-amp0200-freq1400-per240-depth580-mstop30-run1.csv,1.4000,0.2000,full,below_90_loose230,3766,3047,16.1074,16.1077,11.6763,11.6764,1.3943,1.3946,0.7249,0.7249,-0.0000
/Users/ole/Kodevik/wave_project/wavedata/20260323-ProbePos4_31_FPV_2-tett6roof-under9Mooring-height100/fullpanel-fullwind-amp0200-freq1700-per40-depth580-mstop30-run2.csv,fullpanel-fullwind-amp0200-freq1700-per40-depth580-mstop30-run2.csv,1.7000,0.2000,full,below_90_loose230,3272,3254,17.6413,17.6561,9.3739,9.3741,1.6834,1.6906,0.5314,0.5309,-0.0004
/Users/ole/Kodevik/wave_project/wavedata/20260323-ProbePos4_31_FPV_2-tett6roof-under9Mooring-height100/fullpanel-nowind-amp0100-freq1400-per40-depth580-mstop30-run1.csv,fullpanel-nowind-amp0100-freq1400-per40-depth580-mstop30-run1.csv,1.4000,0.1000,no,below_90_loose230,3749,3036,7.7572,7.7573,4.1844,4.1844,1.4002,1.4001,0.5394,0.5394,-0.0000
/Users/ole/Kodevik/wave_project/wavedata/20260323-ProbePos4_31_FPV_2-tett6roof-under9Mooring-height100/fullpanel-fullwind-amp0300-freq1400-per40-depth580-mstop30-run2.csv,fullpanel-fullwind-amp0300-freq1400-per40-depth580-mstop30-run2.csv,1.4000,0.3000,full,below_90_loose230,3763,2875,23.5074,23.5077,17.9607,17.9607,1.3954,1.3914,0.7640,0.7640,-0.0000
/Users/ole/Kodevik/wave_project/wavedata/20260323-ProbePos4_31_FPV_2-tett6roof-under9Mooring-height100/fullpanel-nowind-amp0100-freq1600-per40-depth580-mstop30-run1.csv,fullpanel-nowind-amp0100-freq1600-per40-depth580-mstop30-run1.csv,1.6000,0.1000,no,below_90_loose230,2501,2659,7.4145,7.4146,2.5362,2.5366,1.5997,1.5995,0.3421,0.3421,0.0000
/Users/ole/Kodevik/wave_project/wavedata/20260323-ProbePos4_31_FPV_2-tett6roof-under9Mooring-height100/fullpanel-fullwind-amp0200-freq1500-per40-depth580-mstop30-run2.csv,fullpanel-fullwind-amp0200-freq1500-per40-depth580-mstop30-run2.csv,1.5000,0.2000,full,below_90_loose230,3014,2844,16.2490,16.2494,11.0466,11.0468,1.4926,1.4947,0.6798,0.6798,-0.0000
/Users/ole/Kodevik/wave_project/wavedata/20260323-ProbePos4_31_FPV_2-tett6roof-under9Mooring-height100/fullpanel-nowind-amp0300-freq1400-per40-depth580-mstop30-run1.csv,fullpanel-nowind-amp0300-freq1400-per40-depth580-mstop30-run1.csv,1.4000,0.3000,no,below_90_loose230,3753,3040,21.6688,21.6690,15.4689,15.4689,1.3991,1.3979,0.7139,0.7139,-0.0000
/Users/ole/Kodevik/wave_project/wavedata/20260323-ProbePos4_31_FPV_2-tett6roof-under9Mooring-height100/fullpanel-nowind-amp0100-freq1300-per240-depth580-mstop30-run1.csv,fullpanel-nowind-amp0100-freq1300-per240-depth580-mstop30-run1.csv,1.3000,0.1000,no,below_90_loose230,4420,3271,7.7314,7.7315,4.8445,4.8445,1.3007,1.2995,0.6266,0.6266,-0.0000
/Users/ole/Kodevik/wave_project/wavedata/20260323-ProbePos4_31_FPV_2-tett6roof-under9Mooring-height100/fullpanel-nowind-amp0200-freq1500-per40-depth580-mstop30-run1.csv,fullpanel-nowind-amp0200-freq1500-per40-depth580-mstop30-run1.csv,1.5000,0.2000,no,below_90_loose230,3003,2832,14.1677,14.1678,9.1399,9.1399,1.4984,1.5006,0.6451,0.6451,0.0000
/Users/ole/Kodevik/wave_project/wavedata/20260323-ProbePos4_31_FPV_2-tett6roof-under9Mooring-height100/fullpanel-fullwind-amp0200-freq1500-per40-depth580-mstop30-run1.csv,fullpanel-fullwind-amp0200-freq1500-per40-depth580-mstop30-run1.csv,1.5000,0.2000,full,below_90_loose230,3021,2841,16.8849,16.8850,11.1410,11.1412,1.4897,1.4963,0.6598,0.6598,0.0000
/Users/ole/Kodevik/wave_project/wavedata/20260323-ProbePos4_31_FPV_2-tett6roof-under9Mooring-height100/fullpanel-fullwind-amp0100-freq1600-per40-depth580-mstop30-run1.csv,fullpanel-fullwind-amp0100-freq1600-per40-depth580-mstop30-run1.csv,1.6000,0.1000,full,below_90_loose230,2514,2667,8.4451,8.4453,4.7368,4.7368,1.5905,1.5938,0.5609,0.5609,-0.0000
/Users/ole/Kodevik/wave_project/wavedata/20260323-ProbePos4_31_FPV_2-tett6roof-under9Mooring-height100/fullpanel-fullwind-amp0200-freq1300-per40-depth580-mstop30-run1.csv,fullpanel-fullwind-amp0200-freq1300-per40-depth580-mstop30-run1.csv,1.3000,0.2000,full,below_90_loose230,4321,3280,10.8743,11.1797,12.1541,12.1542,1.2870,1.2959,1.1177,1.0872,-0.0305
/Users/ole/Kodevik/wave_project/wavedata/20260323-ProbePos4_31_FPV_2-tett6roof-under9Mooring-height100/fullpanel-fullwind-amp0200-freq1300-per40-depth580-mstop30-run2.csv,fullpanel-fullwind-amp0200-freq1300-per40-depth580-mstop30-run2.csv,1.3000,0.2000,full,below_90_loose230,4425,3278,14.5338,14.5338,12.3808,12.3808,1.2994,1.2966,0.8519,0.8519,0.0000
/Users/ole/Kodevik/wave_project/wavedata/20260323-ProbePos4_31_FPV_2-tett6roof-under9Mooring-height100/fullpanel-nowind-amp0200-freq1300-per40-depth580-mstop30-run1.csv,fullpanel-nowind-amp0200-freq1300-per40-depth580-mstop30-run1.csv,1.3000,0.2000,no,below_90_loose230,4423,3272,14.7269,14.7269,12.1530,12.1530,1.3000,1.2990,0.8252,0.8252,0.0000
/Users/ole/Kodevik/wave_project/wavedata/20260323-ProbePos4_31_FPV_2-tett6roof-under9Mooring-height100/fullpanel-fullwind-amp0300-freq1300-per40-depth580-mstop30-run1.csv,fullpanel-fullwind-amp0300-freq1300-per40-depth580-mstop30-run1.csv,1.3000,0.3000,full,below_90_loose230,4440,3280,23.4883,23.4884,18.6432,18.6432,1.2951,1.2958,0.7937,0.7937,-0.0000
/Users/ole/Kodevik/wave_project/wavedata/20260323-ProbePos4_31_FPV_2-tett6roof-under9Mooring-height100/fullpanel-fullwind-amp0200-freq1600-per240-depth580-mstop30-run1.csv,fullpanel-fullwind-amp0200-freq1600-per240-depth580-mstop30-run1.csv,1.6000,0.2000,full,below_90_loose230,2515,2674,16.0940,16.0940,10.5712,10.5716,1.5905,1.5900,0.6568,0.6569,0.0000
/Users/ole/Kodevik/wave_project/wavedata/20260323-ProbePos4_31_FPV_2-tett6roof-under9Mooring-height100/fullpanel-nowind-amp0300-freq1300-per40-depth580-mstop30-run1.csv,fullpanel-nowind-amp0300-freq1300-per40-depth580-mstop30-run1.csv,1.3000,0.3000,no,below_90_loose230,4422,3272,21.6990,21.6990,17.8222,17.8222,1.3003,1.2990,0.8213,0.8213,0.0000
/Users/ole/Kodevik/wave_project/wavedata/20260323-ProbePos4_31_FPV_2-tett6roof-under9Mooring-height100/fullpanel-fullwind-amp0100-freq1300-per40-depth580-mstop30-run2.csv,fullpanel-fullwind-amp0100-freq1300-per40-depth580-mstop30-run2.csv,1.3000,0.1000,full,below_90_loose230,4422,3273,7.3647,7.3647,6.0135,6.0135,1.3002,1.2985,0.8165,0.8165,-0.0000
/Users/ole/Kodevik/wave_project/wavedata/20260323-ProbePos4_31_FPV_2-tett6roof-under9Mooring-height100/fullpanel-fullwind-amp0100-freq1300-per40-depth580-mstop30-run3.csv,fullpanel-fullwind-amp0100-freq1300-per40-depth580-mstop30-run3.csv,1.3000,0.1000,full,below_90_loose230,4400,3272,7.7619,7.7641,5.7062,5.7062,1.3058,1.2990,0.7352,0.7349,-0.0002
/Users/ole/Kodevik/wave_project/wavedata/20260323-ProbePos4_31_FPV_2-tett6roof-under9Mooring-height100/fullpanel-nowind-amp0100-freq1300-per40-depth580-mstop30-run1.csv,fullpanel-nowind-amp0100-freq1300-per40-depth580-mstop30-run1.csv,1.3000,0.1000,no,below_90_loose230,4418,3272,7.3351,7.3352,5.2738,5.2739,1.3013,1.2987,0.7190,0.7190,-0.0000
/Users/ole/Kodevik/wave_project/wavedata/20260323-ProbePos4_31_FPV_2-tett6roof-under9Mooring-height100/fullpanel-fullwind-amp0100-freq1300-per40-depth580-mstop30-run1.csv,fullpanel-fullwind-amp0100-freq1300-per40-depth580-mstop30-run1.csv,1.3000,0.1000,full,below_90_loose230,4432,3267,7.3053,7.3056,5.6317,5.6317,1.2978,1.3007,0.7709,0.7709,-0.0000
/Users/ole/Kodevik/wave_project/wavedata/20260323-ProbePos4_31_FPV_2-tett6roof-under9Mooring-height100/fullpanel-nowind-amp0100-freq1300-per40-depth580-mstop30-run2.csv,fullpanel-nowind-amp0100-freq1300-per40-depth580-mstop30-run2.csv,1.3000,0.1000,no,below_90_loose230,4420,3272,7.6252,7.6254,5.1431,5.1431,1.3007,1.2990,0.6745,0.6745,-0.0000
/Users/ole/Kodevik/wave_project/wavedata/20260323-ProbePos4_31_FPV_2-tett6roof-under9Mooring-height136/fullpanel-nowind-amp0300-freq1700-per40-depth580-mstop30-run1.csv,fullpanel-nowind-amp0300-freq1700-per40-depth580-mstop30-run1.csv,1.7000,0.3000,no,below_90_loose230,3225,3225,18.4195,18.4254,8.2961,8.2965,1.7039,1.7048,0.4504,0.4503,-0.0001
/Users/ole/Kodevik/wave_project/wavedata/20260323-ProbePos4_31_FPV_2-tett6roof-under9Mooring-height136/fullpanel-nowind-amp0300-freq1500-per40-depth580-mstop30-run1.csv,fullpanel-nowind-amp0300-freq1500-per40-depth580-mstop30-run1.csv,1.5000,0.3000,no,below_90_loose230,3008,2836,21.0018,21.0019,13.2066,13.2066,1.4961,1.4985,0.6288,0.6288,-0.0000
/Users/ole/Kodevik/wave_project/wavedata/20260323-ProbePos4_31_FPV_2-tett6roof-under9Mooring-height136/fullpanel-nowind-amp0300-freq1600-per60-depth580-mstop30-coldstart-run1.csv,fullpanel-nowind-amp0300-freq1600-per60-depth580-mstop30-coldstart-run1.csv,1.6000,0.3000,no,below_90_loose230,2502,2659,20.8135,20.8142,11.0726,11.0726,1.5982,1.5985,0.5320,0.5320,-0.0000
/Users/ole/Kodevik/wave_project/wavedata/20260324-ProbePos4_31_FPV_2-tett6roof-under9Mooring-height100/fullpanel-fullwind-amp0200-freq1200-per40-depth580-run1.csv,fullpanel-fullwind-amp0200-freq1200-per40-depth580-run1.csv,1.2000,0.2000,full,below_90_loose230,4798,4797,15.6337,15.6343,13.0441,13.0442,1.1987,1.1986,0.8344,0.8343,-0.0000
/Users/ole/Kodevik/wave_project/wavedata/20260324-ProbePos4_31_FPV_2-tett6roof-under9Mooring-height100/fullpanel-nowind-amp0100-freq1500-per240-depth580-run1.csv,fullpanel-nowind-amp0100-freq1500-per240-depth580-run1.csv,1.5000,0.1000,no,below_90_loose230,3167,2831,7.5802,7.5802,3.8015,3.8016,1.4998,1.5010,0.5015,0.5015,0.0000
/Users/ole/Kodevik/wave_project/wavedata/20260324-ProbePos4_31_FPV_2-tett6roof-under9Mooring-height100/fullpanel-nowind-amp0300-freq1600-per240-depth580-run1.csv,fullpanel-nowind-amp0300-freq1600-per240-depth580-run1.csv,1.6000,0.3000,no,below_90_loose230,2501,2661,20.6673,20.6673,11.1106,11.1106,1.5992,1.5971,0.5376,0.5376,-0.0000
/Users/ole/Kodevik/wave_project/wavedata/20260324-ProbePos4_31_FPV_2-tett6roof-under9Mooring-height100/fullpanel-fullwind-amp0300-freq1600-per240-depth580-run1.csv,fullpanel-fullwind-amp0300-freq1600-per240-depth580-run1.csv,1.6000,0.3000,full,below_90_loose230,2359,2675,24.6549,24.6569,16.3516,16.3520,1.5906,1.5883,0.6632,0.6632,-0.0000
/Users/ole/Kodevik/wave_project/wavedata/20260324-ProbePos4_31_FPV_2-tett6roof-under9Mooring-height100/fullpanel-nowind-amp0200-freq1500-per240-depth580-run1.csv,fullpanel-nowind-amp0200-freq1500-per240-depth580-run1.csv,1.5000,0.2000,no,below_90_loose230,2999,2835,14.6471,14.6471,9.1498,9.1498,1.5005,1.4993,0.6247,0.6247,0.0000
/Users/ole/Kodevik/wave_project/wavedata/20260324-ProbePos4_31_FPV_2-tett6roof-under9Mooring-height100/fullpanel-fullwind-amp0200-freq1500-per40-depth580-run1.csv,fullpanel-fullwind-amp0200-freq1500-per40-depth580-run1.csv,1.5000,0.2000,full,below_90_loose230,3017,2844,16.7765,16.7773,11.0297,11.0297,1.4921,1.4943,0.6574,0.6574,-0.0000
/Users/ole/Kodevik/wave_project/wavedata/20260324-ProbePos4_31_FPV_2-tett6roof-under9Mooring-height100/fullpanel-fullwind-amp0100-freq1300-per40-depth580-run1.csv,fullpanel-fullwind-amp0100-freq1300-per40-depth580-run1.csv,1.3000,0.1000,full,below_90_loose230,4410,3276,7.1882,7.1889,5.8409,5.8410,1.3044,1.2972,0.8126,0.8125,-0.0001
/Users/ole/Kodevik/wave_project/wavedata/20260324-ProbePos4_31_FPV_2-tett6roof-under9Mooring-height100/fullpanel-nowind-amp0100-freq1300-per240-depth580-run2.csv,fullpanel-nowind-amp0100-freq1300-per240-depth580-run2.csv,1.3000,0.1000,no,below_90_loose230,4420,3271,7.0214,7.0214,5.2789,5.2790,1.3010,1.2997,0.7518,0.7518,0.0000
/Users/ole/Kodevik/wave_project/wavedata/20260324-ProbePos4_31_FPV_2-tett6roof-under9Mooring-height100/fullpanel-fullwind-amp0200-freq1400-per240-depth580-run1.csv,fullpanel-fullwind-amp0200-freq1400-per240-depth580-run1.csv,1.4000,0.2000,full,below_90_loose230,3751,3048,16.0724,16.0729,11.8277,11.8277,1.3993,1.3943,0.7359,0.7359,-0.0000
/Users/ole/Kodevik/wave_project/wavedata/20260324-ProbePos4_31_FPV_2-tett6roof-under9Mooring-height100/fullpanel-nowind-amp0100-freq1300-per40-depth580-run1.csv,fullpanel-nowind-amp0100-freq1300-per40-depth580-run1.csv,1.3000,0.1000,no,below_90_loose230,4420,3271,7.2526,7.2526,5.2571,5.2571,1.3009,1.2994,0.7249,0.7249,0.0000
/Users/ole/Kodevik/wave_project/wavedata/20260324-ProbePos4_31_FPV_2-tett6roof-under9Mooring-height100/fullpanel-nowind-amp0200-freq1400-per240-depth580-run1.csv,fullpanel-nowind-amp0200-freq1400-per240-depth580-run1.csv,1.4000,0.2000,no,below_90_loose230,3749,3035,14.5796,14.5796,10.6250,10.6250,1.4004,1.4004,0.7288,0.7288,0.0000
/Users/ole/Kodevik/wave_project/wavedata/20260324-ProbePos4_31_FPV_2-tett6roof-under9Mooring-height100/fullpanel-nowind-amp0100-freq1400-per240-depth580-run1.csv,fullpanel-nowind-amp0100-freq1400-per240-depth580-run1.csv,1.4000,0.1000,no,below_90_loose230,3753,3036,7.8178,7.8180,4.5284,4.5285,1.3986,1.4002,0.5792,0.5792,-0.0000
/Users/ole/Kodevik/wave_project/wavedata/20260324-ProbePos4_31_FPV_2-tett6roof-under9Mooring-height100/fullpanel-nowind-amp0200-freq1300-per240-depth580-run1.csv,fullpanel-nowind-amp0200-freq1300-per240-depth580-run1.csv,1.3000,0.2000,no,below_90_loose230,4617,3269,14.7003,14.7004,12.0505,12.0505,1.2995,1.3002,0.8197,0.8197,0.0000
/Users/ole/Kodevik/wave_project/wavedata/20260324-ProbePos4_31_FPV_2-tett6roof-under9Mooring-height100/fullpanel-nowind-amp0200-freq1200-per40-depth580-run1.csv,fullpanel-nowind-amp0200-freq1200-per40-depth580-run1.csv,1.2000,0.2000,no,below_90_loose230,4792,4790,15.3666,15.3666,12.8800,12.8801,1.2000,1.2006,0.8382,0.8382,0.0000
/Users/ole/Kodevik/wave_project/wavedata/20260324-ProbePos4_31_FPV_2-tett6roof-under9Mooring-height100/fullpanel-nowind-amp0100-freq1400-per40-depth580-run1.csv,fullpanel-nowind-amp0100-freq1400-per40-depth580-run1.csv,1.4000,0.1000,no,below_90_loose230,3753,3039,7.7756,7.7759,4.5604,4.5605,1.3985,1.3989,0.5865,0.5865,-0.0000
/Users/ole/Kodevik/wave_project/wavedata/20260324-ProbePos4_31_FPV_2-tett6roof-under9Mooring-height100/fullpanel-fullwind-amp0200-freq1700-per40-depth580-run1.csv,fullpanel-fullwind-amp0200-freq1700-per40-depth580-run1.csv,1.7000,0.2000,full,below_90_loose230,3271,3249,17.4178,17.4263,9.5368,9.5370,1.6833,1.6931,0.5475,0.5473,-0.0003
/Users/ole/Kodevik/wave_project/wavedata/20260324-ProbePos4_31_FPV_2-tett6roof-under9Mooring-height100/fullpanel-fullwind-amp0200-freq1600-per40-depth580-run1.csv,fullpanel-fullwind-amp0200-freq1600-per40-depth580-run1.csv,1.6000,0.2000,full,below_90_loose230,2519,2670,17.5510,17.5523,10.4021,10.4024,1.5888,1.5922,0.5927,0.5926,-0.0000
/Users/ole/Kodevik/wave_project/wavedata/20260324-ProbePos4_31_FPV_2-tett6roof-under9Mooring-height100/fullpanel-nowind-amp0200-freq1600-per240-depth580-run1.csv,fullpanel-nowind-amp0200-freq1600-per240-depth580-run1.csv,1.6000,0.2000,no,below_90_loose230,2499,2655,14.6484,14.6484,7.2340,7.2341,1.6008,1.6010,0.4938,0.4938,0.0000
/Users/ole/Kodevik/wave_project/wavedata/20260324-ProbePos4_31_FPV_2-tett6roof-under9Mooring-height100/fullpanel-nowind-amp0300-freq1500-per240-depth580-run1.csv,fullpanel-nowind-amp0300-freq1500-per240-depth580-run1.csv,1.5000,0.3000,no,below_90_loose230,3004,2833,22.2633,22.2634,13.3088,13.3088,1.4980,1.5002,0.5978,0.5978,0.0000
/Users/ole/Kodevik/wave_project/wavedata/20260324-ProbePos4_31_FPV_2-tett6roof-under9Mooring-height100/fullpanel-nowind-amp0100-freq1600-per240-depth580-run1.csv,fullpanel-nowind-amp0100-freq1600-per240-depth580-run1.csv,1.6000,0.1000,no,below_90_loose230,2498,2650,7.6094,7.6094,2.7547,2.7548,1.6012,1.6031,0.3620,0.3620,0.0000
/Users/ole/Kodevik/wave_project/wavedata/20260324-ProbePos4_31_FPV_2-tett6roof-under9Mooring-height100/fullpanel-nowind-amp0100-freq1700-per240-depth580-run1.csv,fullpanel-nowind-amp0100-freq1700-per240-depth580-run1.csv,1.7000,0.1000,no,below_90_loose230,29703,29690,7.2951,7.2951,1.9151,1.9152,1.7001,1.7009,0.2625,0.2625,0.0000
/Users/ole/Kodevik/wave_project/wavedata/20260324-ProbePos4_31_FPV_2-tett6roof-under9Mooring-height100/fullpanel-nowind-amp0300-freq1400-per240-depth580-run1.csv,fullpanel-nowind-amp0300-freq1400-per240-depth580-run1.csv,1.4000,0.3000,no,below_90_loose230,3753,3038,20.7843,20.7844,15.7385,15.7391,1.3988,1.3994,0.7572,0.7573,0.0000
/Users/ole/Kodevik/wave_project/wavedata/20260324-ProbePos4_31_FPV_2-tett6roof-under9Mooring-height100/fullpanel-fullwind-amp0200-freq1400-per40-depth580-run1.csv,fullpanel-fullwind-amp0200-freq1400-per40-depth580-run1.csv,1.4000,0.2000,full,below_90_loose230,3756,3048,16.4856,16.4861,12.0769,12.0774,1.3981,1.3938,0.7326,0.7326,0.0000
/Users/ole/Kodevik/wave_project/wavedata/20260324-ProbePos4_31_FPV_2-tett6roof-under9Mooring-height100/fullpanel-fullwind-amp0200-freq1300-per40-depth580-run1.csv,fullpanel-fullwind-amp0200-freq1300-per40-depth580-run1.csv,1.3000,0.2000,full,below_90_loose230,4436,3281,14.9882,14.9882,12.3875,12.3875,1.2961,1.2953,0.8265,0.8265,-0.0000
/Users/ole/Kodevik/wave_project/wavedata/20260325-ProbePos4_31_FPV_2-tett6roof-under9Mooring-height100/fullpanel-nowind-amp0200-freq1300-per240-depth580-mstop30.csv,fullpanel-nowind-amp0200-freq1300-per240-depth580-mstop30.csv,1.3000,0.2000,no,below_90_loose230,4616,3267,14.9737,14.9737,11.7790,11.7791,1.2999,1.3011,0.7866,0.7867,0.0000
/Users/ole/Kodevik/wave_project/wavedata/20260325-ProbePos4_31_FPV_2-tett6roof-under9Mooring-height100/fullpanel-nowind-amp0200-freq1300-per240-depth580-mstop30-run1.csv,fullpanel-nowind-amp0200-freq1300-per240-depth580-mstop30-run1.csv,1.3000,0.2000,no,below_90_loose230,4616,3271,14.9153,14.9154,11.8924,11.8928,1.2999,1.2997,0.7973,0.7973,0.0000
/Users/ole/Kodevik/wave_project/wavedata/20260325-ProbePos4_31_FPV_2-tett6roof-under9Mooring-height100/fullpanel-nowind-amp0100-freq1300-per240-depth580-mstop30.csv,fullpanel-nowind-amp0100-freq1300-per240-depth580-mstop30.csv,1.3000,0.1000,no,below_90_loose230,4420,3268,7.5362,7.5365,5.4944,5.4944,1.3006,1.3002,0.7291,0.7290,-0.0000
/Users/ole/Kodevik/wave_project/wavedata/20260325-ProbePos4_31_FPV_2-tett6roof-under9Mooring-height100/fullpanel-nowind-amp0200-freq1500-per240-depth580-mstop30-run2.csv,fullpanel-nowind-amp0200-freq1500-per240-depth580-mstop30-run2.csv,1.5000,0.2000,no,below_90_loose230,3003,2836,14.7013,14.7013,8.7199,8.7201,1.4984,1.4990,0.5931,0.5931,0.0000
/Users/ole/Kodevik/wave_project/wavedata/20260325-ProbePos4_31_FPV_2-tett6roof-under9Mooring-height100/fullpanel-nowind-amp0200-freq1500-per240-depth580-mstop30-run1.csv,fullpanel-nowind-amp0200-freq1500-per240-depth580-mstop30-run1.csv,1.5000,0.2000,no,below_90_loose230,3000,2835,14.6690,14.6690,9.1233,9.1233,1.5001,1.4993,0.6219,0.6219,0.0000
/Users/ole/Kodevik/wave_project/wavedata/20260325-ProbePos4_31_FPV_2-tett6roof-under9Mooring-height100/fullpanel-nowind-amp0200-freq1200-per240-depth580-mstop30-run1.csv,fullpanel-nowind-amp0200-freq1200-per240-depth580-mstop30-run1.csv,1.2000,0.2000,no,below_90_loose230,42292,42293,15.1446,15.1447,12.9100,12.9100,1.2000,1.2000,0.8524,0.8524,-0.0000
/Users/ole/Kodevik/wave_project/wavedata/20260325-ProbePos4_31_FPV_2-tett6roof-under9Mooring-height100/fullpanel-nowind-amp0300-freq1600-per240-depth580-mstop30-run2.csv,fullpanel-nowind-amp0300-freq1600-per240-depth580-mstop30-run2.csv,1.6000,0.3000,no,below_90_loose230,2508,2661,20.7355,20.7358,10.9772,10.9772,1.5953,1.5971,0.5294,0.5294,-0.0000
/Users/ole/Kodevik/wave_project/wavedata/20260325-ProbePos4_31_FPV_2-tett6roof-under9Mooring-height100/fullpanel-nowind-amp0200-freq1400-per240-depth580-mstop30-run2.csv,fullpanel-nowind-amp0200-freq1400-per240-depth580-mstop30-run2.csv,1.4000,0.2000,no,below_90_loose230,3752,3038,14.2549,14.2549,10.5746,10.5748,1.3994,1.3993,0.7418,0.7418,0.0000
/Users/ole/Kodevik/wave_project/wavedata/20260325-ProbePos4_31_FPV_2-tett6roof-under9Mooring-height100/fullpanel-nowind-amp0100-freq1300-per240-depth580-mstop30-run1.csv,fullpanel-nowind-amp0100-freq1300-per240-depth580-mstop30-run1.csv,1.3000,0.1000,no,below_90_loose230,4421,3266,7.3009,7.3010,5.4063,5.4063,1.3004,1.3011,0.7405,0.7405,-0.0000
/Users/ole/Kodevik/wave_project/wavedata/20260325-ProbePos4_31_FPV_2-tett6roof-under9Mooring-height100/fullpanel-nowind-amp0200-freq1400-per240-depth580-mstop30-run1.csv,fullpanel-nowind-amp0200-freq1400-per240-depth580-mstop30-run1.csv,1.4000,0.2000,no,below_90_loose230,3754,3036,14.9974,14.9975,10.8161,10.8162,1.3984,1.3998,0.7212,0.7212,-0.0000
/Users/ole/Kodevik/wave_project/wavedata/20260325-ProbePos4_31_FPV_2-tett6roof-under9Mooring-height100/fullpanel-nowind-amp0200-freq0800-per240-depth580-mstop30-run1.csv,fullpanel-nowind-amp0200-freq0800-per240-depth580-mstop30-run1.csv,0.8000,0.2000,no,below_90_loose230,63435,63431,11.4008,11.4008,11.4189,11.4189,0.8000,0.8001,1.0016,1.0016,0.0000
/Users/ole/Kodevik/wave_project/wavedata/20260325-ProbePos4_31_FPV_2-tett6roof-under9Mooring-height100/fullpanel-nowind-amp0200-freq1100-per240-depth580-mstop30-run1.csv,fullpanel-nowind-amp0200-freq1100-per240-depth580-mstop30-run1.csv,1.1000,0.2000,no,below_90_loose230,46138,46140,14.6372,14.6372,13.2615,13.2615,1.1000,1.0999,0.9060,0.9060,0.0000
/Users/ole/Kodevik/wave_project/wavedata/20260325-ProbePos4_31_FPV_2-tett6roof-under9Mooring-height100/fullpanel-nowind-amp0300-freq1500-per240-depth580-mstop30-run2.csv,fullpanel-nowind-amp0300-freq1500-per240-depth580-mstop30-run2.csv,1.5000,0.3000,no,below_90_loose230,3003,2832,21.7796,21.7796,13.1333,13.1333,1.4985,1.5007,0.6030,0.6030,-0.0000
/Users/ole/Kodevik/wave_project/wavedata/20260325-ProbePos4_31_FPV_2-tett6roof-under9Mooring-height100/fullpanel-nowind-amp0200-freq0900-per240-depth580-mstop30-run1.csv,fullpanel-nowind-amp0200-freq0900-per240-depth580-mstop30-run1.csv,0.9000,0.2000,no,below_90_loose230,56388,56391,13.8041,13.8041,12.4145,12.4146,0.9000,0.9000,0.8993,0.8993,0.0000
/Users/ole/Kodevik/wave_project/wavedata/20260325-ProbePos4_31_FPV_2-tett6roof-under9Mooring-height100/fullpanel-nowind-amp0200-freq1000-per240-depth580-mstop30-run1.csv,fullpanel-nowind-amp0200-freq1000-per240-depth580-mstop30-run1.csv,1.0000,0.2000,no,below_90_loose230,50755,50755,14.0948,14.0948,13.1138,13.1139,0.9999,0.9999,0.9304,0.9304,0.0000
/Users/ole/Kodevik/wave_project/wavedata/20260325-ProbePos4_31_FPV_2-tett6roof-under9Mooring-height100/fullpanel-nowind-amp0300-freq1400-per240-depth580-mstop30-run2.csv,fullpanel-nowind-amp0300-freq1400-per240-depth580-mstop30-run2.csv,1.4000,0.3000,no,below_90_loose230,3753,3038,20.8565,20.8566,15.1911,15.1912,1.3987,1.3991,0.7284,0.7284,0.0000
/Users/ole/Kodevik/wave_project/wavedata/20260325-ProbePos4_31_FPV_2-tett6roof-under9Mooring-height100/fullpanel-nowind-amp0100-freq1300-per240-depth580-mstop30-run1-FALSEDATE.csv,fullpanel-nowind-amp0100-freq1300-per240-depth580-mstop30-run1-FALSEDATE.csv,1.3000,0.1000,no,below_90_loose230,4419,3272,7.7463,7.7464,4.8177,4.8177,1.3010,1.2990,0.6219,0.6219,-0.0000
/Users/ole/Kodevik/wave_project/wavedata/20260325-ProbePos4_31_FPV_2-tett6roof-under9Mooring-height100/fullpanel-nowind-amp0200-freq1600-per240-depth580-mstop30-run2.csv,fullpanel-nowind-amp0200-freq1600-per240-depth580-mstop30-run2.csv,1.6000,0.2000,no,below_90_loose230,2500,2654,14.0096,14.0097,6.8163,6.8163,1.6001,1.6012,0.4865,0.4865,-0.0000
/Users/ole/Kodevik/wave_project/wavedata/20260325-ProbePos4_31_FPV_2-tett6roof-under9Mooring-height100/fullpanel-nowind-amp0200-freq1600-per240-depth580-mstop30-run1.csv,fullpanel-nowind-amp0200-freq1600-per240-depth580-mstop30-run1.csv,1.6000,0.2000,no,below_90_loose230,2500,2651,14.8100,14.8101,7.1944,7.1944,1.5998,1.6032,0.4858,0.4858,-0.0000
/Users/ole/Kodevik/wave_project/wavedata/20260325-ProbePos4_31_FPV_2-tett6roof-under9Mooring-height100/fullpanel-nowind-amp0100-freq1300-per40-depth580-mstop30-run2.csv,fullpanel-nowind-amp0100-freq1300-per40-depth580-mstop30-run2.csv,1.3000,0.1000,no,below_90_loose230,4422,3271,7.6770,7.6770,5.2211,5.2211,1.3004,1.2993,0.6801,0.6801,-0.0000
/Users/ole/Kodevik/wave_project/wavedata/20260326-ProbePos4_31_FPV_2-tett6roof-under9Mooring-height100/fullpanel-nowind-amp0100-freq1300-per240-depth580-mstop30-run1-coldstart.csv,fullpanel-nowind-amp0100-freq1300-per240-depth580-mstop30-run1-coldstart.csv,1.3000,0.1000,no,below_90_loose230,4422,3268,8.0247,8.0247,4.9819,4.9820,1.3002,1.3007,0.6208,0.6208,0.0000
/Users/ole/Kodevik/wave_project/wavedata/20260326-ProbePos4_31_FPV_2-tett6roof-under9Mooring-height100-lowrange/fullpanel-fullwind-amp0200-freq1500-per240-depth580-mstop30-run1.csv,fullpanel-fullwind-amp0200-freq1500-per240-depth580-mstop30-run1.csv,1.5000,0.2000,full,below_90_loose230,3018,2848,15.1202,15.1212,11.6500,11.6502,1.4904,1.4926,0.7705,0.7705,-0.0000
/Users/ole/Kodevik/wave_project/wavedata/20260326-ProbePos4_31_FPV_2-tett6roof-under9Mooring-height100-lowrange/fullpanel-fullwind-amp0100-freq0900-per40-depth580-mstop30-run1.csv,fullpanel-fullwind-amp0100-freq0900-per40-depth580-mstop30-run1.csv,0.9000,0.1000,full,below_90_loose230,6380,6390,6.2086,6.2086,5.9881,5.9881,0.9012,0.8999,0.9645,0.9645,0.0000
/Users/ole/Kodevik/wave_project/wavedata/20260326-ProbePos4_31_FPV_2-tett6roof-under9Mooring-height100-lowrange/fullpanel-fullwind-amp0200-freq1300-per240-depth580-mstop30-run1.csv,fullpanel-fullwind-amp0200-freq1300-per240-depth580-mstop30-run1.csv,1.3000,0.2000,full,below_90_loose230,4621,3275,15.0925,15.0928,12.7991,12.7991,1.2987,1.2977,0.8480,0.8480,-0.0000
/Users/ole/Kodevik/wave_project/wavedata/20260326-ProbePos4_31_FPV_2-tett6roof-under9Mooring-height100-lowrange/fullpanel-fullwind-amp0100-freq1400-per240-depth580-mstop30-run1.csv,fullpanel-fullwind-amp0100-freq1400-per240-depth580-mstop30-run1.csv,1.4000,0.1000,full,below_90_loose230,3763,3035,7.3416,7.3417,6.0088,6.0088,1.3954,1.4002,0.8184,0.8184,-0.0000
/Users/ole/Kodevik/wave_project/wavedata/20260326-ProbePos4_31_FPV_2-tett6roof-under9Mooring-height100-lowrange/fullpanel-fullwind-amp0100-freq1200-per33-depth580-mstop30-run1.csv,fullpanel-fullwind-amp0100-freq1200-per33-depth580-mstop30-run1.csv,1.2000,0.1000,full,below_90_loose230,3552,3543,7.5244,7.5244,6.4241,6.4243,1.1965,1.1991,0.8538,0.8538,0.0000
/Users/ole/Kodevik/wave_project/wavedata/20260326-ProbePos4_31_FPV_2-tett6roof-under9Mooring-height100-lowrange/fullpanel-fullwind-amp0100-freq0600-per40-depth580-mstop30-run1.csv,fullpanel-fullwind-amp0100-freq0600-per40-depth580-mstop30-run1.csv,0.6000,0.1000,full,below_90_loose230,9568,9574,4.4208,4.4208,3.5164,3.5180,0.6010,0.6000,0.7954,0.7958,0.0004
/Users/ole/Kodevik/wave_project/wavedata/20260326-ProbePos4_31_FPV_2-tett6roof-under9Mooring-height100-lowrange/fullpanel-fullwind-amp0100-freq1300-per240-depth580-mstop30-run1.csv,fullpanel-fullwind-amp0100-freq1300-per240-depth580-mstop30-run1.csv,1.3000,0.1000,full,below_90_loose230,4561,3276,6.3357,6.3698,6.0302,6.0302,1.3104,1.2972,0.9518,0.9467,-0.0051
/Users/ole/Kodevik/wave_project/wavedata/20260326-ProbePos4_31_FPV_2-tett6roof-under9Mooring-height100-lowrange/fullpanel-fullwind-amp0200-freq1400-per240-depth580-mstop30-run1.csv,fullpanel-fullwind-amp0200-freq1400-per240-depth580-mstop30-run1.csv,1.4000,0.2000,full,below_90_loose230,3768,3044,14.7968,14.7977,12.4355,12.4355,1.3928,1.3961,0.8404,0.8404,-0.0001
/Users/ole/Kodevik/wave_project/wavedata/20260326-ProbePos4_31_FPV_2-tett6roof-under9Mooring-height100-lowrange/fullpanel-fullwind-amp0100-freq0800-per40-depth580-mstop30-run1.csv,fullpanel-fullwind-amp0100-freq0800-per40-depth580-mstop30-run1.csv,0.8000,0.1000,full,below_90_loose230,7213,7183,5.6860,5.6861,5.8929,5.8930,0.7973,0.8004,1.0364,1.0364,-0.0000
/Users/ole/Kodevik/wave_project/wavedata/20260326-ProbePos4_31_FPV_2-tett6roof-under9Mooring-height100-lowrange/fullpanel-fullwind-amp0100-freq1300-per40-depth580-mstop330-run1.csv,fullpanel-fullwind-amp0100-freq1300-per40-depth580-mstop330-run1.csv,1.3000,0.1000,full,below_90_loose230,4428,3277,7.1491,7.1492,6.1159,6.1159,1.2983,1.2971,0.8555,0.8555,-0.0000
/Users/ole/Kodevik/wave_project/wavedata/20260326-ProbePos4_31_FPV_2-tett6roof-under9Mooring-height100-lowrange/fullpanel-fullwind-amp0300-freq1600-per240-depth580-mstop30-run1.csv,fullpanel-fullwind-amp0300-freq1600-per240-depth580-mstop30-run1.csv,1.6000,0.3000,full,below_90_loose230,2355,2681,23.5158,23.5159,16.5374,16.5376,1.5926,1.5856,0.7032,0.7033,0.0000
/Users/ole/Kodevik/wave_project/wavedata/20260326-ProbePos4_31_FPV_2-tett6roof-under9Mooring-height100-lowrange/fullpanel-fullwind-amp0200-freq1200-per240-depth580-mstop30-run1.csv,fullpanel-fullwind-amp0200-freq1200-per240-depth580-mstop30-run1.csv,1.2000,0.2000,full,below_90_loose230,42300,42299,15.5633,15.5633,13.0141,13.0142,1.1998,1.1998,0.8362,0.8362,0.0000
/Users/ole/Kodevik/wave_project/wavedata/20260326-ProbePos4_31_FPV_2-tett6roof-under9Mooring-height100-lowrange/fullpanel-nowind-amp0100-freq1300-per240-depth580-mstop30-run1.csv,fullpanel-nowind-amp0100-freq1300-per240-depth580-mstop30-run1.csv,1.3000,0.1000,no,below_90_loose230,4421,3267,7.5029,7.5029,5.3966,5.3968,1.3005,1.3004,0.7193,0.7193,0.0000
/Users/ole/Kodevik/wave_project/wavedata/20260326-ProbePos4_31_FPV_2-tett6roof-under9Mooring-height100-lowrange/fullpanel-fullwind-amp0100-freq1500-per240-depth580-mstop30-run1.csv,fullpanel-fullwind-amp0100-freq1500-per240-depth580-mstop30-run1.csv,1.5000,0.1000,full,below_90_loose230,2992,2836,7.3130,7.3135,5.6734,5.6740,1.5047,1.4995,0.7758,0.7758,0.0000
/Users/ole/Kodevik/wave_project/wavedata/20260326-ProbePos4_31_FPV_2-tett6roof-under9Mooring-height100-lowrange/fullpanel-nowind-amp0100-freq1300-per240-depth580-mstop30-run2.csv,fullpanel-nowind-amp0100-freq1300-per240-depth580-mstop30-run2.csv,1.3000,0.1000,no,below_90_loose230,4421,3266,7.5307,7.5310,5.2432,5.2432,1.3003,1.3011,0.6962,0.6962,-0.0000
/Users/ole/Kodevik/wave_project/wavedata/20260326-ProbePos4_31_FPV_2-tett6roof-under9Mooring-height100-lowrange/fullpanel-fullwind-amp0100-freq0700-per40-depth580-mstop30-run1.csv,fullpanel-fullwind-amp0100-freq0700-per40-depth580-mstop30-run1.csv,0.7000,0.1000,full,below_90_loose230,8257,8222,5.2189,5.2190,5.7350,5.7350,0.6962,0.6994,1.0989,1.0989,-0.0000
/Users/ole/Kodevik/wave_project/wavedata/20260326-ProbePos4_31_FPV_2-tett6roof-under9Mooring-height100-lowrange/fullpanel-fullwind-amp0100-freq1000-per40-depth580-mstop30-run1.csv,fullpanel-fullwind-amp0100-freq1000-per40-depth580-mstop30-run1.csv,1.0000,0.1000,full,below_90_loose230,5732,5753,7.0406,7.0406,6.3813,6.3814,1.0031,0.9994,0.9064,0.9064,0.0000
/Users/ole/Kodevik/wave_project/wavedata/20260326-ProbePos4_31_FPV_2-tett6roof-under9Mooring-height100-lowrange/fullpanel-fullwind-amp0200-freq1700-per240-depth580-mstop30-run1.csv,fullpanel-fullwind-amp0200-freq1700-per240-depth580-mstop30-run1.csv,1.7000,0.2000,full,below_90_loose230,29711,29738,15.7113,15.7116,9.7014,9.7032,1.6997,1.6983,0.6175,0.6176,0.0001
/Users/ole/Kodevik/wave_project/wavedata/20260326-ProbePos4_31_FPV_2-tett6roof-under9Mooring-height100-lowrange/fullpanel-fullwind-amp0300-freq1600-per240-depth580-mstop330-run1.csv,fullpanel-fullwind-amp0300-freq1600-per240-depth580-mstop330-run1.csv,1.6000,0.3000,full,below_90_loose230,2507,2669,24.1291,24.1293,16.8919,16.8919,1.5952,1.5925,0.7001,0.7001,-0.0000
/Users/ole/Kodevik/wave_project/wavedata/20260326-ProbePos4_31_FPV_2-tett6roof-under9Mooring-height100-lowrange/fullpanel-fullwind-amp0100-freq1300-per240-depth580-mstop330-run1.csv,fullpanel-fullwind-amp0100-freq1300-per240-depth580-mstop330-run1.csv,1.3000,0.1000,full,below_90_loose230,4622,3273,7.4087,7.4092,6.1911,6.1911,1.2977,1.2985,0.8357,0.8356,-0.0001
/Users/ole/Kodevik/wave_project/wavedata/20260326-ProbePos4_31_FPV_2-tett6roof-under9Mooring-height100-lowrange/fullpanel-fullwind-amp0300-freq1300-per240-depth580-mstop30-run1.csv,fullpanel-fullwind-amp0300-freq1300-per240-depth580-mstop30-run1.csv,1.3000,0.3000,full,below_90_loose230,4618,3280,21.7543,21.7575,18.7895,18.7895,1.2986,1.2957,0.8637,0.8636,-0.0001
/Users/ole/Kodevik/wave_project/wavedata/20260326-ProbePos4_31_FPV_2-tett6roof-under9Mooring-height100-lowrange/fullpanel-fullwind-amp0100-freq1200-per40-depth580-mstop30-run2.csv,fullpanel-fullwind-amp0100-freq1200-per40-depth580-mstop30-run2.csv,1.2000,0.1000,full,below_90_loose230,4774,4791,7.5336,7.5336,6.0120,6.0121,1.2043,1.1999,0.7980,0.7980,0.0000
/Users/ole/Kodevik/wave_project/wavedata/20260326-ProbePos4_31_FPV_2-tett6roof-under9Mooring-height100-lowrange/fullpanel-fullwind-amp0200-freq0800-per240-depth580-mstop30-run1.csv,fullpanel-fullwind-amp0200-freq0800-per240-depth580-mstop30-run1.csv,0.8000,0.2000,full,below_90_loose230,63408,63437,11.6473,11.6478,12.3260,12.3260,0.8003,0.8000,1.0583,1.0582,-0.0000
/Users/ole/Kodevik/wave_project/wavedata/20260326-ProbePos4_31_FPV_2-tett6roof-under9Mooring-height100-lowrange/fullpanel-fullwind-amp0300-freq1500-per240-depth580-mstop30-run1.csv,fullpanel-fullwind-amp0300-freq1500-per240-depth580-mstop30-run1.csv,1.5000,0.3000,full,below_90_loose230,3013,2685,24.6412,24.6416,17.2465,17.2465,1.4939,1.4898,0.6999,0.6999,-0.0000
/Users/ole/Kodevik/wave_project/wavedata/20260326-ProbePos4_31_FPV_2-tett6roof-under9Mooring-height100-lowrange/fullpanel-fullwind-amp0200-freq1100-per240-depth580-mstop30-run1.csv,fullpanel-fullwind-amp0200-freq1100-per240-depth580-mstop30-run1.csv,1.1000,0.2000,full,below_90_loose230,46122,46149,14.2805,14.2808,13.5648,13.5648,1.1003,1.0997,0.9499,0.9499,-0.0000
/Users/ole/Kodevik/wave_project/wavedata/20260326-ProbePos4_31_FPV_2-tett6roof-under9Mooring-height100-lowrange/fullpanel-fullwind-amp0100-freq1200-per40-depth580-mstop30-run1.csv,fullpanel-fullwind-amp0100-freq1200-per40-depth580-mstop30-run1.csv,1.2000,0.1000,full,below_90_loose230,4779,4795,7.4194,7.4195,6.2818,6.2818,1.2033,1.1993,0.8467,0.8467,-0.0000
/Users/ole/Kodevik/wave_project/wavedata/20260326-ProbePos4_31_FPV_2-tett6roof-under9Mooring-height100-lowrange/fullpanel-fullwind-amp0100-freq1600-per240-depth580-mstop30-run1.csv,fullpanel-fullwind-amp0100-freq1600-per240-depth580-mstop30-run1.csv,1.6000,0.1000,full,below_90_loose230,2497,2505,7.8589,7.8595,5.1021,5.1021,1.6028,1.5969,0.6492,0.6492,-0.0000
/Users/ole/Kodevik/wave_project/wavedata/20260326-ProbePos4_31_FPV_2-tett6roof-under9Mooring-height100-lowrange/fullpanel-fullwind-amp0100-freq1100-per40-depth580-mstop30-run1.csv,fullpanel-fullwind-amp0100-freq1100-per40-depth580-mstop30-run1.csv,1.1000,0.1000,full,below_90_loose230,5226,5228,7.1039,7.1040,6.2400,6.2401,1.1004,1.1000,0.8784,0.8784,-0.0000
/Users/ole/Kodevik/wave_project/wavedata/20260326-ProbePos4_31_FPV_2-tett6roof-under9Mooring-height100-lowrange/fullpanel-fullwind-amp0200-freq1600-per240-depth580-mstop30-run1.csv,fullpanel-fullwind-amp0200-freq1600-per240-depth580-mstop30-run1.csv,1.6000,0.2000,full,below_90_loose230,2515,2677,17.3093,17.3093,11.1703,11.1703,1.5904,1.5876,0.6453,0.6453,-0.0000
/Users/ole/Kodevik/wave_project/wavedata/20260326-ProbePos4_31_FPV_2-tett6roof-under9Mooring-height100-lowrange/fullpanel-fullwind-amp0200-freq0900-per240-depth580-mstop30-run1.csv,fullpanel-fullwind-amp0200-freq0900-per240-depth580-mstop30-run1.csv,0.9000,0.2000,full,below_90_loose230,56421,56399,12.3643,12.3644,12.0222,12.0223,0.8995,0.8998,0.9723,0.9723,-0.0000
/Users/ole/Kodevik/wave_project/wavedata/20260326-ProbePos4_31_FPV_2-tett6roof-under9Mooring-height100-lowrange/fullpanel-fullwind-amp0100-freq1300-per40-depth580-mstop30-run2.csv,fullpanel-fullwind-amp0100-freq1300-per40-depth580-mstop30-run2.csv,1.3000,0.1000,full,below_90_loose230,4425,3279,7.1859,7.1860,6.4629,6.4629,1.2992,1.2962,0.8994,0.8994,-0.0000
/Users/ole/Kodevik/wave_project/wavedata/20260326-ProbePos4_31_FPV_2-tett6roof-under9Mooring-height100-lowrange/fullpanel-fullwind-amp0300-freq1400-per240-depth580-mstop30-run1.csv,fullpanel-fullwind-amp0300-freq1400-per240-depth580-mstop30-run1.csv,1.4000,0.3000,full,below_90_loose230,3759,2872,23.3553,23.3557,18.0277,18.0280,1.3963,1.3931,0.7719,0.7719,-0.0000
/Users/ole/Kodevik/wave_project/wavedata/20260326-ProbePos4_31_FPV_2-tett6roof-under9Mooring-height100-lowrange/fullpanel-fullwind-amp0200-freq1000-per240-depth580-mstop30-run1.csv,fullpanel-fullwind-amp0200-freq1000-per240-depth580-mstop30-run1.csv,1.0000,0.2000,full,below_90_loose230,50767,50754,13.9647,13.9647,13.1748,13.1749,0.9997,0.9999,0.9434,0.9434,0.0000
/Users/ole/Kodevik/wave_project/wavedata/20260327-ProbePos4_31_FPV_2-tett6roof-under9Mooring30-height100-lowrange/fullpanel-fullwind-amp0100-freq1500-per40-depth580-mstop30-run1.csv,fullpanel-fullwind-amp0100-freq1500-per40-depth580-mstop30-run1.csv,1.5000,0.1000,full,below_90_loose300,3079,2832,5.7505,6.0896,5.0648,5.0648,1.4936,1.5008,0.8808,0.8317,-0.0490
/Users/ole/Kodevik/wave_project/wavedata/20260327-ProbePos4_31_FPV_2-tett6roof-under9Mooring30-height100-lowrange/fullpanel-fullwind-amp0300-freq1700-per40-depth580-mstop30-run1.csv,fullpanel-fullwind-amp0300-freq1700-per40-depth580-mstop30-run1.csv,1.7000,0.3000,full,below_90_loose300,3310,3266,15.9491,17.3274,15.4752,15.4772,1.7026,1.6849,0.9703,0.8932,-0.0771
/Users/ole/Kodevik/wave_project/wavedata/20260327-ProbePos4_31_FPV_2-tett6roof-under9Mooring30-height100-lowrange/fullpanel-nowind-amp0200-freq1300-per240-depth580-mstop30-run1.csv,fullpanel-nowind-amp0200-freq1300-per240-depth580-mstop30-run1.csv,1.3000,0.2000,no,below_90_loose300,4617,3267,14.9335,14.9338,11.8594,11.8597,1.2998,1.3012,0.7941,0.7942,0.0000
/Users/ole/Kodevik/wave_project/wavedata/20260327-ProbePos4_31_FPV_2-tett6roof-under9Mooring30-height100-lowrange/fullpanel-fullwind-amp0200-freq1600-per40-depth580-mstop30-run1.csv,fullpanel-fullwind-amp0200-freq1600-per40-depth580-mstop30-run1.csv,1.6000,0.2000,full,below_90_loose300,2506,2664,16.3169,16.3171,10.5645,10.5650,1.5958,1.5960,0.6475,0.6475,0.0000
/Users/ole/Kodevik/wave_project/wavedata/20260327-ProbePos4_31_FPV_2-tett6roof-under9Mooring30-height100-lowrange/fullpanel-nowind-amp0100-freq1400-per240-depth580-mstop30-run1.csv,fullpanel-nowind-amp0100-freq1400-per240-depth580-mstop30-run1.csv,1.4000,0.1000,no,below_90_loose300,3754,3034,7.8233,7.8233,4.0953,4.0953,1.3985,1.4010,0.5235,0.5235,0.0000
/Users/ole/Kodevik/wave_project/wavedata/20260327-ProbePos4_31_FPV_2-tett6roof-under9Mooring30-height100-lowrange/fullpanel-fullwind-amp0200-freq1500-per240-depth580-mstop30-run1.csv,fullpanel-fullwind-amp0200-freq1500-per240-depth580-mstop30-run1.csv,1.5000,0.2000,full,below_90_loose300,3000,2846,17.1955,17.1956,10.9737,10.9737,1.5002,1.4933,0.6382,0.6382,-0.0000
/Users/ole/Kodevik/wave_project/wavedata/20260327-ProbePos4_31_FPV_2-tett6roof-under9Mooring30-height100-lowrange/fullpanel-nowind-amp0200-freq1600-per40-depth580-mstop30-run1.csv,fullpanel-nowind-amp0200-freq1600-per40-depth580-mstop30-run1.csv,1.6000,0.2000,no,below_90_loose300,2501,2653,14.5721,14.5722,7.0467,7.0467,1.5991,1.6023,0.4836,0.4836,0.0000
/Users/ole/Kodevik/wave_project/wavedata/20260327-ProbePos4_31_FPV_2-tett6roof-under9Mooring30-height100-lowrange/fullpanel-nowind-amp0200-freq1700-per240-depth580-mstop30-run1-rettetterpå.csv,fullpanel-nowind-amp0200-freq1700-per240-depth580-mstop30-run1-rettetterpå.csv,1.7000,0.2000,no,below_90_loose300,29703,29710,13.0743,13.0745,5.2224,5.2224,1.7001,1.6998,0.3994,0.3994,-0.0000
/Users/ole/Kodevik/wave_project/wavedata/20260327-ProbePos4_31_FPV_2-tett6roof-under9Mooring30-height100-lowrange/fullpanel-nowind-amp0100-freq1500-per40-depth580-mstop30-run1.csv,fullpanel-nowind-amp0100-freq1500-per40-depth580-mstop30-run1.csv,1.5000,0.1000,no,below_90_loose300,3169,2833,7.6987,7.6987,3.6672,3.6673,1.4988,1.5005,0.4763,0.4764,0.0000
/Users/ole/Kodevik/wave_project/wavedata/20260327-ProbePos4_31_FPV_2-tett6roof-under9Mooring30-height100-lowrange/fullpanel-fullwind-amp0300-freq1500-per40-depth580-mstop30-run2.csv,fullpanel-fullwind-amp0300-freq1500-per40-depth580-mstop30-run2.csv,1.5000,0.3000,full,below_90_loose300,3014,2680,24.5336,24.5349,17.6319,17.6323,1.4924,1.4930,0.7187,0.7187,-0.0000
/Users/ole/Kodevik/wave_project/wavedata/20260327-ProbePos4_31_FPV_2-tett6roof-under9Mooring30-height100-lowrange/fullpanel-fullwind-amp0200-freq1300-per240-depth580-mstop30-run1.csv,fullpanel-fullwind-amp0200-freq1300-per240-depth580-mstop30-run1.csv,1.3000,0.2000,full,below_90_loose300,4624,3277,15.3460,15.3460,12.5143,12.5145,1.2976,1.2966,0.8155,0.8155,0.0000
/Users/ole/Kodevik/wave_project/wavedata/20260327-ProbePos4_31_FPV_2-tett6roof-under9Mooring30-height100-lowrange/fullpanel-nowind-amp0200-freq1400-per40-depth580-mstop30-run1.csv,fullpanel-nowind-amp0200-freq1400-per40-depth580-mstop30-run1.csv,1.4000,0.2000,no,below_90_loose300,3751,3037,15.0663,15.0663,10.5854,10.5855,1.3997,1.3997,0.7026,0.7026,0.0000
/Users/ole/Kodevik/wave_project/wavedata/20260327-ProbePos4_31_FPV_2-tett6roof-under9Mooring30-height100-lowrange/fullpanel-fullwind-amp0200-freq0800-per40-depth580-mstop30-run1.csv,fullpanel-fullwind-amp0200-freq0800-per40-depth580-mstop30-run1.csv,0.8000,0.2000,full,below_90_loose300,7033,7186,7.4619,8.0979,11.7112,11.7112,0.8001,0.8002,1.5695,1.4462,-0.1233
/Users/ole/Kodevik/wave_project/wavedata/20260327-ProbePos4_31_FPV_2-tett6roof-under9Mooring30-height100-lowrange/fullpanel-nowind-amp0300-freq1500-per40-depth580-mstop30-run1.csv,fullpanel-nowind-amp0300-freq1500-per40-depth580-mstop30-run1.csv,1.5000,0.3000,no,below_90_loose300,3009,2836,21.1670,21.1670,13.1992,13.1992,1.4955,1.4986,0.6236,0.6236,-0.0000
/Users/ole/Kodevik/wave_project/wavedata/20260327-ProbePos4_31_FPV_2-tett6roof-under9Mooring30-height100-lowrange/fullpanel-fullwind-amp0200-freq1400-per40-depth580-mstop30-run1.csv,fullpanel-fullwind-amp0200-freq1400-per40-depth580-mstop30-run1.csv,1.4000,0.2000,full,below_90_loose300,3755,3050,16.5503,16.5505,11.6451,11.6453,1.3984,1.3938,0.7036,0.7036,0.0000
/Users/ole/Kodevik/wave_project/wavedata/20260327-ProbePos4_31_FPV_2-tett6roof-under9Mooring30-height100-lowrange/fullpanel-fullwind-amp0100-freq1400-per240-depth580-mstop30-run1.csv,fullpanel-fullwind-amp0100-freq1400-per240-depth580-mstop30-run1.csv,1.4000,0.1000,full,below_90_loose300,3743,3043,7.8125,7.8126,5.3798,5.3798,1.4024,1.3967,0.6886,0.6886,-0.0000
/Users/ole/Kodevik/wave_project/wavedata/20260327-ProbePos4_31_FPV_2-tett6roof-under9Mooring30-height100-lowrange/fullpanel-nowind-amp0200-freq1500-per240-depth580-mstop30-run1.csv,fullpanel-nowind-amp0200-freq1500-per240-depth580-mstop30-run1.csv,1.5000,0.2000,no,below_90_loose300,3001,2835,15.2355,15.2359,9.0360,9.0366,1.4999,1.4999,0.5931,0.5931,0.0000
/Users/ole/Kodevik/wave_project/wavedata/20260327-ProbePos4_31_FPV_2-tett6roof-under9Mooring30-height100-lowrange/fullpanel-fullwind-amp0300-freq1500-per40-depth580-mstop30-run1.csv,fullpanel-fullwind-amp0300-freq1500-per40-depth580-mstop30-run1.csv,1.5000,0.3000,full,below_90_loose300,3002,2674,24.2467,24.2473,17.2854,17.2857,1.4994,1.4963,0.7129,0.7129,-0.0000
/Users/ole/Kodevik/wave_project/wavedata/20260327-ProbePos4_31_FPV_2-tett6roof-under9Mooring30-height100-lowrange/fullpanel-fullwind-amp0100-freq1400-per40-depth580-mstop30-run1.csv,fullpanel-fullwind-amp0100-freq1400-per40-depth580-mstop30-run1.csv,1.4000,0.1000,full,below_90_loose300,3767,3041,7.9055,7.9074,5.7849,5.7849,1.3948,1.3975,0.7318,0.7316,-0.0002
/Users/ole/Kodevik/wave_project/wavedata/20260327-ProbePos4_31_FPV_2-tett6roof-under9Mooring30-height100-lowrange/fullpanel-fullwind-amp0100-freq1300-per40-depth580-mstop330-run2.csv,fullpanel-fullwind-amp0100-freq1300-per40-depth580-mstop330-run2.csv,1.3000,0.1000,full,below_90_loose300,4429,3275,7.4758,7.4760,5.9165,5.9166,1.2980,1.2979,0.7914,0.7914,-0.0000
/Users/ole/Kodevik/wave_project/wavedata/20260327-ProbePos4_31_FPV_2-tett6roof-under9Mooring30-height100-lowrange/fullpanel-nowind-amp0300-freq1600-per40-depth580-mstop30-run3.csv,fullpanel-nowind-amp0300-freq1600-per40-depth580-mstop30-run3.csv,1.6000,0.3000,no,below_90_loose300,2507,2656,21.5725,21.5725,10.8122,10.8122,1.5956,1.5999,0.5012,0.5012,0.0000
/Users/ole/Kodevik/wave_project/wavedata/20260327-ProbePos4_31_FPV_2-tett6roof-under9Mooring30-height100-lowrange/fullpanel-fullwind-amp0100-freq1300-per240-depth580-mstop30-run1.csv,fullpanel-fullwind-amp0100-freq1300-per240-depth580-mstop30-run1.csv,1.3000,0.1000,full,below_90_loose300,4528,3268,5.2757,5.5363,5.6941,5.6941,1.3058,1.3005,1.0793,1.0285,-0.0508
/Users/ole/Kodevik/wave_project/wavedata/20260327-ProbePos4_31_FPV_2-tett6roof-under9Mooring30-height100-lowrange/fullpanel-fullwind-amp0300-freq1600-per40-depth580-mstop30-run1.csv,fullpanel-fullwind-amp0300-freq1600-per40-depth580-mstop30-run1.csv,1.6000,0.3000,full,below_90_loose300,2509,2671,25.4671,25.4672,16.0649,16.0650,1.5945,1.5910,0.6308,0.6308,-0.0000
/Users/ole/Kodevik/wave_project/wavedata/20260327-ProbePos4_31_FPV_2-tett6roof-under9Mooring30-height100-lowrange/fullpanel-nowind-amp0100-freq1500-per240-depth580-mstop30-run1.csv,fullpanel-nowind-amp0100-freq1500-per240-depth580-mstop30-run1.csv,1.5000,0.1000,no,below_90_loose300,3169,2830,8.0115,8.0116,3.5155,3.5155,1.4990,1.5015,0.4388,0.4388,0.0000
/Users/ole/Kodevik/wave_project/wavedata/20260327-ProbePos4_31_FPV_2-tett6roof-under9Mooring30-height100-lowrange/fullpanel-fullwind-amp0200-freq1400-per240-depth580-mstop30-run1.csv,fullpanel-fullwind-amp0200-freq1400-per240-depth580-mstop30-run1.csv,1.4000,0.2000,full,below_90_loose300,3749,3034,15.9211,15.9214,11.5849,11.5850,1.4007,1.4011,0.7276,0.7276,-0.0000
/Users/ole/Kodevik/wave_project/wavedata/20260327-ProbePos4_31_FPV_2-tett6roof-under9Mooring30-height100-lowrange/fullpanel-nowind-amp0100-freq1300-per240-depth580-mstop30-run4.csv,fullpanel-nowind-amp0100-freq1300-per240-depth580-mstop30-run4.csv,1.3000,0.1000,no,below_90_loose300,4418,3270,7.6359,7.6360,4.9029,4.9034,1.3013,1.3004,0.6421,0.6421,0.0000
/Users/ole/Kodevik/wave_project/wavedata/20260327-ProbePos4_31_FPV_2-tett6roof-under9Mooring30-height100-lowrange/fullpanel-nowind-amp0100-freq1400-per40-depth580-mstop30-run1.csv,fullpanel-nowind-amp0100-freq1400-per40-depth580-mstop30-run1.csv,1.4000,0.1000,no,below_90_loose300,3752,3035,7.9640,7.9640,4.5316,4.5316,1.3993,1.4005,0.5690,0.5690,0.0000
/Users/ole/Kodevik/wave_project/wavedata/20260327-ProbePos4_31_FPV_2-tett6roof-under9Mooring30-height100-lowrange/fullpanel-fullwind-amp0300-freq1600-per40-depth580-mstop30-run2.csv,fullpanel-fullwind-amp0300-freq1600-per40-depth580-mstop30-run2.csv,1.6000,0.3000,full,below_90_loose300,2363,2673,24.4895,24.4895,16.5318,16.5318,1.5871,1.5899,0.6751,0.6751,0.0000
/Users/ole/Kodevik/wave_project/wavedata/20260327-ProbePos4_31_FPV_2-tett6roof-under9Mooring30-height100-lowrange/fullpanel-fullwind-amp0300-freq1600-per240-depth580-mstop30-run1.csv,fullpanel-fullwind-amp0300-freq1600-per240-depth580-mstop30-run1.csv,1.6000,0.3000,full,below_90_loose300,2515,2676,24.1381,24.1381,15.8731,15.8732,1.5904,1.5883,0.6576,0.6576,0.0000
/Users/ole/Kodevik/wave_project/wavedata/20260327-ProbePos4_31_FPV_2-tett6roof-under9Mooring30-height100-lowrange/fullpanel-fullwind-amp0300-freq1400-per40-depth580-mstop30-run2.csv,fullpanel-fullwind-amp0300-freq1400-per40-depth580-mstop30-run2.csv,1.4000,0.3000,full,below_90_loose300,3761,2875,24.6317,24.6321,18.1988,18.1990,1.3956,1.3916,0.7388,0.7388,-0.0000
/Users/ole/Kodevik/wave_project/wavedata/20260327-ProbePos4_31_FPV_2-tett6roof-under9Mooring30-height100-lowrange/fullpanel-nowind-amp0100-freq1600-per40-depth580-mstop30-run1.csv,fullpanel-nowind-amp0100-freq1600-per40-depth580-mstop30-run1.csv,1.6000,0.1000,no,below_90_loose300,2500,2653,7.0649,7.0649,2.7202,2.7202,1.5999,1.6020,0.3850,0.3850,-0.0000
/Users/ole/Kodevik/wave_project/wavedata/20260327-ProbePos4_31_FPV_2-tett6roof-under9Mooring30-height100-lowrange/fullpanel-nowind-amp0300-freq1600-per40-depth580-mstop30-run4.csv,fullpanel-nowind-amp0300-freq1600-per40-depth580-mstop30-run4.csv,1.6000,0.3000,no,below_90_loose300,2505,2656,21.4572,21.4573,10.9643,10.9643,1.5970,1.6002,0.5110,0.5110,-0.0000
/Users/ole/Kodevik/wave_project/wavedata/20260327-ProbePos4_31_FPV_2-tett6roof-under9Mooring30-height100-lowrange/fullpanel-fullwind-amp0200-freq0900-per40-depth580-mstop30-run1.csv,fullpanel-fullwind-amp0200-freq0900-per40-depth580-mstop30-run1.csv,0.9000,0.2000,full,below_90_loose300,6375,6391,12.7665,12.7666,12.3997,12.3997,0.9021,0.8997,0.9713,0.9713,-0.0000
/Users/ole/Kodevik/wave_project/wavedata/20260327-ProbePos4_31_FPV_2-tett6roof-under9Mooring30-height100-lowrange/fullpanel-nowind-amp0100-freq1300-per240-depth580-mstop30-run1.csv,fullpanel-nowind-amp0100-freq1300-per240-depth580-mstop30-run1.csv,1.3000,0.1000,no,below_90_loose300,4419,3269,7.4586,7.4586,5.3168,5.3169,1.3011,1.3004,0.7128,0.7129,0.0000
/Users/ole/Kodevik/wave_project/wavedata/20260327-ProbePos4_31_FPV_2-tett6roof-under9Mooring30-height100-lowrange/fullpanel-nowind-amp0200-freq1500-per40-depth580-mstop30-run1.csv,fullpanel-nowind-amp0200-freq1500-per40-depth580-mstop30-run1.csv,1.5000,0.2000,no,below_90_loose300,3002,2833,15.1892,15.1894,8.8405,8.8405,1.4988,1.5004,0.5820,0.5820,-0.0000
/Users/ole/Kodevik/wave_project/wavedata/20260327-ProbePos4_31_FPV_2-tett6roof-under9Mooring30-height100-lowrange/fullpanel-fullwind-amp0100-freq1500-per240-depth580-mstop30-run1.csv,fullpanel-fullwind-amp0100-freq1500-per240-depth580-mstop30-run1.csv,1.5000,0.1000,full,below_90_loose300,2998,2833,9.2002,9.2003,5.6444,5.6445,1.5007,1.5001,0.6135,0.6135,-0.0000
/Users/ole/Kodevik/wave_project/wavedata/20260327-ProbePos4_31_FPV_2-tett6roof-under9Mooring30-height100-lowrange/fullpanel-fullwind-amp0300-freq1400-per40-depth580-mstop30-run1.csv,fullpanel-fullwind-amp0300-freq1400-per40-depth580-mstop30-run1.csv,1.4000,0.3000,full,below_90_loose300,3760,2872,23.4538,23.4539,18.2437,18.2437,1.3964,1.3928,0.7779,0.7779,-0.0000
/Users/ole/Kodevik/wave_project/wavedata/20260327-ProbePos4_31_FPV_2-tett6roof-under9Mooring30-height100-lowrange/fullpanel-nowind-amp0100-freq1300-per240-depth580-mstop330-run3.csv,fullpanel-nowind-amp0100-freq1300-per240-depth580-mstop330-run3.csv,1.3000,0.1000,no,below_90_loose300,4418,3270,7.4677,7.4677,5.3197,5.3197,1.3016,1.2998,0.7124,0.7124,-0.0000
/Users/ole/Kodevik/wave_project/wavedata/20260327-ProbePos4_31_FPV_2-tett6roof-under9Mooring30-height100-lowrange/fullpanel-nowind-amp0200-freq1400-per240-depth580-mstop30-run1.csv,fullpanel-nowind-amp0200-freq1400-per240-depth580-mstop30-run1.csv,1.4000,0.2000,no,below_90_loose300,3755,3035,15.2347,15.2347,10.6851,10.6851,1.3982,1.4003,0.7014,0.7014,-0.0000
/Users/ole/Kodevik/wave_project/wavedata/20260327-ProbePos4_31_FPV_2-tett6roof-under9Mooring30-height100-lowrange/fullpanel-fullwind-amp0200-freq1500-per40-depth580-mstop30-run1.csv,fullpanel-fullwind-amp0200-freq1500-per40-depth580-mstop30-run1.csv,1.5000,0.2000,full,below_90_loose300,3006,2848,17.0797,17.0799,11.3521,11.3521,1.4967,1.4924,0.6647,0.6647,-0.0000
/Users/ole/Kodevik/wave_project/wavedata/20260327-ProbePos4_31_FPV_2-tett6roof-under9Mooring30-height100-lowrange/fullpanel-fullwind-amp0100-freq1600-per40-depth580-mstop30-run1.csv,fullpanel-fullwind-amp0100-freq1600-per40-depth580-mstop30-run1.csv,1.6000,0.1000,full,below_90_loose300,2499,2661,8.8076,8.8077,4.7472,4.7482,1.6010,1.5986,0.5390,0.5391,0.0001
/Users/ole/Kodevik/wave_project/wavedata/20260327-ProbePos4_31_FPV_2-tett6roof-under9Mooring30-height100-lowrange/fullpanel-nowind-amp0100-freq1300-per240-depth580-mstop30-run2.csv,fullpanel-nowind-amp0100-freq1300-per240-depth580-mstop30-run2.csv,1.3000,0.1000,no,below_90_loose300,4420,3268,7.4159,7.4160,5.2497,5.2498,1.3007,1.3006,0.7079,0.7079,-0.0000
/Users/ole/Kodevik/wave_project/wavedata/20260327-ProbePos4_31_FPV_2-tett6roof-under9Mooring30-height100-lowrange/fullpanel-fullwind-amp0200-freq1300-per40-depth580-mstop30-run1.csv,fullpanel-fullwind-amp0200-freq1300-per40-depth580-mstop30-run1.csv,1.3000,0.2000,full,below_90_loose300,4425,3277,15.3711,15.3711,12.2519,12.2519,1.2996,1.2970,0.7971,0.7971,-0.0000
/Users/ole/Kodevik/wave_project/wavedata/20260327-ProbePos4_31_FPV_2-tett6roof-under9Mooring30-height100-lowrange/fullpanel-nowind-amp0300-freq1500-per240-depth580-mstop30-run1.csv,fullpanel-nowind-amp0300-freq1500-per240-depth580-mstop30-run1.csv,1.5000,0.3000,no,below_90_loose300,3005,2837,21.3168,21.3168,13.1516,13.1516,1.4974,1.4982,0.6170,0.6170,-0.0000
/Users/ole/Kodevik/wave_project/wavedata/20260327-ProbePos4_31_FPV_2-tett6roof-under9Mooring30-height100-lowrange/fullpanel-nowind-amp0100-freq1300-per40-depth580-mstop30-run2-rettetterpå.csv,fullpanel-nowind-amp0100-freq1300-per40-depth580-mstop30-run2-rettetterpå.csv,1.3000,0.1000,no,below_90_loose300,4418,3272,7.4282,7.4282,5.2789,5.2793,1.3014,1.2995,0.7107,0.7107,0.0000
/Users/ole/Kodevik/wave_project/wavedata/20260327-ProbePos4_31_FPV_2-tett6roof-under9Mooring30-height100-lowrange/fullpanel-fullwind-amp0100-freq1300-per240-depth580-mstop330-run1.csv,fullpanel-fullwind-amp0100-freq1300-per240-depth580-mstop330-run1.csv,1.3000,0.1000,full,below_90_loose300,4517,3271,4.5016,5.0809,5.8051,5.8052,1.3050,1.2991,1.2896,1.1426,-0.1470
/Users/ole/Kodevik/wave_project/wavedata/20260327-ProbePos4_31_FPV_2-tett6roof-under9Mooring30-height100-lowrange/fullpanel-nowind-amp0100-freq1600-per240-depth580-mstop30-run1.csv,fullpanel-nowind-amp0100-freq1600-per240-depth580-mstop30-run1.csv,1.6000,0.1000,no,below_90_loose300,2499,2652,6.9908,6.9908,2.6879,2.6882,1.6005,1.6015,0.3845,0.3845,0.0000
/Users/ole/Kodevik/wave_project/wavedata/20260327-ProbePos4_31_FPV_2-tett6roof-under9Mooring30-height100-lowrange/fullpanel-nowind-amp0200-freq1300-per40-depth580-mstop30-run1.csv,fullpanel-nowind-amp0200-freq1300-per40-depth580-mstop30-run1.csv,1.3000,0.2000,no,below_90_loose300,4422,3270,14.9002,14.9002,11.8497,11.8501,1.3004,1.3002,0.7953,0.7953,0.0000
/Users/ole/Kodevik/wave_project/wavedata/20260327-ProbePos4_31_FPV_2-tett6roof-under9Mooring30-height100-lowrange/fullpanel-fullwind-amp0300-freq1300-per240-depth580-mstop30-run1.csv,fullpanel-fullwind-amp0300-freq1300-per240-depth580-mstop30-run1.csv,1.3000,0.3000,full,below_90_loose300,4442,3278,21.9134,21.9135,18.6016,18.6019,1.2945,1.2968,0.8489,0.8489,0.0000
/Users/ole/Kodevik/wave_project/wavedata/20260327-ProbePos4_31_FPV_2-tett6roof-under9Mooring30-height100-lowrange/fullpanel-fullwind-amp0300-freq1500-per240-depth580-mstop30-run1.csv,fullpanel-fullwind-amp0300-freq1500-per240-depth580-mstop30-run1.csv,1.5000,0.3000,full,below_90_loose300,3015,2682,23.3806,23.3810,16.7814,16.7823,1.4929,1.4921,0.7178,0.7178,0.0000
/Users/ole/Kodevik/wave_project/wavedata/20260327-ProbePos4_31_FPV_2-tett6roof-under9Mooring30-height100-lowrange/fullpanel-fullwind-amp0100-freq1600-per240-depth580-mstop30-run1.csv,fullpanel-fullwind-amp0100-freq1600-per240-depth580-mstop30-run1.csv,1.6000,0.1000,full,below_90_loose300,2508,2509,9.3095,9.3095,5.1049,5.1050,1.5950,1.5946,0.5484,0.5484,0.0000
/Users/ole/Kodevik/wave_project/wavedata/20260327-ProbePos4_31_FPV_2-tett6roof-under9Mooring30-height100-lowrange/fullpanel-nowind-amp0300-freq1300-per240-depth580-mstop30-run1.csv,fullpanel-nowind-amp0300-freq1300-per240-depth580-mstop30-run1.csv,1.3000,0.3000,no,below_90_loose300,4618,3271,21.4053,21.4053,17.8155,17.8158,1.2992,1.2996,0.8323,0.8323,0.0000
/Users/ole/Kodevik/wave_project/wavedata/20260327-ProbePos4_31_FPV_2-tett6roof-under9Mooring30-height100-lowrange/fullpanel-fullwind-amp0200-freq1100-per40-depth580-mstop30-run1.csv,fullpanel-fullwind-amp0200-freq1100-per40-depth580-mstop30-run1.csv,1.1000,0.2000,full,below_90_loose300,5227,5234,14.1448,14.1450,13.2523,13.2524,1.1002,1.0987,0.9369,0.9369,-0.0000
/Users/ole/Kodevik/wave_project/wavedata/20260327-ProbePos4_31_FPV_2-tett6roof-under9Mooring30-height100-lowrange/fullpanel-fullwind-amp0300-freq1300-per40-depth580-mstop30-run1.csv,fullpanel-fullwind-amp0300-freq1300-per40-depth580-mstop30-run1.csv,1.3000,0.3000,full,below_90_loose300,4438,3275,22.0253,22.0258,18.5808,18.5809,1.2959,1.2978,0.8436,0.8436,-0.0000
/Users/ole/Kodevik/wave_project/wavedata/20260327-ProbePos4_31_FPV_2-tett6roof-under9Mooring30-height100-lowrange/fullpanel-nowind-amp0300-freq1400-per240-depth580-mstop30-run1.csv,fullpanel-nowind-amp0300-freq1400-per240-depth580-mstop30-run1.csv,1.4000,0.3000,no,below_90_loose300,3752,3037,22.0929,22.0929,15.3816,15.3816,1.3994,1.3995,0.6962,0.6962,-0.0000
/Users/ole/Kodevik/wave_project/wavedata/20260327-ProbePos4_31_FPV_2-tett6roof-under9Mooring30-height100-lowrange/fullpanel-fullwind-amp0200-freq1200-per40-depth580-mstop30-run1.csv,fullpanel-fullwind-amp0200-freq1200-per40-depth580-mstop30-run1.csv,1.2000,0.2000,full,below_90_loose300,4804,4797,15.2816,15.2817,13.1687,13.1687,1.1969,1.1986,0.8617,0.8617,0.0000
/Users/ole/Kodevik/wave_project/wavedata/20260327-ProbePos4_31_FPV_2-tett6roof-under9Mooring30-height100-lowrange/fullpanel-fullwind-amp0300-freq1300-per40-depth580-mstop30-run2.csv,fullpanel-fullwind-amp0300-freq1300-per40-depth580-mstop30-run2.csv,1.3000,0.3000,full,below_90_loose300,4428,3283,22.6649,22.6654,18.3145,18.3145,1.2988,1.2945,0.8081,0.8080,-0.0000
/Users/ole/Kodevik/wave_project/wavedata/20260327-ProbePos4_31_FPV_2-tett6roof-under9Mooring30-height100-lowrange/fullpanel-fullwind-amp0200-freq1600-per240-depth580-mstop30-run1.csv,fullpanel-fullwind-amp0200-freq1600-per240-depth580-mstop30-run1.csv,1.6000,0.2000,full,below_90_loose300,2506,2671,17.6277,17.6278,10.1324,10.1324,1.5959,1.5913,0.5748,0.5748,-0.0000
/Users/ole/Kodevik/wave_project/wavedata/20260327-ProbePos4_31_FPV_2-tett6roof-under9Mooring30-height100-lowrange/fullpanel-nowind-amp0300-freq1300-per40-depth580-mstop30-run1.csv,fullpanel-nowind-amp0300-freq1300-per40-depth580-mstop30-run1.csv,1.3000,0.3000,no,below_90_loose300,4423,3272,21.5206,21.5207,17.5914,17.5916,1.3001,1.2992,0.8174,0.8174,0.0000
/Users/ole/Kodevik/wave_project/wavedata/20260327-ProbePos4_31_FPV_2-tett6roof-under9Mooring30-height100-lowrange/fullpanel-fullwind-amp0100-freq1300-per40-depth580-mstop30-run2.csv,fullpanel-fullwind-amp0100-freq1300-per40-depth580-mstop30-run2.csv,1.3000,0.1000,full,below_90_loose300,4517,3272,4.5757,4.8851,5.6901,5.6901,1.2985,1.2989,1.2435,1.1648,-0.0787
/Users/ole/Kodevik/wave_project/wavedata/20260327-ProbePos4_31_FPV_2-tett6roof-under9Mooring30-height100-lowrange/fullpanel-fullwind-amp0300-freq1400-per240-depth580-mstop30-run1.csv,fullpanel-fullwind-amp0300-freq1400-per240-depth580-mstop30-run1.csv,1.4000,0.3000,full,below_90_loose300,3763,2866,22.7245,22.7250,17.3043,17.3044,1.3955,1.3959,0.7615,0.7615,-0.0000
/Users/ole/Kodevik/wave_project/wavedata/20260327-ProbePos4_31_FPV_2-tett6roof-under9Mooring30-height100-lowrange/fullpanel-fullwind-amp0100-freq1300-per40-depth580-mstop30-run3.csv,fullpanel-fullwind-amp0100-freq1300-per40-depth580-mstop30-run3.csv,1.3000,0.1000,full,below_90_loose300,4425,3275,7.3626,7.3638,5.7143,5.7143,1.2987,1.2978,0.7761,0.7760,-0.0001
/Users/ole/Kodevik/wave_project/wavedata/20260327-ProbePos4_31_FPV_2-tett6roof-under9Mooring30-height100-lowrange/fullpanel-nowind-amp0100-freq1300-per40-depth580-mstop30-run1.csv,fullpanel-nowind-amp0100-freq1300-per40-depth580-mstop30-run1.csv,1.3000,0.1000,no,below_90_loose300,4419,3269,7.5779,7.5779,5.3186,5.3186,1.3011,1.3000,0.7019,0.7019,-0.0000
/Users/ole/Kodevik/wave_project/wavedata/20260327-ProbePos4_31_FPV_2-tett6roof-under9Mooring30-height100-lowrange/fullpanel-nowind-amp0100-freq1300-per40-depth580-mstop30-run3.csv,fullpanel-nowind-amp0100-freq1300-per40-depth580-mstop30-run3.csv,1.3000,0.1000,no,below_90_loose300,4419,3270,7.3914,7.3914,5.3457,5.3458,1.3011,1.3000,0.7232,0.7232,0.0000
/Users/ole/Kodevik/wave_project/wavedata/20260327-ProbePos4_31_FPV_2-tett6roof-under9Mooring30-height100-lowrange/fullpanel-nowind-amp0200-freq1600-per240-depth580-mstop30-run1.csv,fullpanel-nowind-amp0200-freq1600-per240-depth580-mstop30-run1.csv,1.6000,0.2000,no,below_90_loose300,2500,2655,14.9614,14.9615,7.0607,7.0608,1.6002,1.6010,0.4719,0.4719,0.0000
/Users/ole/Kodevik/wave_project/wavedata/20260327-ProbePos4_31_FPV_2-tett6roof-under9Mooring30-height100-lowrange/fullpanel-fullwind-amp0100-freq1700-per240-depth580-mstop30-run1.csv,fullpanel-fullwind-amp0100-freq1700-per240-depth580-mstop30-run1.csv,1.7000,0.1000,full,below_90_loose300,29707,29716,9.2285,9.2288,4.3172,4.3172,1.7000,1.6995,0.4678,0.4678,-0.0000
/Users/ole/Kodevik/wave_project/wavedata/20260327-ProbePos4_31_FPV_2-tett6roof-under9Mooring30-height100-lowrange/fullpanel-fullwind-amp0100-freq1300-per40-depth580-mstop30-run1.csv,fullpanel-fullwind-amp0100-freq1300-per40-depth580-mstop30-run1.csv,1.3000,0.1000,full,below_90_loose300,4429,3270,7.7276,7.7282,5.5506,5.5508,1.2977,1.3002,0.7183,0.7182,-0.0000
/Users/ole/Kodevik/wave_project/wavedata/20260327-ProbePos4_31_FPV_2-tett6roof-under9Mooring30-height100-lowrange/fullpanel-fullwind-amp0200-freq1000-per40-depth580-mstop30-run1.csv,fullpanel-fullwind-amp0200-freq1000-per40-depth580-mstop30-run1.csv,1.0000,0.2000,full,below_90_loose300,5754,5750,14.1257,14.1258,13.4640,13.4642,0.9995,0.9998,0.9532,0.9532,0.0000
